;;;;;;;;;Participante doador;;Participante tomador;
Código IF;Quantidade;Taxa % remuneração;Número do negócio;Mercado;Data de referência;Hora;Ação de atualização;Tipo sessão do pregão;Código;Nome doador;Código;Nome tomador
EMBJ3;30;0,01%;109.038.810;Eletrônico D+1;23/07/2026;15:12:20;Novo (0);Regular (1);85;BTG PACTUAL CTVM S/A;23;NECTON INVESTIMENTOS - BTG PACTUAL CTVM S.A
MRVE3;10.000;0,11%;109.038.809;Eletrônico D+1;23/07/2026;15:12:20;Novo (0);Regular (1);85;BTG PACTUAL CTVM S/A;23;NECTON INVESTIMENTOS - BTG PACTUAL CTVM S.A
CASH3;10.000;4,44%;109.038.808;Eletrônico D+1;23/07/2026;15:12:19;Novo (0);Regular (1);85;BTG PACTUAL CTVM S/A;23;NECTON INVESTIMENTOS - BTG PACTUAL CTVM S.A
MATB11;300;8,00%;109.038.714;Balcão;23/07/2026;15:11:34;Novo (0);Regular (1);85;BTG PACTUAL CTVM S/A;8;UBS BRASIL CCTVM S/A
MATB11;2.348;8,00%;109.038.710;Balcão;23/07/2026;15:11:34;Novo (0);Regular (1);85;BTG PACTUAL CTVM S/A;8;UBS BRASIL CCTVM S/A
MATB11;6.000;8,00%;109.038.713;Balcão;23/07/2026;15:11:34;Novo (0);Regular (1);85;BTG PACTUAL CTVM S/A;8;UBS BRASIL CCTVM S/A
MATB11;78;8,00%;109.038.696;Balcão;23/07/2026;15:11:34;Novo (0);Regular (1);85;BTG PACTUAL CTVM S/A;8;UBS BRASIL CCTVM S/A
MATB11;650;8,00%;109.038.715;Balcão;23/07/2026;15:11:33;Novo (0);Regular (1);85;BTG PACTUAL CTVM S/A;8;UBS BRASIL CCTVM S/A
MATB11;3.933;8,00%;109.038.703;Balcão;23/07/2026;15:11:33;Novo (0);Regular (1);262;MIRAE ASSET WEALTH MANAGEMENT (BRASIL) CCTVM LTDA.;8;UBS BRASIL CCTVM S/A
VIVT3;2.981;0,10%;109.038.641;Balcão;23/07/2026;15:11:00;Novo (0);Regular (1);3;XP INVESTIMENTOS CCTVM S/A;93;NOVA FUTURA CTVM LTDA
VIVT3;208;0,10%;109.038.638;Balcão;23/07/2026;15:11:00;Novo (0);Regular (1);3;XP INVESTIMENTOS CCTVM S/A;93;NOVA FUTURA CTVM LTDA
VIVT3;3.479;0,10%;109.038.639;Balcão;23/07/2026;15:11:00;Novo (0);Regular (1);3;XP INVESTIMENTOS CCTVM S/A;93;NOVA FUTURA CTVM LTDA
VIVT3;1.450;0,10%;109.038.645;Balcão;23/07/2026;15:11:00;Novo (0);Regular (1);3;XP INVESTIMENTOS CCTVM S/A;93;NOVA FUTURA CTVM LTDA
BBSE3;40;0,88%;109.038.439;Balcão;23/07/2026;15:11:00;Novo (0);Regular (1);3;XP INVESTIMENTOS CCTVM S/A;93;NOVA FUTURA CTVM LTDA
BBSE3;440;0,88%;109.038.441;Balcão;23/07/2026;15:11:00;Novo (0);Regular (1);3;XP INVESTIMENTOS CCTVM S/A;93;NOVA FUTURA CTVM LTDA
ALPA4;4;0,14%;109.038.430;Balcão;23/07/2026;15:11:00;Novo (0);Regular (1);3;XP INVESTIMENTOS CCTVM S/A;93;NOVA FUTURA CTVM LTDA
ALPA4;93;0,14%;109.038.431;Balcão;23/07/2026;15:11:00;Novo (0);Regular (1);3;XP INVESTIMENTOS CCTVM S/A;93;NOVA FUTURA CTVM LTDA
VIVT3;1.842;0,10%;109.038.640;Balcão;23/07/2026;15:10:59;Novo (0);Regular (1);3;XP INVESTIMENTOS CCTVM S/A;93;NOVA FUTURA CTVM LTDA
VIVT3;9;0,10%;109.038.646;Balcão;23/07/2026;15:10:59;Novo (0);Regular (1);3;XP INVESTIMENTOS CCTVM S/A;93;NOVA FUTURA CTVM LTDA
VIVT3;1.290;0,10%;109.038.621;Balcão;23/07/2026;15:10:59;Novo (0);Regular (1);3;XP INVESTIMENTOS CCTVM S/A;93;NOVA FUTURA CTVM LTDA
BBSE3;174;0,88%;109.038.450;Balcão;23/07/2026;15:10:59;Novo (0);Regular (1);3;XP INVESTIMENTOS CCTVM S/A;93;NOVA FUTURA CTVM LTDA
AZZA3;10.000;28,00%;109.038.807;Eletrônico D+1;23/07/2026;15:10:40;Novo (0);Regular (1);85;BTG PACTUAL CTVM S/A;23;NECTON INVESTIMENTOS - BTG PACTUAL CTVM S.A
DIRR3;8.250;0,08%;109.036.733;Balcão;23/07/2026;15:09:40;Novo (0);Regular (1);39;AGORA CTVM S/A;39;AGORA CTVM S/A
TEND3;3.785;0,14%;109.036.738;Balcão;23/07/2026;15:09:40;Novo (0);Regular (1);39;AGORA CTVM S/A;39;AGORA CTVM S/A
ALPA4;6.000;0,14%;109.038.728;Balcão;23/07/2026;15:09:09;Novo (0);Regular (1);85;BTG PACTUAL CTVM S/A;23;NECTON INVESTIMENTOS - BTG PACTUAL CTVM S.A
ALPA4;8.400;0,14%;109.038.726;Balcão;23/07/2026;15:09:08;Novo (0);Regular (1);85;BTG PACTUAL CTVM S/A;23;NECTON INVESTIMENTOS - BTG PACTUAL CTVM S.A
ALPA4;7.502;0,14%;109.038.724;Balcão;23/07/2026;15:09:08;Novo (0);Regular (1);85;BTG PACTUAL CTVM S/A;23;NECTON INVESTIMENTOS - BTG PACTUAL CTVM S.A
ALPA4;5.000;0,14%;109.038.723;Balcão;23/07/2026;15:09:07;Novo (0);Regular (1);85;BTG PACTUAL CTVM S/A;23;NECTON INVESTIMENTOS - BTG PACTUAL CTVM S.A
ALPA4;1.621;0,14%;109.038.722;Balcão;23/07/2026;15:09:07;Novo (0);Regular (1);85;BTG PACTUAL CTVM S/A;23;NECTON INVESTIMENTOS - BTG PACTUAL CTVM S.A
ALPA4;6.029;0,14%;109.038.727;Balcão;23/07/2026;15:09:07;Novo (0);Regular (1);85;BTG PACTUAL CTVM S/A;23;NECTON INVESTIMENTOS - BTG PACTUAL CTVM S.A
ALPA4;6.800;0,14%;109.038.725;Balcão;23/07/2026;15:09:07;Novo (0);Regular (1);85;BTG PACTUAL CTVM S/A;23;NECTON INVESTIMENTOS - BTG PACTUAL CTVM S.A
GGBR4;7.400;0,02%;109.038.717;Balcão;23/07/2026;15:08:10;Novo (0);Regular (1);2659;BANCO DO BRASIL S/A;8;UBS BRASIL CCTVM S/A
BBDC4;51.301;0,02%;109.038.719;Balcão;23/07/2026;15:08:10;Novo (0);Regular (1);2659;BANCO DO BRASIL S/A;8;UBS BRASIL CCTVM S/A
CMIN3;64.980;42,73%;109.038.693;Balcão;23/07/2026;15:08:10;Novo (0);Regular (1);2659;BANCO DO BRASIL S/A;8;UBS BRASIL CCTVM S/A
AXIA3;3.345;0,02%;109.038.699;Balcão;23/07/2026;15:08:10;Novo (0);Regular (1);2659;BANCO DO BRASIL S/A;8;UBS BRASIL CCTVM S/A
PETR3;41.791;0,02%;109.038.702;Balcão;23/07/2026;15:08:10;Novo (0);Regular (1);2659;BANCO DO BRASIL S/A;8;UBS BRASIL CCTVM S/A
PETR3;909;0,02%;109.038.694;Balcão;23/07/2026;15:08:10;Novo (0);Regular (1);2659;BANCO DO BRASIL S/A;8;UBS BRASIL CCTVM S/A
BBDC4;37.600;0,02%;109.038.683;Balcão;23/07/2026;15:08:10;Novo (0);Regular (1);2659;BANCO DO BRASIL S/A;8;UBS BRASIL CCTVM S/A
BBDC4;620;0,02%;109.038.697;Balcão;23/07/2026;15:08:09;Novo (0);Regular (1);2659;BANCO DO BRASIL S/A;8;UBS BRASIL CCTVM S/A
BBDC4;222.279;0,02%;109.038.680;Balcão;23/07/2026;15:08:09;Novo (0);Regular (1);2659;BANCO DO BRASIL S/A;8;UBS BRASIL CCTVM S/A
OPCT3;17;0,67%;109.038.688;Balcão;23/07/2026;15:08:09;Novo (0);Regular (1);2659;BANCO DO BRASIL S/A;8;UBS BRASIL CCTVM S/A
AXIA3;7.439;0,02%;109.038.681;Balcão;23/07/2026;15:08:09;Novo (0);Regular (1);2659;BANCO DO BRASIL S/A;8;UBS BRASIL CCTVM S/A
GGBR4;3.000;0,02%;109.038.698;Balcão;23/07/2026;15:08:09;Novo (0);Regular (1);2659;BANCO DO BRASIL S/A;8;UBS BRASIL CCTVM S/A
GGBR4;414;0,02%;109.038.690;Balcão;23/07/2026;15:08:09;Novo (0);Regular (1);2659;BANCO DO BRASIL S/A;8;UBS BRASIL CCTVM S/A
GGBR4;286;0,02%;109.038.707;Balcão;23/07/2026;15:08:09;Novo (0);Regular (1);2659;BANCO DO BRASIL S/A;8;UBS BRASIL CCTVM S/A
AURA33;1.626;0,13%;109.038.689;Balcão;23/07/2026;15:08:09;Novo (0);Regular (1);2659;BANCO DO BRASIL S/A;8;UBS BRASIL CCTVM S/A
JBSS32;2.869;0,16%;109.038.706;Balcão;23/07/2026;15:08:09;Novo (0);Regular (1);2659;BANCO DO BRASIL S/A;8;UBS BRASIL CCTVM S/A
AXIA3;62.799;0,02%;109.038.704;Balcão;23/07/2026;15:08:08;Novo (0);Regular (1);2659;BANCO DO BRASIL S/A;8;UBS BRASIL CCTVM S/A
BBDC4;3.915;0,02%;109.038.721;Balcão;23/07/2026;15:08:08;Novo (0);Regular (1);2659;BANCO DO BRASIL S/A;8;UBS BRASIL CCTVM S/A
ALOS3;600;0,06%;109.038.701;Balcão;23/07/2026;15:08:08;Novo (0);Regular (1);2659;BANCO DO BRASIL S/A;8;UBS BRASIL CCTVM S/A
KLBN11;342;0,66%;109.038.691;Balcão;23/07/2026;15:08:08;Novo (0);Regular (1);2659;BANCO DO BRASIL S/A;8;UBS BRASIL CCTVM S/A
PETR3;129.255;0,02%;109.038.700;Balcão;23/07/2026;15:08:08;Novo (0);Regular (1);2659;BANCO DO BRASIL S/A;8;UBS BRASIL CCTVM S/A
BBDC4;3.193;0,02%;109.038.720;Balcão;23/07/2026;15:08:08;Novo (0);Regular (1);2659;BANCO DO BRASIL S/A;8;UBS BRASIL CCTVM S/A
KLBN11;535;0,66%;109.038.711;Balcão;23/07/2026;15:08:08;Novo (0);Regular (1);2659;BANCO DO BRASIL S/A;8;UBS BRASIL CCTVM S/A
CSAN3;63.872;3,11%;109.038.712;Balcão;23/07/2026;15:08:08;Novo (0);Regular (1);2659;BANCO DO BRASIL S/A;8;UBS BRASIL CCTVM S/A
CXSE3;129;0,09%;109.038.716;Balcão;23/07/2026;15:08:08;Novo (0);Regular (1);2659;BANCO DO BRASIL S/A;8;UBS BRASIL CCTVM S/A
PETR3;19.779;0,02%;109.038.718;Balcão;23/07/2026;15:08:08;Novo (0);Regular (1);2659;BANCO DO BRASIL S/A;8;UBS BRASIL CCTVM S/A
CXSE3;3.720;0,09%;109.038.695;Balcão;23/07/2026;15:08:08;Novo (0);Regular (1);2659;BANCO DO BRASIL S/A;8;UBS BRASIL CCTVM S/A
CXSE3;947;0,09%;109.038.692;Balcão;23/07/2026;15:08:07;Novo (0);Regular (1);2659;BANCO DO BRASIL S/A;8;UBS BRASIL CCTVM S/A
PETR3;350.107;0,02%;109.038.708;Balcão;23/07/2026;15:08:07;Novo (0);Regular (1);2659;BANCO DO BRASIL S/A;8;UBS BRASIL CCTVM S/A
RADL3;928;0,10%;109.038.709;Balcão;23/07/2026;15:08:07;Novo (0);Regular (1);2659;BANCO DO BRASIL S/A;8;UBS BRASIL CCTVM S/A
BBDC4;13.701;0,02%;109.038.705;Balcão;23/07/2026;15:08:07;Novo (0);Regular (1);2659;BANCO DO BRASIL S/A;8;UBS BRASIL CCTVM S/A
CYRE3;1.583;0,08%;109.038.684;Balcão;23/07/2026;15:08:07;Novo (0);Regular (1);2659;BANCO DO BRASIL S/A;8;UBS BRASIL CCTVM S/A
ALOS3;331.944;0,06%;109.038.685;Balcão;23/07/2026;15:08:07;Novo (0);Regular (1);2659;BANCO DO BRASIL S/A;8;UBS BRASIL CCTVM S/A
CXSE3;7.417;0,09%;109.038.686;Balcão;23/07/2026;15:08:07;Novo (0);Regular (1);2659;BANCO DO BRASIL S/A;8;UBS BRASIL CCTVM S/A
AMZO34;1.270;0,14%;109.038.687;Balcão;23/07/2026;15:08:07;Novo (0);Regular (1);2659;BANCO DO BRASIL S/A;8;UBS BRASIL CCTVM S/A
CYRE3;641;0,08%;109.038.682;Balcão;23/07/2026;15:08:07;Novo (0);Regular (1);2659;BANCO DO BRASIL S/A;8;UBS BRASIL CCTVM S/A
QQQI11;2.500;5,00%;109.038.647;Balcão;23/07/2026;15:07:59;Novo (0);Regular (1);3;XP INVESTIMENTOS CCTVM S/A;8;UBS BRASIL CCTVM S/A
EGIE3;160.000;7,59%;109.038.385;Balcão;23/07/2026;15:07:57;Novo (0);Regular (1);2659;BANCO DO BRASIL S/A;92;RENASCENCA DTVM LTDA
EGIE3;140.000;7,59%;109.038.386;Balcão;23/07/2026;15:07:56;Novo (0);Regular (1);2659;BANCO DO BRASIL S/A;92;RENASCENCA DTVM LTDA
EGIE3;100.000;7,59%;109.038.387;Balcão;23/07/2026;15:07:56;Novo (0);Regular (1);2659;BANCO DO BRASIL S/A;92;RENASCENCA DTVM LTDA
NDIV11;1.440;2,00%;109.038.643;Balcão;23/07/2026;15:07:56;Novo (0);Regular (1);3;XP INVESTIMENTOS CCTVM S/A;8;UBS BRASIL CCTVM S/A
TECK11;1.750;0,30%;109.038.637;Balcão;23/07/2026;15:07:56;Novo (0);Regular (1);3;XP INVESTIMENTOS CCTVM S/A;8;UBS BRASIL CCTVM S/A
SPYI11;401;11,00%;109.038.632;Balcão;23/07/2026;15:07:55;Novo (0);Regular (1);3;XP INVESTIMENTOS CCTVM S/A;8;UBS BRASIL CCTVM S/A
TECK11;1.200;0,30%;109.038.613;Balcão;23/07/2026;15:07:55;Novo (0);Regular (1);3;XP INVESTIMENTOS CCTVM S/A;8;UBS BRASIL CCTVM S/A
NDIV11;2.468;2,00%;109.038.617;Balcão;23/07/2026;15:07:55;Novo (0);Regular (1);3;XP INVESTIMENTOS CCTVM S/A;8;UBS BRASIL CCTVM S/A
NDIV11;1.200;2,00%;109.038.590;Balcão;23/07/2026;15:07:55;Novo (0);Regular (1);3;XP INVESTIMENTOS CCTVM S/A;8;UBS BRASIL CCTVM S/A
TECK11;1.900;0,30%;109.038.624;Balcão;23/07/2026;15:07:55;Novo (0);Regular (1);3;XP INVESTIMENTOS CCTVM S/A;8;UBS BRASIL CCTVM S/A
TECK11;9.425;0,30%;109.038.636;Balcão;23/07/2026;15:07:55;Novo (0);Regular (1);3;XP INVESTIMENTOS CCTVM S/A;8;UBS BRASIL CCTVM S/A
RBRP11;1;3,27%;109.038.625;Balcão;23/07/2026;15:07:55;Novo (0);Regular (1);3;XP INVESTIMENTOS CCTVM S/A;8;UBS BRASIL CCTVM S/A
GOLD11;3.274;0,05%;109.038.537;Balcão;23/07/2026;15:07:55;Novo (0);Regular (1);3;XP INVESTIMENTOS CCTVM S/A;8;UBS BRASIL CCTVM S/A
TVRI11;1;4,00%;109.038.635;Balcão;23/07/2026;15:07:55;Novo (0);Regular (1);3;XP INVESTIMENTOS CCTVM S/A;8;UBS BRASIL CCTVM S/A
NDIV11;1.625;2,00%;109.038.629;Balcão;23/07/2026;15:07:55;Novo (0);Regular (1);3;XP INVESTIMENTOS CCTVM S/A;8;UBS BRASIL CCTVM S/A
NDIV11;2.200;2,00%;109.038.626;Balcão;23/07/2026;15:07:55;Novo (0);Regular (1);3;XP INVESTIMENTOS CCTVM S/A;8;UBS BRASIL CCTVM S/A
BRAX11;2.640;2,00%;109.038.463;Balcão;23/07/2026;15:07:55;Novo (0);Regular (1);3;XP INVESTIMENTOS CCTVM S/A;8;UBS BRASIL CCTVM S/A
GDIV11;121;4,25%;109.038.494;Balcão;23/07/2026;15:07:55;Novo (0);Regular (1);3;XP INVESTIMENTOS CCTVM S/A;8;UBS BRASIL CCTVM S/A
NDIV11;2.000;2,00%;109.038.612;Balcão;23/07/2026;15:07:54;Novo (0);Regular (1);3;XP INVESTIMENTOS CCTVM S/A;8;UBS BRASIL CCTVM S/A
TECK11;3.000;0,30%;109.038.623;Balcão;23/07/2026;15:07:54;Novo (0);Regular (1);3;XP INVESTIMENTOS CCTVM S/A;8;UBS BRASIL CCTVM S/A
NDIV11;2.250;2,00%;109.038.630;Balcão;23/07/2026;15:07:54;Novo (0);Regular (1);3;XP INVESTIMENTOS CCTVM S/A;8;UBS BRASIL CCTVM S/A
SNEL11;5;0,64%;109.038.634;Balcão;23/07/2026;15:07:54;Novo (0);Regular (1);3;XP INVESTIMENTOS CCTVM S/A;8;UBS BRASIL CCTVM S/A
TECK11;1.200;0,30%;109.038.622;Balcão;23/07/2026;15:07:54;Novo (0);Regular (1);3;XP INVESTIMENTOS CCTVM S/A;8;UBS BRASIL CCTVM S/A
TECK11;2.300;0,30%;109.038.633;Balcão;23/07/2026;15:07:54;Novo (0);Regular (1);3;XP INVESTIMENTOS CCTVM S/A;8;UBS BRASIL CCTVM S/A
QQQI11;268;5,00%;109.038.642;Balcão;23/07/2026;15:07:54;Novo (0);Regular (1);3;XP INVESTIMENTOS CCTVM S/A;8;UBS BRASIL CCTVM S/A
TECK11;914;0,30%;109.038.620;Balcão;23/07/2026;15:07:54;Novo (0);Regular (1);3;XP INVESTIMENTOS CCTVM S/A;8;UBS BRASIL CCTVM S/A
TECK11;1.941;0,30%;109.038.644;Balcão;23/07/2026;15:07:54;Novo (0);Regular (1);3;XP INVESTIMENTOS CCTVM S/A;8;UBS BRASIL CCTVM S/A
NDIV11;2.013;2,00%;109.038.631;Balcão;23/07/2026;15:07:54;Novo (0);Regular (1);3;XP INVESTIMENTOS CCTVM S/A;8;UBS BRASIL CCTVM S/A
BRAX11;142;2,00%;109.038.459;Balcão;23/07/2026;15:07:54;Novo (0);Regular (1);3;XP INVESTIMENTOS CCTVM S/A;8;UBS BRASIL CCTVM S/A
TEPP11;2;7,32%;109.038.619;Balcão;23/07/2026;15:07:54;Novo (0);Regular (1);3;XP INVESTIMENTOS CCTVM S/A;8;UBS BRASIL CCTVM S/A
NDIV11;1.128;2,00%;109.038.592;Balcão;23/07/2026;15:07:54;Novo (0);Regular (1);3;XP INVESTIMENTOS CCTVM S/A;8;UBS BRASIL CCTVM S/A
NDIV11;4.500;2,00%;109.038.586;Balcão;23/07/2026;15:07:54;Novo (0);Regular (1);3;XP INVESTIMENTOS CCTVM S/A;8;UBS BRASIL CCTVM S/A
NDIV11;6.687;2,00%;109.038.606;Balcão;23/07/2026;15:07:54;Novo (0);Regular (1);3;XP INVESTIMENTOS CCTVM S/A;8;UBS BRASIL CCTVM S/A
NDIV11;1.130;2,00%;109.038.588;Balcão;23/07/2026;15:07:54;Novo (0);Regular (1);3;XP INVESTIMENTOS CCTVM S/A;8;UBS BRASIL CCTVM S/A
HGLG11;2;0,15%;109.038.557;Balcão;23/07/2026;15:07:54;Novo (0);Regular (1);3;XP INVESTIMENTOS CCTVM S/A;8;UBS BRASIL CCTVM S/A
GOLD11;22.316;0,05%;109.038.543;Balcão;23/07/2026;15:07:54;Novo (0);Regular (1);3;XP INVESTIMENTOS CCTVM S/A;8;UBS BRASIL CCTVM S/A
NDIV11;2.910;2,00%;109.038.573;Balcão;23/07/2026;15:07:53;Novo (0);Regular (1);3;XP INVESTIMENTOS CCTVM S/A;8;UBS BRASIL CCTVM S/A
NDIV11;6.000;2,00%;109.038.585;Balcão;23/07/2026;15:07:53;Novo (0);Regular (1);3;XP INVESTIMENTOS CCTVM S/A;8;UBS BRASIL CCTVM S/A
NDIV11;518;2,00%;109.038.611;Balcão;23/07/2026;15:07:53;Novo (0);Regular (1);3;XP INVESTIMENTOS CCTVM S/A;8;UBS BRASIL CCTVM S/A
MATB11;5.960;8,00%;109.038.560;Balcão;23/07/2026;15:07:53;Novo (0);Regular (1);3;XP INVESTIMENTOS CCTVM S/A;8;UBS BRASIL CCTVM S/A
NDIV11;1.130;2,00%;109.038.591;Balcão;23/07/2026;15:07:53;Novo (0);Regular (1);3;XP INVESTIMENTOS CCTVM S/A;8;UBS BRASIL CCTVM S/A
PAGS34;494;5,00%;109.038.598;Balcão;23/07/2026;15:07:53;Novo (0);Regular (1);3;XP INVESTIMENTOS CCTVM S/A;8;UBS BRASIL CCTVM S/A
MATB11;4.040;8,00%;109.038.570;Balcão;23/07/2026;15:07:53;Novo (0);Regular (1);3;XP INVESTIMENTOS CCTVM S/A;8;UBS BRASIL CCTVM S/A
PMLL11;1;0,98%;109.038.614;Balcão;23/07/2026;15:07:53;Novo (0);Regular (1);3;XP INVESTIMENTOS CCTVM S/A;8;UBS BRASIL CCTVM S/A
NDIV11;1.377;2,00%;109.038.608;Balcão;23/07/2026;15:07:53;Novo (0);Regular (1);3;XP INVESTIMENTOS CCTVM S/A;8;UBS BRASIL CCTVM S/A
NDIV11;2.600;2,00%;109.038.595;Balcão;23/07/2026;15:07:53;Novo (0);Regular (1);3;XP INVESTIMENTOS CCTVM S/A;8;UBS BRASIL CCTVM S/A
CPSH11;3;1,29%;109.038.477;Balcão;23/07/2026;15:07:53;Novo (0);Regular (1);3;XP INVESTIMENTOS CCTVM S/A;8;UBS BRASIL CCTVM S/A
NDIV11;2.044;2,00%;109.038.582;Balcão;23/07/2026;15:07:53;Novo (0);Regular (1);3;XP INVESTIMENTOS CCTVM S/A;8;UBS BRASIL CCTVM S/A
GDIV11;3;4,25%;109.038.497;Balcão;23/07/2026;15:07:53;Novo (0);Regular (1);3;XP INVESTIMENTOS CCTVM S/A;8;UBS BRASIL CCTVM S/A
NDIV11;2.022;2,00%;109.038.577;Balcão;23/07/2026;15:07:53;Novo (0);Regular (1);3;XP INVESTIMENTOS CCTVM S/A;8;UBS BRASIL CCTVM S/A
QQQI11;2.628;5,00%;109.038.616;Balcão;23/07/2026;15:07:53;Novo (0);Regular (1);3;XP INVESTIMENTOS CCTVM S/A;8;UBS BRASIL CCTVM S/A
PAGS34;6;5,00%;109.038.610;Balcão;23/07/2026;15:07:53;Novo (0);Regular (1);3;XP INVESTIMENTOS CCTVM S/A;8;UBS BRASIL CCTVM S/A
NDIV11;2.675;2,00%;109.038.593;Balcão;23/07/2026;15:07:53;Novo (0);Regular (1);3;XP INVESTIMENTOS CCTVM S/A;8;UBS BRASIL CCTVM S/A
NVDC34;5.320;0,10%;109.038.615;Balcão;23/07/2026;15:07:19;Novo (0);Regular (1);3;XP INVESTIMENTOS CCTVM S/A;93;NOVA FUTURA CTVM LTDA
ISAE4;7.000;0,43%;109.038.609;Balcão;23/07/2026;15:07:17;Novo (0);Regular (1);3;XP INVESTIMENTOS CCTVM S/A;39;AGORA CTVM S/A
LJQQ3;200;3,06%;109.038.602;Balcão;23/07/2026;15:07:17;Novo (0);Regular (1);3;XP INVESTIMENTOS CCTVM S/A;93;NOVA FUTURA CTVM LTDA
ISAE4;7.000;0,43%;109.038.583;Balcão;23/07/2026;15:07:16;Novo (0);Regular (1);3;XP INVESTIMENTOS CCTVM S/A;39;AGORA CTVM S/A
NVDC34;49;0,10%;109.038.574;Balcão;23/07/2026;15:07:16;Novo (0);Regular (1);3;XP INVESTIMENTOS CCTVM S/A;93;NOVA FUTURA CTVM LTDA
ISAE4;7.000;0,43%;109.038.571;Balcão;23/07/2026;15:07:16;Novo (0);Regular (1);3;XP INVESTIMENTOS CCTVM S/A;39;AGORA CTVM S/A
MUTC34;46;0,24%;109.038.564;Balcão;23/07/2026;15:07:15;Novo (0);Regular (1);3;XP INVESTIMENTOS CCTVM S/A;93;NOVA FUTURA CTVM LTDA
HBSA3;9.600;6,25%;109.038.551;Balcão;23/07/2026;15:07:15;Novo (0);Regular (1);3;XP INVESTIMENTOS CCTVM S/A;39;AGORA CTVM S/A
ISAE4;2.112;0,43%;109.038.563;Balcão;23/07/2026;15:07:15;Novo (0);Regular (1);3;XP INVESTIMENTOS CCTVM S/A;39;AGORA CTVM S/A
HBSA3;400;6,25%;109.038.512;Balcão;23/07/2026;15:07:14;Novo (0);Regular (1);3;XP INVESTIMENTOS CCTVM S/A;39;AGORA CTVM S/A
LJQQ3;500;3,06%;109.038.555;Balcão;23/07/2026;15:07:14;Novo (0);Regular (1);3;XP INVESTIMENTOS CCTVM S/A;93;NOVA FUTURA CTVM LTDA
LJQQ3;400;3,06%;109.038.553;Balcão;23/07/2026;15:07:14;Novo (0);Regular (1);3;XP INVESTIMENTOS CCTVM S/A;93;NOVA FUTURA CTVM LTDA
INBR32;100;0,10%;109.038.552;Balcão;23/07/2026;15:07:14;Novo (0);Regular (1);3;XP INVESTIMENTOS CCTVM S/A;93;NOVA FUTURA CTVM LTDA
LJQQ3;200;3,06%;109.038.548;Balcão;23/07/2026;15:07:14;Novo (0);Regular (1);3;XP INVESTIMENTOS CCTVM S/A;93;NOVA FUTURA CTVM LTDA
IFCM3;200;1,96%;109.038.532;Balcão;23/07/2026;15:07:13;Novo (0);Regular (1);3;XP INVESTIMENTOS CCTVM S/A;93;NOVA FUTURA CTVM LTDA
IFCM3;200;1,96%;109.038.519;Balcão;23/07/2026;15:07:12;Novo (0);Regular (1);3;XP INVESTIMENTOS CCTVM S/A;93;NOVA FUTURA CTVM LTDA
AZEV4;24.055;14,02%;109.038.496;Balcão;23/07/2026;15:07:11;Novo (0);Regular (1);3;XP INVESTIMENTOS CCTVM S/A;85;BTG PACTUAL CTVM S/A
BBSE3;660;0,88%;109.038.434;Balcão;23/07/2026;15:07:05;Novo (0);Regular (1);3;XP INVESTIMENTOS CCTVM S/A;8;UBS BRASIL CCTVM S/A
BBSE3;1.100;0,88%;109.038.432;Balcão;23/07/2026;15:07:03;Novo (0);Regular (1);3;XP INVESTIMENTOS CCTVM S/A;8;UBS BRASIL CCTVM S/A
AZZA3;3;29,29%;109.038.427;Eletrônico D+1;23/07/2026;15:06:08;Novo (0);Regular (1);1099;INTER DISTRIBUIDORA DE TITULOS E VALORES MOBILIARIOS LTDA;39;AGORA CTVM S/A
BBDC4;94;0,02%;109.023.800;Balcão;23/07/2026;15:05:49;Novo (0);Regular (1);39;AGORA CTVM S/A;39;AGORA CTVM S/A
AURE3;120;0,04%;109.036.722;Balcão;23/07/2026;15:05:29;Novo (0);Regular (1);23;NECTON INVESTIMENTOS - BTG PACTUAL CTVM S.A;8;UBS BRASIL CCTVM S/A
TAEE11;590;0,17%;109.036.721;Balcão;23/07/2026;15:05:29;Novo (0);Regular (1);23;NECTON INVESTIMENTOS - BTG PACTUAL CTVM S.A;8;UBS BRASIL CCTVM S/A
VIVT3;174;0,10%;109.036.720;Balcão;23/07/2026;15:05:29;Novo (0);Regular (1);23;NECTON INVESTIMENTOS - BTG PACTUAL CTVM S.A;8;UBS BRASIL CCTVM S/A
VIVT3;182;0,10%;109.036.719;Balcão;23/07/2026;15:05:29;Novo (0);Regular (1);23;NECTON INVESTIMENTOS - BTG PACTUAL CTVM S.A;8;UBS BRASIL CCTVM S/A
TAEE11;148;0,17%;109.036.718;Balcão;23/07/2026;15:05:29;Novo (0);Regular (1);23;NECTON INVESTIMENTOS - BTG PACTUAL CTVM S.A;8;UBS BRASIL CCTVM S/A
TAEE11;259;0,17%;109.036.717;Balcão;23/07/2026;15:05:29;Novo (0);Regular (1);23;NECTON INVESTIMENTOS - BTG PACTUAL CTVM S.A;8;UBS BRASIL CCTVM S/A
RIAA3;211;0,14%;109.036.716;Balcão;23/07/2026;15:05:29;Novo (0);Regular (1);23;NECTON INVESTIMENTOS - BTG PACTUAL CTVM S.A;8;UBS BRASIL CCTVM S/A
TAEE11;251;0,17%;109.036.715;Balcão;23/07/2026;15:05:29;Novo (0);Regular (1);23;NECTON INVESTIMENTOS - BTG PACTUAL CTVM S.A;8;UBS BRASIL CCTVM S/A
TAEE11;391;0,17%;109.036.714;Balcão;23/07/2026;15:05:28;Novo (0);Regular (1);23;NECTON INVESTIMENTOS - BTG PACTUAL CTVM S.A;8;UBS BRASIL CCTVM S/A
JHSF3;332;2,44%;109.036.713;Balcão;23/07/2026;15:05:28;Novo (0);Regular (1);23;NECTON INVESTIMENTOS - BTG PACTUAL CTVM S.A;8;UBS BRASIL CCTVM S/A
RADL3;128;0,10%;109.036.712;Balcão;23/07/2026;15:05:28;Novo (0);Regular (1);23;NECTON INVESTIMENTOS - BTG PACTUAL CTVM S.A;8;UBS BRASIL CCTVM S/A
TAEE11;361;0,17%;109.036.711;Balcão;23/07/2026;15:05:28;Novo (0);Regular (1);23;NECTON INVESTIMENTOS - BTG PACTUAL CTVM S.A;8;UBS BRASIL CCTVM S/A
AURE3;240;0,04%;109.036.710;Balcão;23/07/2026;15:05:28;Novo (0);Regular (1);23;NECTON INVESTIMENTOS - BTG PACTUAL CTVM S.A;8;UBS BRASIL CCTVM S/A
VIVT3;301;0,10%;109.036.709;Balcão;23/07/2026;15:05:28;Novo (0);Regular (1);23;NECTON INVESTIMENTOS - BTG PACTUAL CTVM S.A;8;UBS BRASIL CCTVM S/A
VIVT3;286;0,10%;109.036.708;Balcão;23/07/2026;15:05:28;Novo (0);Regular (1);23;NECTON INVESTIMENTOS - BTG PACTUAL CTVM S.A;8;UBS BRASIL CCTVM S/A
CASH3;5.222;5,55%;109.036.707;Balcão;23/07/2026;15:05:28;Novo (0);Regular (1);23;NECTON INVESTIMENTOS - BTG PACTUAL CTVM S.A;8;UBS BRASIL CCTVM S/A
VIVT3;534;0,10%;109.036.706;Balcão;23/07/2026;15:05:27;Novo (0);Regular (1);23;NECTON INVESTIMENTOS - BTG PACTUAL CTVM S.A;8;UBS BRASIL CCTVM S/A
VIVT3;2.964;0,10%;109.036.705;Balcão;23/07/2026;15:05:27;Novo (0);Regular (1);23;NECTON INVESTIMENTOS - BTG PACTUAL CTVM S.A;8;UBS BRASIL CCTVM S/A
VIVT3;402;0,10%;109.036.704;Balcão;23/07/2026;15:05:27;Novo (0);Regular (1);23;NECTON INVESTIMENTOS - BTG PACTUAL CTVM S.A;8;UBS BRASIL CCTVM S/A
VIVT3;601;0,10%;109.036.703;Balcão;23/07/2026;15:05:27;Novo (0);Regular (1);23;NECTON INVESTIMENTOS - BTG PACTUAL CTVM S.A;8;UBS BRASIL CCTVM S/A
AURE3;576;0,04%;109.036.702;Balcão;23/07/2026;15:05:27;Novo (0);Regular (1);23;NECTON INVESTIMENTOS - BTG PACTUAL CTVM S.A;8;UBS BRASIL CCTVM S/A
RIAA3;1.437;0,14%;109.036.701;Balcão;23/07/2026;15:05:27;Novo (0);Regular (1);23;NECTON INVESTIMENTOS - BTG PACTUAL CTVM S.A;8;UBS BRASIL CCTVM S/A
VIVT3;156;0,10%;109.036.700;Balcão;23/07/2026;15:05:27;Novo (0);Regular (1);23;NECTON INVESTIMENTOS - BTG PACTUAL CTVM S.A;8;UBS BRASIL CCTVM S/A
CASH3;271;5,55%;109.036.699;Balcão;23/07/2026;15:05:27;Novo (0);Regular (1);23;NECTON INVESTIMENTOS - BTG PACTUAL CTVM S.A;8;UBS BRASIL CCTVM S/A
JHSF3;713;2,44%;109.036.698;Balcão;23/07/2026;15:05:26;Novo (0);Regular (1);23;NECTON INVESTIMENTOS - BTG PACTUAL CTVM S.A;8;UBS BRASIL CCTVM S/A
AURE3;132;0,04%;109.036.697;Balcão;23/07/2026;15:05:26;Novo (0);Regular (1);23;NECTON INVESTIMENTOS - BTG PACTUAL CTVM S.A;8;UBS BRASIL CCTVM S/A
EVEN3;909;16,11%;109.036.082;Balcão;23/07/2026;15:04:14;Novo (0);Regular (1);39;AGORA CTVM S/A;39;AGORA CTVM S/A
CSNA3;29;0,80%;109.036.089;Balcão;23/07/2026;15:04:14;Novo (0);Regular (1);39;AGORA CTVM S/A;39;AGORA CTVM S/A
EVEN3;24;16,11%;109.036.104;Balcão;23/07/2026;15:04:14;Novo (0);Regular (1);39;AGORA CTVM S/A;39;AGORA CTVM S/A
MDNE3;9.705;0,03%;109.036.128;Balcão;23/07/2026;15:04:14;Novo (0);Regular (1);39;AGORA CTVM S/A;39;AGORA CTVM S/A
SLCE3;29.236;0,12%;109.036.118;Balcão;23/07/2026;15:04:14;Novo (0);Regular (1);39;AGORA CTVM S/A;39;AGORA CTVM S/A
PINE4;82;0,22%;109.036.112;Balcão;23/07/2026;15:04:14;Novo (0);Regular (1);39;AGORA CTVM S/A;39;AGORA CTVM S/A
ABCB4;11;0,04%;109.036.080;Balcão;23/07/2026;15:04:14;Novo (0);Regular (1);39;AGORA CTVM S/A;39;AGORA CTVM S/A
ABCB4;15;0,04%;109.036.092;Balcão;23/07/2026;15:04:14;Novo (0);Regular (1);39;AGORA CTVM S/A;39;AGORA CTVM S/A
ITSA4;635;0,01%;109.036.086;Balcão;23/07/2026;15:04:14;Novo (0);Regular (1);39;AGORA CTVM S/A;39;AGORA CTVM S/A
MDNE3;6.438;0,03%;109.036.091;Balcão;23/07/2026;15:04:14;Novo (0);Regular (1);39;AGORA CTVM S/A;39;AGORA CTVM S/A
SLCE3;434;0,12%;109.036.111;Balcão;23/07/2026;15:04:14;Novo (0);Regular (1);39;AGORA CTVM S/A;39;AGORA CTVM S/A
VULC3;110;0,12%;109.036.123;Balcão;23/07/2026;15:04:14;Novo (0);Regular (1);39;AGORA CTVM S/A;39;AGORA CTVM S/A
ITSA4;202;0,01%;109.036.087;Balcão;23/07/2026;15:04:14;Novo (0);Regular (1);39;AGORA CTVM S/A;39;AGORA CTVM S/A
ANIM3;974;0,39%;109.036.098;Balcão;23/07/2026;15:04:14;Novo (0);Regular (1);39;AGORA CTVM S/A;39;AGORA CTVM S/A
ANIM3;198;0,39%;109.036.125;Balcão;23/07/2026;15:04:13;Novo (0);Regular (1);39;AGORA CTVM S/A;39;AGORA CTVM S/A
PINE4;4.355;0,22%;109.036.094;Balcão;23/07/2026;15:04:13;Novo (0);Regular (1);39;AGORA CTVM S/A;39;AGORA CTVM S/A
ITSA4;19.880;0,01%;109.036.090;Balcão;23/07/2026;15:04:13;Novo (0);Regular (1);39;AGORA CTVM S/A;39;AGORA CTVM S/A
VULC3;13;0,12%;109.036.141;Balcão;23/07/2026;15:04:13;Novo (0);Regular (1);39;AGORA CTVM S/A;39;AGORA CTVM S/A
LREN3;57.597;0,05%;109.036.142;Balcão;23/07/2026;15:04:13;Novo (0);Regular (1);39;AGORA CTVM S/A;39;AGORA CTVM S/A
LREN3;5.514;0,05%;109.036.129;Balcão;23/07/2026;15:04:13;Novo (0);Regular (1);39;AGORA CTVM S/A;39;AGORA CTVM S/A
EVEN3;230;16,11%;109.036.081;Balcão;23/07/2026;15:04:13;Novo (0);Regular (1);39;AGORA CTVM S/A;39;AGORA CTVM S/A
RIAA3;112;0,14%;109.036.121;Balcão;23/07/2026;15:04:13;Novo (0);Regular (1);39;AGORA CTVM S/A;39;AGORA CTVM S/A
LAVV3;200;0,13%;109.036.126;Balcão;23/07/2026;15:04:13;Novo (0);Regular (1);39;AGORA CTVM S/A;39;AGORA CTVM S/A
JHSF3;62;2,44%;109.036.117;Balcão;23/07/2026;15:04:13;Novo (0);Regular (1);39;AGORA CTVM S/A;39;AGORA CTVM S/A
ANIM3;11.900;0,39%;109.036.088;Balcão;23/07/2026;15:04:13;Novo (0);Regular (1);39;AGORA CTVM S/A;39;AGORA CTVM S/A
BEEF3;4.587;1,88%;109.036.119;Balcão;23/07/2026;15:04:13;Novo (0);Regular (1);39;AGORA CTVM S/A;39;AGORA CTVM S/A
RIAA3;575;0,14%;109.036.103;Balcão;23/07/2026;15:04:13;Novo (0);Regular (1);39;AGORA CTVM S/A;39;AGORA CTVM S/A
BEEF3;184;1,88%;109.036.137;Balcão;23/07/2026;15:04:13;Novo (0);Regular (1);39;AGORA CTVM S/A;39;AGORA CTVM S/A
JHSF3;1.700;2,44%;109.036.124;Balcão;23/07/2026;15:04:13;Novo (0);Regular (1);39;AGORA CTVM S/A;39;AGORA CTVM S/A
PNVL3;366;0,04%;109.036.754;Balcão;23/07/2026;15:04:13;Novo (0);Regular (1);8;UBS BRASIL CCTVM S/A;8;UBS BRASIL CCTVM S/A
ANIM3;932;0,39%;109.036.743;Balcão;23/07/2026;15:04:13;Novo (0);Regular (1);8;UBS BRASIL CCTVM S/A;8;UBS BRASIL CCTVM S/A
JHSF3;18;2,44%;109.036.106;Balcão;23/07/2026;15:04:12;Novo (0);Regular (1);39;AGORA CTVM S/A;39;AGORA CTVM S/A
ABCB4;1;0,04%;109.036.085;Balcão;23/07/2026;15:04:12;Novo (0);Regular (1);39;AGORA CTVM S/A;39;AGORA CTVM S/A
PINE4;32;0,22%;109.036.093;Balcão;23/07/2026;15:04:12;Novo (0);Regular (1);39;AGORA CTVM S/A;39;AGORA CTVM S/A
VULC3;677;0,12%;109.036.132;Balcão;23/07/2026;15:04:12;Novo (0);Regular (1);39;AGORA CTVM S/A;39;AGORA CTVM S/A
BBDC4;2.130;0,02%;109.036.755;Balcão;23/07/2026;15:04:12;Novo (0);Regular (1);8;UBS BRASIL CCTVM S/A;8;UBS BRASIL CCTVM S/A
LREN3;705;0,05%;109.036.133;Balcão;23/07/2026;15:04:12;Novo (0);Regular (1);39;AGORA CTVM S/A;39;AGORA CTVM S/A
ANIM3;728;0,39%;109.036.120;Balcão;23/07/2026;15:04:12;Novo (0);Regular (1);39;AGORA CTVM S/A;39;AGORA CTVM S/A
EVEN3;6.365;16,11%;109.036.741;Balcão;23/07/2026;15:04:12;Novo (0);Regular (1);8;UBS BRASIL CCTVM S/A;8;UBS BRASIL CCTVM S/A
PSSA3;176;0,03%;109.036.781;Balcão;23/07/2026;15:04:12;Novo (0);Regular (1);8;UBS BRASIL CCTVM S/A;8;UBS BRASIL CCTVM S/A
CSNA3;43;0,80%;109.036.083;Balcão;23/07/2026;15:04:12;Novo (0);Regular (1);39;AGORA CTVM S/A;39;AGORA CTVM S/A
VIVA3;315;3,75%;109.036.127;Balcão;23/07/2026;15:04:12;Novo (0);Regular (1);39;AGORA CTVM S/A;39;AGORA CTVM S/A
PSSA3;399;0,03%;109.036.751;Balcão;23/07/2026;15:04:12;Novo (0);Regular (1);8;UBS BRASIL CCTVM S/A;8;UBS BRASIL CCTVM S/A
ANIM3;3.430;0,39%;109.036.764;Balcão;23/07/2026;15:04:12;Novo (0);Regular (1);8;UBS BRASIL CCTVM S/A;8;UBS BRASIL CCTVM S/A
CSNA3;6.000;0,80%;109.036.136;Balcão;23/07/2026;15:04:12;Novo (0);Regular (1);39;AGORA CTVM S/A;39;AGORA CTVM S/A
CPLE3;920;0,03%;109.036.756;Balcão;23/07/2026;15:04:12;Novo (0);Regular (1);8;UBS BRASIL CCTVM S/A;8;UBS BRASIL CCTVM S/A
CSNA3;1.178;0,80%;109.036.130;Balcão;23/07/2026;15:04:12;Novo (0);Regular (1);39;AGORA CTVM S/A;39;AGORA CTVM S/A
JHSF3;2.252;2,44%;109.036.750;Balcão;23/07/2026;15:04:11;Novo (0);Regular (1);8;UBS BRASIL CCTVM S/A;8;UBS BRASIL CCTVM S/A
TEND3;1.766;0,14%;109.036.766;Balcão;23/07/2026;15:04:11;Novo (0);Regular (1);8;UBS BRASIL CCTVM S/A;8;UBS BRASIL CCTVM S/A
BBSE3;860;0,88%;109.036.759;Balcão;23/07/2026;15:04:11;Novo (0);Regular (1);8;UBS BRASIL CCTVM S/A;8;UBS BRASIL CCTVM S/A
RIAA3;7.130;0,14%;109.036.122;Balcão;23/07/2026;15:04:11;Novo (0);Regular (1);39;AGORA CTVM S/A;39;AGORA CTVM S/A
EVEN3;334;16,11%;109.036.760;Balcão;23/07/2026;15:04:11;Novo (0);Regular (1);8;UBS BRASIL CCTVM S/A;8;UBS BRASIL CCTVM S/A
RIAA3;2.370;0,14%;109.036.752;Balcão;23/07/2026;15:04:11;Novo (0);Regular (1);8;UBS BRASIL CCTVM S/A;8;UBS BRASIL CCTVM S/A
ITUB4;2.791;0,03%;109.036.776;Balcão;23/07/2026;15:04:11;Novo (0);Regular (1);8;UBS BRASIL CCTVM S/A;8;UBS BRASIL CCTVM S/A
CPFE3;63;0,08%;109.036.822;Balcão;23/07/2026;15:04:11;Novo (0);Regular (1);8;UBS BRASIL CCTVM S/A;8;UBS BRASIL CCTVM S/A
BBDC4;3.414;0,02%;109.036.783;Balcão;23/07/2026;15:04:11;Novo (0);Regular (1);8;UBS BRASIL CCTVM S/A;8;UBS BRASIL CCTVM S/A
VBBR3;801;0,07%;109.036.745;Balcão;23/07/2026;15:04:11;Novo (0);Regular (1);8;UBS BRASIL CCTVM S/A;8;UBS BRASIL CCTVM S/A
BBSE3;431;0,88%;109.036.742;Balcão;23/07/2026;15:04:11;Novo (0);Regular (1);8;UBS BRASIL CCTVM S/A;8;UBS BRASIL CCTVM S/A
ITSA4;387;0,01%;109.036.817;Balcão;23/07/2026;15:04:11;Novo (0);Regular (1);8;UBS BRASIL CCTVM S/A;8;UBS BRASIL CCTVM S/A
BRSR6;20;0,12%;109.036.747;Balcão;23/07/2026;15:04:11;Novo (0);Regular (1);8;UBS BRASIL CCTVM S/A;8;UBS BRASIL CCTVM S/A
PNVL3;162;0,04%;109.036.765;Balcão;23/07/2026;15:04:11;Novo (0);Regular (1);8;UBS BRASIL CCTVM S/A;8;UBS BRASIL CCTVM S/A
TAEE11;90;0,17%;109.036.795;Balcão;23/07/2026;15:04:11;Novo (0);Regular (1);8;UBS BRASIL CCTVM S/A;8;UBS BRASIL CCTVM S/A
JHSF3;654;2,44%;109.036.757;Balcão;23/07/2026;15:04:11;Novo (0);Regular (1);8;UBS BRASIL CCTVM S/A;8;UBS BRASIL CCTVM S/A
PETR4;1.591;0,08%;109.036.787;Balcão;23/07/2026;15:04:11;Novo (0);Regular (1);8;UBS BRASIL CCTVM S/A;8;UBS BRASIL CCTVM S/A
CPFE3;108;0,08%;109.036.758;Balcão;23/07/2026;15:04:11;Novo (0);Regular (1);8;UBS BRASIL CCTVM S/A;8;UBS BRASIL CCTVM S/A
PNVL3;13;0,04%;109.036.767;Balcão;23/07/2026;15:04:11;Novo (0);Regular (1);8;UBS BRASIL CCTVM S/A;8;UBS BRASIL CCTVM S/A
ITSA4;46;0,01%;109.036.753;Balcão;23/07/2026;15:04:11;Novo (0);Regular (1);8;UBS BRASIL CCTVM S/A;8;UBS BRASIL CCTVM S/A
ABCB4;8;0,04%;109.036.763;Balcão;23/07/2026;15:04:11;Novo (0);Regular (1);8;UBS BRASIL CCTVM S/A;8;UBS BRASIL CCTVM S/A
CSMG3;176;0,57%;109.036.790;Balcão;23/07/2026;15:04:11;Novo (0);Regular (1);8;UBS BRASIL CCTVM S/A;8;UBS BRASIL CCTVM S/A
BPAC11;445;0,01%;109.036.771;Balcão;23/07/2026;15:04:10;Novo (0);Regular (1);8;UBS BRASIL CCTVM S/A;8;UBS BRASIL CCTVM S/A
CXSE3;88;0,09%;109.036.762;Balcão;23/07/2026;15:04:10;Novo (0);Regular (1);8;UBS BRASIL CCTVM S/A;8;UBS BRASIL CCTVM S/A
BPAC11;324;0,01%;109.036.746;Balcão;23/07/2026;15:04:10;Novo (0);Regular (1);8;UBS BRASIL CCTVM S/A;8;UBS BRASIL CCTVM S/A
ASAI3;908;18,34%;109.036.775;Balcão;23/07/2026;15:04:10;Novo (0);Regular (1);8;UBS BRASIL CCTVM S/A;8;UBS BRASIL CCTVM S/A
PINE4;137;0,22%;109.036.770;Balcão;23/07/2026;15:04:10;Novo (0);Regular (1);8;UBS BRASIL CCTVM S/A;8;UBS BRASIL CCTVM S/A
ASAI3;221;18,34%;109.036.748;Balcão;23/07/2026;15:04:10;Novo (0);Regular (1);8;UBS BRASIL CCTVM S/A;8;UBS BRASIL CCTVM S/A
BBSE3;50.709;0,88%;109.036.818;Balcão;23/07/2026;15:04:10;Novo (0);Regular (1);8;UBS BRASIL CCTVM S/A;8;UBS BRASIL CCTVM S/A
ITSA4;1.033;0,01%;109.036.744;Balcão;23/07/2026;15:04:10;Novo (0);Regular (1);8;UBS BRASIL CCTVM S/A;8;UBS BRASIL CCTVM S/A
PNVL3;569;0,04%;109.036.749;Balcão;23/07/2026;15:04:10;Novo (0);Regular (1);8;UBS BRASIL CCTVM S/A;8;UBS BRASIL CCTVM S/A
AXIA3;250;0,02%;109.036.777;Balcão;23/07/2026;15:04:10;Novo (0);Regular (1);8;UBS BRASIL CCTVM S/A;8;UBS BRASIL CCTVM S/A
PSSA3;73;0,03%;109.036.761;Balcão;23/07/2026;15:04:10;Novo (0);Regular (1);8;UBS BRASIL CCTVM S/A;8;UBS BRASIL CCTVM S/A
CPFE3;228;0,08%;109.036.813;Balcão;23/07/2026;15:04:10;Novo (0);Regular (1);8;UBS BRASIL CCTVM S/A;8;UBS BRASIL CCTVM S/A
VTRU3;1;0,10%;109.036.828;Balcão;23/07/2026;15:04:10;Novo (0);Regular (1);8;UBS BRASIL CCTVM S/A;8;UBS BRASIL CCTVM S/A
CPFE3;7;0,08%;109.036.786;Balcão;23/07/2026;15:04:10;Novo (0);Regular (1);8;UBS BRASIL CCTVM S/A;8;UBS BRASIL CCTVM S/A
MDNE3;231;0,03%;109.036.102;Balcão;23/07/2026;15:04:10;Novo (0);Regular (1);39;AGORA CTVM S/A;39;AGORA CTVM S/A
PETR4;1.576;0,08%;109.036.772;Balcão;23/07/2026;15:04:10;Novo (0);Regular (1);8;UBS BRASIL CCTVM S/A;8;UBS BRASIL CCTVM S/A
CPFE3;6;0,08%;109.036.780;Balcão;23/07/2026;15:04:10;Novo (0);Regular (1);8;UBS BRASIL CCTVM S/A;8;UBS BRASIL CCTVM S/A
ABCB4;573;0,04%;109.036.108;Balcão;23/07/2026;15:04:10;Novo (0);Regular (1);39;AGORA CTVM S/A;39;AGORA CTVM S/A
PINE4;841;0,22%;109.036.084;Balcão;23/07/2026;15:04:10;Novo (0);Regular (1);39;AGORA CTVM S/A;39;AGORA CTVM S/A
ABCB4;67;0,04%;109.036.799;Balcão;23/07/2026;15:04:10;Novo (0);Regular (1);8;UBS BRASIL CCTVM S/A;8;UBS BRASIL CCTVM S/A
ITSA4;286;0,01%;109.036.110;Balcão;23/07/2026;15:04:10;Novo (0);Regular (1);39;AGORA CTVM S/A;39;AGORA CTVM S/A
BRSR6;59;0,12%;109.036.800;Balcão;23/07/2026;15:04:09;Novo (0);Regular (1);8;UBS BRASIL CCTVM S/A;8;UBS BRASIL CCTVM S/A
CSNA3;269;0,80%;109.036.115;Balcão;23/07/2026;15:04:09;Novo (0);Regular (1);39;AGORA CTVM S/A;39;AGORA CTVM S/A
PNVL3;97;0,04%;109.036.792;Balcão;23/07/2026;15:04:09;Novo (0);Regular (1);8;UBS BRASIL CCTVM S/A;8;UBS BRASIL CCTVM S/A
SLCE3;330;0,12%;109.036.105;Balcão;23/07/2026;15:04:09;Novo (0);Regular (1);39;AGORA CTVM S/A;39;AGORA CTVM S/A
PNVL3;8;0,04%;109.036.821;Balcão;23/07/2026;15:04:09;Novo (0);Regular (1);8;UBS BRASIL CCTVM S/A;8;UBS BRASIL CCTVM S/A
MDNE3;615;0,03%;109.036.109;Balcão;23/07/2026;15:04:09;Novo (0);Regular (1);39;AGORA CTVM S/A;39;AGORA CTVM S/A
DIRR3;130;0,08%;109.036.789;Balcão;23/07/2026;15:04:09;Novo (0);Regular (1);8;UBS BRASIL CCTVM S/A;8;UBS BRASIL CCTVM S/A
PINE4;690;0,22%;109.036.099;Balcão;23/07/2026;15:04:09;Novo (0);Regular (1);39;AGORA CTVM S/A;39;AGORA CTVM S/A
EVEN3;664;16,11%;109.036.811;Balcão;23/07/2026;15:04:09;Novo (0);Regular (1);8;UBS BRASIL CCTVM S/A;8;UBS BRASIL CCTVM S/A
BEEF3;58;1,88%;109.036.107;Balcão;23/07/2026;15:04:09;Novo (0);Regular (1);39;AGORA CTVM S/A;39;AGORA CTVM S/A
ANIM3;54.334;0,39%;109.036.803;Balcão;23/07/2026;15:04:09;Novo (0);Regular (1);8;UBS BRASIL CCTVM S/A;8;UBS BRASIL CCTVM S/A
JHSF3;1.520;2,44%;109.036.100;Balcão;23/07/2026;15:04:09;Novo (0);Regular (1);39;AGORA CTVM S/A;39;AGORA CTVM S/A
ABCB4;3.438;0,04%;109.036.835;Balcão;23/07/2026;15:04:09;Novo (0);Regular (1);8;UBS BRASIL CCTVM S/A;8;UBS BRASIL CCTVM S/A
VULC3;3.796;0,12%;109.036.808;Balcão;23/07/2026;15:04:09;Novo (0);Regular (1);8;UBS BRASIL CCTVM S/A;8;UBS BRASIL CCTVM S/A
ANIM3;633;0,39%;109.036.779;Balcão;23/07/2026;15:04:09;Novo (0);Regular (1);8;UBS BRASIL CCTVM S/A;8;UBS BRASIL CCTVM S/A
RIAA3;1.391;0,14%;109.036.798;Balcão;23/07/2026;15:04:09;Novo (0);Regular (1);8;UBS BRASIL CCTVM S/A;8;UBS BRASIL CCTVM S/A
ITSA4;274;0,01%;109.036.769;Balcão;23/07/2026;15:04:09;Novo (0);Regular (1);8;UBS BRASIL CCTVM S/A;8;UBS BRASIL CCTVM S/A
CPFE3;120;0,08%;109.036.806;Balcão;23/07/2026;15:04:09;Novo (0);Regular (1);8;UBS BRASIL CCTVM S/A;8;UBS BRASIL CCTVM S/A
BRAP4;118;0,02%;109.036.774;Balcão;23/07/2026;15:04:09;Novo (0);Regular (1);8;UBS BRASIL CCTVM S/A;8;UBS BRASIL CCTVM S/A
CPFE3;12.506;0,08%;109.036.833;Balcão;23/07/2026;15:04:09;Novo (0);Regular (1);8;UBS BRASIL CCTVM S/A;8;UBS BRASIL CCTVM S/A
ASAI3;30.871;18,34%;109.036.834;Balcão;23/07/2026;15:04:09;Novo (0);Regular (1);8;UBS BRASIL CCTVM S/A;8;UBS BRASIL CCTVM S/A
BPAC11;38.031;0,01%;109.036.829;Balcão;23/07/2026;15:04:09;Novo (0);Regular (1);8;UBS BRASIL CCTVM S/A;8;UBS BRASIL CCTVM S/A
ANIM3;2.332;0,39%;109.036.773;Balcão;23/07/2026;15:04:08;Novo (0);Regular (1);8;UBS BRASIL CCTVM S/A;8;UBS BRASIL CCTVM S/A
BRSR6;3.121;0,12%;109.036.836;Balcão;23/07/2026;15:04:08;Novo (0);Regular (1);8;UBS BRASIL CCTVM S/A;8;UBS BRASIL CCTVM S/A
CPLE3;1.048;0,03%;109.036.788;Balcão;23/07/2026;15:04:08;Novo (0);Regular (1);8;UBS BRASIL CCTVM S/A;8;UBS BRASIL CCTVM S/A
CPLE3;4.298;0,03%;109.036.810;Balcão;23/07/2026;15:04:08;Novo (0);Regular (1);8;UBS BRASIL CCTVM S/A;8;UBS BRASIL CCTVM S/A
PSSA3;32;0,03%;109.036.816;Balcão;23/07/2026;15:04:08;Novo (0);Regular (1);8;UBS BRASIL CCTVM S/A;8;UBS BRASIL CCTVM S/A
CPFE3;1.066;0,08%;109.036.805;Balcão;23/07/2026;15:04:08;Novo (0);Regular (1);8;UBS BRASIL CCTVM S/A;8;UBS BRASIL CCTVM S/A
RIAA3;506;0,14%;109.036.826;Balcão;23/07/2026;15:04:08;Novo (0);Regular (1);8;UBS BRASIL CCTVM S/A;8;UBS BRASIL CCTVM S/A
CPLE3;68.612;0,03%;109.036.801;Balcão;23/07/2026;15:04:08;Novo (0);Regular (1);8;UBS BRASIL CCTVM S/A;8;UBS BRASIL CCTVM S/A
ANIM3;32.573;0,39%;109.036.820;Balcão;23/07/2026;15:04:08;Novo (0);Regular (1);8;UBS BRASIL CCTVM S/A;8;UBS BRASIL CCTVM S/A
EVEN3;35;16,11%;109.036.815;Balcão;23/07/2026;15:04:08;Novo (0);Regular (1);8;UBS BRASIL CCTVM S/A;8;UBS BRASIL CCTVM S/A
PNVL3;38;0,04%;109.036.768;Balcão;23/07/2026;15:04:08;Novo (0);Regular (1);8;UBS BRASIL CCTVM S/A;8;UBS BRASIL CCTVM S/A
AXIA3;28.827;0,02%;109.036.827;Balcão;23/07/2026;15:04:08;Novo (0);Regular (1);8;UBS BRASIL CCTVM S/A;8;UBS BRASIL CCTVM S/A
TEND3;824;0,14%;109.036.823;Balcão;23/07/2026;15:04:08;Novo (0);Regular (1);8;UBS BRASIL CCTVM S/A;8;UBS BRASIL CCTVM S/A
AXIA3;9.714;0,02%;109.036.825;Balcão;23/07/2026;15:04:08;Novo (0);Regular (1);8;UBS BRASIL CCTVM S/A;8;UBS BRASIL CCTVM S/A
ANIM3;4.362;0,39%;109.036.802;Balcão;23/07/2026;15:04:07;Novo (0);Regular (1);8;UBS BRASIL CCTVM S/A;8;UBS BRASIL CCTVM S/A
ITSA4;1.463;0,01%;109.036.804;Balcão;23/07/2026;15:04:07;Novo (0);Regular (1);8;UBS BRASIL CCTVM S/A;8;UBS BRASIL CCTVM S/A
VTRU3;4;0,10%;109.036.794;Balcão;23/07/2026;15:04:07;Novo (0);Regular (1);8;UBS BRASIL CCTVM S/A;8;UBS BRASIL CCTVM S/A
AXIA3;209;0,02%;109.036.797;Balcão;23/07/2026;15:04:07;Novo (0);Regular (1);8;UBS BRASIL CCTVM S/A;8;UBS BRASIL CCTVM S/A
PINE4;17;0,22%;109.036.791;Balcão;23/07/2026;15:04:07;Novo (0);Regular (1);8;UBS BRASIL CCTVM S/A;8;UBS BRASIL CCTVM S/A
CPLE3;314.528;0,03%;109.036.814;Balcão;23/07/2026;15:04:07;Novo (0);Regular (1);8;UBS BRASIL CCTVM S/A;8;UBS BRASIL CCTVM S/A
BBDC4;253.456;0,02%;109.036.819;Balcão;23/07/2026;15:04:07;Novo (0);Regular (1);8;UBS BRASIL CCTVM S/A;8;UBS BRASIL CCTVM S/A
VBBR3;577;0,07%;109.036.807;Balcão;23/07/2026;15:04:06;Novo (0);Regular (1);8;UBS BRASIL CCTVM S/A;8;UBS BRASIL CCTVM S/A
TAEE11;85;0,17%;109.036.812;Balcão;23/07/2026;15:04:06;Novo (0);Regular (1);8;UBS BRASIL CCTVM S/A;8;UBS BRASIL CCTVM S/A
VAMO3;947;0,07%;109.036.796;Balcão;23/07/2026;15:04:06;Novo (0);Regular (1);8;UBS BRASIL CCTVM S/A;8;UBS BRASIL CCTVM S/A
PINE4;6;0,22%;109.036.782;Balcão;23/07/2026;15:04:06;Novo (0);Regular (1);8;UBS BRASIL CCTVM S/A;8;UBS BRASIL CCTVM S/A
BRAP4;6.521;0,02%;109.036.831;Balcão;23/07/2026;15:04:06;Novo (0);Regular (1);8;UBS BRASIL CCTVM S/A;8;UBS BRASIL CCTVM S/A
CPLE3;3.774;0,03%;109.036.778;Balcão;23/07/2026;15:04:06;Novo (0);Regular (1);8;UBS BRASIL CCTVM S/A;8;UBS BRASIL CCTVM S/A
BRAP4;91;0,02%;109.036.785;Balcão;23/07/2026;15:04:06;Novo (0);Regular (1);8;UBS BRASIL CCTVM S/A;8;UBS BRASIL CCTVM S/A
ABCB4;87;0,04%;109.036.809;Balcão;23/07/2026;15:04:06;Novo (0);Regular (1);8;UBS BRASIL CCTVM S/A;8;UBS BRASIL CCTVM S/A
ITSA4;66;0,01%;109.036.830;Balcão;23/07/2026;15:04:06;Novo (0);Regular (1);8;UBS BRASIL CCTVM S/A;8;UBS BRASIL CCTVM S/A
RIAA3;297;0,14%;109.036.839;Balcão;23/07/2026;15:04:06;Novo (0);Regular (1);8;UBS BRASIL CCTVM S/A;8;UBS BRASIL CCTVM S/A
DIRR3;60;0,08%;109.036.838;Balcão;23/07/2026;15:04:06;Novo (0);Regular (1);8;UBS BRASIL CCTVM S/A;8;UBS BRASIL CCTVM S/A
ITSA4;97.504;0,01%;109.036.853;Balcão;23/07/2026;15:04:06;Novo (0);Regular (1);8;UBS BRASIL CCTVM S/A;8;UBS BRASIL CCTVM S/A
VULC3;466;0,12%;109.036.832;Balcão;23/07/2026;15:04:06;Novo (0);Regular (1);8;UBS BRASIL CCTVM S/A;8;UBS BRASIL CCTVM S/A
ITSA4;1.231;0,01%;109.036.857;Balcão;23/07/2026;15:04:05;Novo (0);Regular (1);8;UBS BRASIL CCTVM S/A;8;UBS BRASIL CCTVM S/A
VAMO3;45;0,07%;109.036.837;Balcão;23/07/2026;15:04:05;Novo (0);Regular (1);8;UBS BRASIL CCTVM S/A;8;UBS BRASIL CCTVM S/A
CPLE3;8.072;0,03%;109.036.824;Balcão;23/07/2026;15:04:05;Novo (0);Regular (1);8;UBS BRASIL CCTVM S/A;8;UBS BRASIL CCTVM S/A
CPFE3;506;0,08%;109.036.840;Balcão;23/07/2026;15:04:05;Novo (0);Regular (1);8;UBS BRASIL CCTVM S/A;8;UBS BRASIL CCTVM S/A
CXSE3;37.912;0,09%;109.036.862;Balcão;23/07/2026;15:04:05;Novo (0);Regular (1);8;UBS BRASIL CCTVM S/A;8;UBS BRASIL CCTVM S/A
TAEE11;4.825;0,17%;109.036.852;Balcão;23/07/2026;15:04:05;Novo (0);Regular (1);8;UBS BRASIL CCTVM S/A;8;UBS BRASIL CCTVM S/A
DIRR3;4.610;0,08%;109.036.863;Balcão;23/07/2026;15:04:05;Novo (0);Regular (1);8;UBS BRASIL CCTVM S/A;8;UBS BRASIL CCTVM S/A
JHSF3;117.689;2,44%;109.036.859;Balcão;23/07/2026;15:04:05;Novo (0);Regular (1);8;UBS BRASIL CCTVM S/A;8;UBS BRASIL CCTVM S/A
RIAA3;32.224;0,14%;109.036.869;Balcão;23/07/2026;15:04:05;Novo (0);Regular (1);8;UBS BRASIL CCTVM S/A;8;UBS BRASIL CCTVM S/A
VTRU3;58;0,10%;109.036.854;Balcão;23/07/2026;15:04:05;Novo (0);Regular (1);8;UBS BRASIL CCTVM S/A;8;UBS BRASIL CCTVM S/A
EVEN3;25.171;16,11%;109.036.847;Balcão;23/07/2026;15:04:05;Novo (0);Regular (1);8;UBS BRASIL CCTVM S/A;8;UBS BRASIL CCTVM S/A
CSMG3;18.824;0,57%;109.036.841;Balcão;23/07/2026;15:04:05;Novo (0);Regular (1);8;UBS BRASIL CCTVM S/A;8;UBS BRASIL CCTVM S/A
ITSA4;23.320;0,01%;109.036.849;Balcão;23/07/2026;15:04:05;Novo (0);Regular (1);8;UBS BRASIL CCTVM S/A;8;UBS BRASIL CCTVM S/A
ITSA4;3.157;0,01%;109.036.866;Balcão;23/07/2026;15:04:04;Novo (0);Regular (1);8;UBS BRASIL CCTVM S/A;8;UBS BRASIL CCTVM S/A
VBBR3;48.422;0,07%;109.036.845;Balcão;23/07/2026;15:04:04;Novo (0);Regular (1);8;UBS BRASIL CCTVM S/A;8;UBS BRASIL CCTVM S/A
PSSA3;575;0,03%;109.036.870;Balcão;23/07/2026;15:04:04;Novo (0);Regular (1);8;UBS BRASIL CCTVM S/A;8;UBS BRASIL CCTVM S/A
PINE4;872;0,22%;109.036.848;Balcão;23/07/2026;15:04:04;Novo (0);Regular (1);8;UBS BRASIL CCTVM S/A;8;UBS BRASIL CCTVM S/A
EVEN3;659;16,11%;109.036.855;Balcão;23/07/2026;15:04:04;Novo (0);Regular (1);8;UBS BRASIL CCTVM S/A;8;UBS BRASIL CCTVM S/A
PNVL3;7.168;0,04%;109.036.864;Balcão;23/07/2026;15:04:04;Novo (0);Regular (1);8;UBS BRASIL CCTVM S/A;8;UBS BRASIL CCTVM S/A
PNVL3;30.627;0,04%;109.036.844;Balcão;23/07/2026;15:04:04;Novo (0);Regular (1);8;UBS BRASIL CCTVM S/A;8;UBS BRASIL CCTVM S/A
RIAA3;2.876;0,14%;109.036.868;Balcão;23/07/2026;15:04:04;Novo (0);Regular (1);8;UBS BRASIL CCTVM S/A;8;UBS BRASIL CCTVM S/A
PINE4;168;0,22%;109.036.842;Balcão;23/07/2026;15:04:03;Novo (0);Regular (1);8;UBS BRASIL CCTVM S/A;8;UBS BRASIL CCTVM S/A
RIAA3;16.036;0,14%;109.036.860;Balcão;23/07/2026;15:04:03;Novo (0);Regular (1);8;UBS BRASIL CCTVM S/A;8;UBS BRASIL CCTVM S/A
ITSA4;2.496;0,01%;109.036.843;Balcão;23/07/2026;15:04:03;Novo (0);Regular (1);8;UBS BRASIL CCTVM S/A;8;UBS BRASIL CCTVM S/A
VAMO3;35.008;0,07%;109.036.874;Balcão;23/07/2026;15:04:03;Novo (0);Regular (1);8;UBS BRASIL CCTVM S/A;8;UBS BRASIL CCTVM S/A
TEND3;52.410;0,14%;109.036.871;Balcão;23/07/2026;15:04:02;Novo (0);Regular (1);8;UBS BRASIL CCTVM S/A;8;UBS BRASIL CCTVM S/A
PNVL3;973;0,04%;109.036.867;Balcão;23/07/2026;15:04:02;Novo (0);Regular (1);8;UBS BRASIL CCTVM S/A;8;UBS BRASIL CCTVM S/A
CPLE3;7;0,03%;109.036.858;Balcão;23/07/2026;15:04:02;Novo (0);Regular (1);8;UBS BRASIL CCTVM S/A;8;UBS BRASIL CCTVM S/A
PETR4;128.833;0,08%;109.036.865;Balcão;23/07/2026;15:04:02;Novo (0);Regular (1);8;UBS BRASIL CCTVM S/A;8;UBS BRASIL CCTVM S/A
PNVL3;663;0,04%;109.036.846;Balcão;23/07/2026;15:04:02;Novo (0);Regular (1);8;UBS BRASIL CCTVM S/A;8;UBS BRASIL CCTVM S/A
PSSA3;22.482;0,03%;109.036.851;Balcão;23/07/2026;15:04:02;Novo (0);Regular (1);8;UBS BRASIL CCTVM S/A;8;UBS BRASIL CCTVM S/A
EVEN3;664;16,11%;109.036.856;Balcão;23/07/2026;15:04:02;Novo (0);Regular (1);8;UBS BRASIL CCTVM S/A;8;UBS BRASIL CCTVM S/A
PSSA3;3.520;0,03%;109.036.872;Balcão;23/07/2026;15:04:01;Novo (0);Regular (1);8;UBS BRASIL CCTVM S/A;8;UBS BRASIL CCTVM S/A
VULC3;23.386;0,12%;109.036.873;Balcão;23/07/2026;15:04:01;Novo (0);Regular (1);8;UBS BRASIL CCTVM S/A;8;UBS BRASIL CCTVM S/A
ITUB4;175.209;0,03%;109.036.861;Balcão;23/07/2026;15:04:01;Novo (0);Regular (1);8;UBS BRASIL CCTVM S/A;8;UBS BRASIL CCTVM S/A
WEGE3;61.970;0,02%;109.038.420;Eletrônico D+1;23/07/2026;15:01:37;Novo (0);Regular (1);1099;INTER DISTRIBUIDORA DE TITULOS E VALORES MOBILIARIOS LTDA;39;AGORA CTVM S/A
WEGE3;113.570;0,02%;109.038.421;Eletrônico D+1;23/07/2026;15:01:35;Novo (0);Regular (1);1099;INTER DISTRIBUIDORA DE TITULOS E VALORES MOBILIARIOS LTDA;39;AGORA CTVM S/A
WEGE3;13.455;0,02%;109.038.419;Eletrônico D+1;23/07/2026;15:01:35;Novo (0);Regular (1);1099;INTER DISTRIBUIDORA DE TITULOS E VALORES MOBILIARIOS LTDA;39;AGORA CTVM S/A
WEGE3;123.305;0,02%;109.038.417;Eletrônico D+1;23/07/2026;15:00:13;Novo (0);Regular (1);1099;INTER DISTRIBUIDORA DE TITULOS E VALORES MOBILIARIOS LTDA;39;AGORA CTVM S/A
TOTS3;40.838;0,03%;109.038.416;Eletrônico D+1;23/07/2026;14:58:38;Novo (0);Regular (1);1099;INTER DISTRIBUIDORA DE TITULOS E VALORES MOBILIARIOS LTDA;39;AGORA CTVM S/A
TOTS3;22.298;0,03%;109.038.415;Eletrônico D+1;23/07/2026;14:58:38;Novo (0);Regular (1);1099;INTER DISTRIBUIDORA DE TITULOS E VALORES MOBILIARIOS LTDA;39;AGORA CTVM S/A
VAMO3;41.066;0,03%;109.038.410;Eletrônico D+1;23/07/2026;14:58:38;Novo (0);Regular (1);1099;INTER DISTRIBUIDORA DE TITULOS E VALORES MOBILIARIOS LTDA;39;AGORA CTVM S/A
VAMO3;18.662;0,03%;109.038.413;Eletrônico D+1;23/07/2026;14:58:37;Novo (0);Regular (1);1099;INTER DISTRIBUIDORA DE TITULOS E VALORES MOBILIARIOS LTDA;39;AGORA CTVM S/A
HYPE3;13.430;0,04%;109.038.409;Eletrônico D+1;23/07/2026;14:58:37;Novo (0);Regular (1);1099;INTER DISTRIBUIDORA DE TITULOS E VALORES MOBILIARIOS LTDA;39;AGORA CTVM S/A
VAMO3;34.172;0,03%;109.038.414;Eletrônico D+1;23/07/2026;14:58:37;Novo (0);Regular (1);1099;INTER DISTRIBUIDORA DE TITULOS E VALORES MOBILIARIOS LTDA;39;AGORA CTVM S/A
HYPE3;29.525;0,04%;109.038.411;Eletrônico D+1;23/07/2026;14:58:37;Novo (0);Regular (1);1099;INTER DISTRIBUIDORA DE TITULOS E VALORES MOBILIARIOS LTDA;39;AGORA CTVM S/A
TOTS3;49.217;0,03%;109.038.412;Eletrônico D+1;23/07/2026;14:58:37;Novo (0);Regular (1);1099;INTER DISTRIBUIDORA DE TITULOS E VALORES MOBILIARIOS LTDA;39;AGORA CTVM S/A
WEGE3;17;0,03%;109.038.408;Eletrônico D+1;23/07/2026;14:57:12;Novo (0);Regular (1);1099;INTER DISTRIBUIDORA DE TITULOS E VALORES MOBILIARIOS LTDA;39;AGORA CTVM S/A
TOTS3;10;0,06%;109.038.407;Eletrônico D+1;23/07/2026;14:56:58;Novo (0);Regular (1);1099;INTER DISTRIBUIDORA DE TITULOS E VALORES MOBILIARIOS LTDA;39;AGORA CTVM S/A
AUAU3;3;0,45%;109.038.406;Eletrônico D+1;23/07/2026;14:56:03;Novo (0);Regular (1);1099;INTER DISTRIBUIDORA DE TITULOS E VALORES MOBILIARIOS LTDA;39;AGORA CTVM S/A
SBFG3;2;0,01%;109.038.392;Eletrônico D+1;23/07/2026;14:52:46;Novo (0);Regular (1);1099;INTER DISTRIBUIDORA DE TITULOS E VALORES MOBILIARIOS LTDA;39;AGORA CTVM S/A
ALPA4;6;0,14%;109.038.391;Eletrônico D+1;23/07/2026;14:52:46;Novo (0);Regular (1);1099;INTER DISTRIBUIDORA DE TITULOS E VALORES MOBILIARIOS LTDA;39;AGORA CTVM S/A
TEND3;5;0,14%;109.038.389;Eletrônico D+1;23/07/2026;14:52:46;Novo (0);Regular (1);1099;INTER DISTRIBUIDORA DE TITULOS E VALORES MOBILIARIOS LTDA;39;AGORA CTVM S/A
UGPA3;8;0,11%;109.038.405;Eletrônico D+1;23/07/2026;14:52:46;Novo (0);Regular (1);1099;INTER DISTRIBUIDORA DE TITULOS E VALORES MOBILIARIOS LTDA;39;AGORA CTVM S/A
ABEV3;24;2,88%;109.038.388;Eletrônico D+1;23/07/2026;14:52:46;Novo (0);Regular (1);1099;INTER DISTRIBUIDORA DE TITULOS E VALORES MOBILIARIOS LTDA;39;AGORA CTVM S/A
MSFT34;705;0,04%;109.038.390;Eletrônico D+1;23/07/2026;14:52:46;Novo (0);Regular (1);1099;INTER DISTRIBUIDORA DE TITULOS E VALORES MOBILIARIOS LTDA;39;AGORA CTVM S/A
SMFT3;14;0,07%;109.038.398;Eletrônico D+1;23/07/2026;14:52:46;Novo (0);Regular (1);1099;INTER DISTRIBUIDORA DE TITULOS E VALORES MOBILIARIOS LTDA;39;AGORA CTVM S/A
GOAU4;5.810;0,04%;109.038.401;Eletrônico D+1;23/07/2026;14:52:46;Novo (0);Regular (1);1099;INTER DISTRIBUIDORA DE TITULOS E VALORES MOBILIARIOS LTDA;39;AGORA CTVM S/A
ASAI3;48;18,34%;109.038.404;Eletrônico D+1;23/07/2026;14:52:46;Novo (0);Regular (1);1099;INTER DISTRIBUIDORA DE TITULOS E VALORES MOBILIARIOS LTDA;39;AGORA CTVM S/A
EZTC3;7;0,05%;109.038.400;Eletrônico D+1;23/07/2026;14:52:46;Novo (0);Regular (1);1099;INTER DISTRIBUIDORA DE TITULOS E VALORES MOBILIARIOS LTDA;39;AGORA CTVM S/A
ALOS3;2;0,06%;109.038.403;Eletrônico D+1;23/07/2026;14:52:46;Novo (0);Regular (1);1099;INTER DISTRIBUIDORA DE TITULOS E VALORES MOBILIARIOS LTDA;39;AGORA CTVM S/A
YDUQ3;20;0,10%;109.038.397;Eletrônico D+1;23/07/2026;14:52:46;Novo (0);Regular (1);1099;INTER DISTRIBUIDORA DE TITULOS E VALORES MOBILIARIOS LTDA;39;AGORA CTVM S/A
B3SA3;5;0,02%;109.038.399;Eletrônico D+1;23/07/2026;14:52:46;Novo (0);Regular (1);1099;INTER DISTRIBUIDORA DE TITULOS E VALORES MOBILIARIOS LTDA;39;AGORA CTVM S/A
MGLU3;5;14,36%;109.038.402;Eletrônico D+1;23/07/2026;14:52:46;Novo (0);Regular (1);1099;INTER DISTRIBUIDORA DE TITULOS E VALORES MOBILIARIOS LTDA;39;AGORA CTVM S/A
RENT3;10;0,30%;109.038.394;Eletrônico D+1;23/07/2026;14:52:45;Novo (0);Regular (1);1099;INTER DISTRIBUIDORA DE TITULOS E VALORES MOBILIARIOS LTDA;39;AGORA CTVM S/A
ABEV3;13;2,88%;109.038.393;Eletrônico D+1;23/07/2026;14:52:45;Novo (0);Regular (1);1099;INTER DISTRIBUIDORA DE TITULOS E VALORES MOBILIARIOS LTDA;39;AGORA CTVM S/A
INTB3;13;0,08%;109.038.395;Eletrônico D+1;23/07/2026;14:52:45;Novo (0);Regular (1);1099;INTER DISTRIBUIDORA DE TITULOS E VALORES MOBILIARIOS LTDA;39;AGORA CTVM S/A
CYRE3;9;0,08%;109.038.396;Eletrônico D+1;23/07/2026;14:52:45;Novo (0);Regular (1);1099;INTER DISTRIBUIDORA DE TITULOS E VALORES MOBILIARIOS LTDA;39;AGORA CTVM S/A
CSAN3;56.467;3,11%;109.038.377;Balcão;23/07/2026;14:51:33;Novo (0);Regular (1);85;BTG PACTUAL CTVM S/A;23;NECTON INVESTIMENTOS - BTG PACTUAL CTVM S.A
PCAR3;75.000;12,39%;109.036.351;Balcão;23/07/2026;14:49:26;Novo (0);Regular (1);114;ITAU CV S/A;262;MIRAE ASSET WEALTH MANAGEMENT (BRASIL) CCTVM LTDA.
SANB11;1.633;6,43%;109.038.206;Balcão;23/07/2026;14:47:14;Novo (0);Regular (1);122;BGC LIQUIDEZ DTVM LTDA;122;BGC LIQUIDEZ DTVM LTDA
ORVR3;501;2,50%;109.036.663;Balcão;23/07/2026;14:47:14;Novo (0);Regular (1);23;NECTON INVESTIMENTOS - BTG PACTUAL CTVM S.A;23;NECTON INVESTIMENTOS - BTG PACTUAL CTVM S.A
UGPA3;473;0,11%;109.036.664;Balcão;23/07/2026;14:47:14;Novo (0);Regular (1);23;NECTON INVESTIMENTOS - BTG PACTUAL CTVM S.A;23;NECTON INVESTIMENTOS - BTG PACTUAL CTVM S.A
CEAB3;261;0,12%;109.036.668;Balcão;23/07/2026;14:47:14;Novo (0);Regular (1);23;NECTON INVESTIMENTOS - BTG PACTUAL CTVM S.A;23;NECTON INVESTIMENTOS - BTG PACTUAL CTVM S.A
SANB11;149;6,43%;109.038.207;Balcão;23/07/2026;14:47:14;Novo (0);Regular (1);122;BGC LIQUIDEZ DTVM LTDA;122;BGC LIQUIDEZ DTVM LTDA
SANB11;262;6,43%;109.038.209;Balcão;23/07/2026;14:47:14;Novo (0);Regular (1);122;BGC LIQUIDEZ DTVM LTDA;122;BGC LIQUIDEZ DTVM LTDA
SANB11;275;6,43%;109.038.208;Balcão;23/07/2026;14:47:14;Novo (0);Regular (1);122;BGC LIQUIDEZ DTVM LTDA;122;BGC LIQUIDEZ DTVM LTDA
RECV3;300;1,89%;109.038.203;Balcão;23/07/2026;14:47:14;Novo (0);Regular (1);122;BGC LIQUIDEZ DTVM LTDA;122;BGC LIQUIDEZ DTVM LTDA
RECV3;6.303;1,89%;109.038.205;Balcão;23/07/2026;14:47:13;Novo (0);Regular (1);122;BGC LIQUIDEZ DTVM LTDA;122;BGC LIQUIDEZ DTVM LTDA
RADL3;73;0,10%;109.036.666;Balcão;23/07/2026;14:47:13;Novo (0);Regular (1);23;NECTON INVESTIMENTOS - BTG PACTUAL CTVM S.A;23;NECTON INVESTIMENTOS - BTG PACTUAL CTVM S.A
RADL3;37;0,10%;109.023.842;Balcão;23/07/2026;14:47:13;Novo (0);Regular (1);39;AGORA CTVM S/A;39;AGORA CTVM S/A
PSSA3;71;0,03%;109.023.806;Balcão;23/07/2026;14:47:13;Novo (0);Regular (1);39;AGORA CTVM S/A;39;AGORA CTVM S/A
SANB11;5.741;6,43%;109.038.201;Balcão;23/07/2026;14:47:13;Novo (0);Regular (1);122;BGC LIQUIDEZ DTVM LTDA;122;BGC LIQUIDEZ DTVM LTDA
RECV3;497;1,89%;109.038.204;Balcão;23/07/2026;14:47:12;Novo (0);Regular (1);122;BGC LIQUIDEZ DTVM LTDA;122;BGC LIQUIDEZ DTVM LTDA
RECV3;1.798;1,89%;109.038.200;Balcão;23/07/2026;14:47:12;Novo (0);Regular (1);122;BGC LIQUIDEZ DTVM LTDA;122;BGC LIQUIDEZ DTVM LTDA
SANB11;815;6,43%;109.038.196;Balcão;23/07/2026;14:47:12;Novo (0);Regular (1);122;BGC LIQUIDEZ DTVM LTDA;122;BGC LIQUIDEZ DTVM LTDA
SANB11;114;6,43%;109.038.202;Balcão;23/07/2026;14:47:12;Novo (0);Regular (1);122;BGC LIQUIDEZ DTVM LTDA;122;BGC LIQUIDEZ DTVM LTDA
SANB11;900;6,43%;109.038.191;Balcão;23/07/2026;14:47:12;Novo (0);Regular (1);122;BGC LIQUIDEZ DTVM LTDA;122;BGC LIQUIDEZ DTVM LTDA
SANB11;13.164;6,43%;109.038.197;Balcão;23/07/2026;14:47:12;Novo (0);Regular (1);122;BGC LIQUIDEZ DTVM LTDA;122;BGC LIQUIDEZ DTVM LTDA
SANB11;2.109;6,43%;109.038.193;Balcão;23/07/2026;14:47:11;Novo (0);Regular (1);122;BGC LIQUIDEZ DTVM LTDA;122;BGC LIQUIDEZ DTVM LTDA
SANB11;198;6,43%;109.038.198;Balcão;23/07/2026;14:47:11;Novo (0);Regular (1);122;BGC LIQUIDEZ DTVM LTDA;122;BGC LIQUIDEZ DTVM LTDA
RECV3;1.743;1,89%;109.038.199;Balcão;23/07/2026;14:47:11;Novo (0);Regular (1);122;BGC LIQUIDEZ DTVM LTDA;122;BGC LIQUIDEZ DTVM LTDA
RECV3;302;1,89%;109.038.194;Balcão;23/07/2026;14:47:11;Novo (0);Regular (1);122;BGC LIQUIDEZ DTVM LTDA;122;BGC LIQUIDEZ DTVM LTDA
RECV3;8.099;1,89%;109.038.190;Balcão;23/07/2026;14:47:10;Novo (0);Regular (1);122;BGC LIQUIDEZ DTVM LTDA;122;BGC LIQUIDEZ DTVM LTDA
RECV3;229;1,89%;109.038.192;Balcão;23/07/2026;14:47:10;Novo (0);Regular (1);122;BGC LIQUIDEZ DTVM LTDA;122;BGC LIQUIDEZ DTVM LTDA
RECV3;1.729;1,89%;109.038.195;Balcão;23/07/2026;14:47:10;Novo (0);Regular (1);122;BGC LIQUIDEZ DTVM LTDA;122;BGC LIQUIDEZ DTVM LTDA
MBRF3;80.832;6,33%;109.036.323;Balcão;23/07/2026;14:46:25;Novo (0);Regular (1);2659;BANCO DO BRASIL S/A;85;BTG PACTUAL CTVM S/A
SMTO3;7.500;4,47%;109.038.188;Balcão;23/07/2026;14:44:50;Novo (0);Regular (1);1099;INTER DISTRIBUIDORA DE TITULOS E VALORES MOBILIARIOS LTDA;13;MERRILL LYNCH S/A CTVM
MELK3;13.870;0,03%;109.038.186;Balcão;23/07/2026;14:44:48;Novo (0);Regular (1);1099;INTER DISTRIBUIDORA DE TITULOS E VALORES MOBILIARIOS LTDA;13;MERRILL LYNCH S/A CTVM
ITUB3;2.419;1,16%;109.038.185;Balcão;23/07/2026;14:44:48;Novo (0);Regular (1);1099;INTER DISTRIBUIDORA DE TITULOS E VALORES MOBILIARIOS LTDA;13;MERRILL LYNCH S/A CTVM
CPFE3;12.236;0,08%;109.038.184;Balcão;23/07/2026;14:44:47;Novo (0);Regular (1);1099;INTER DISTRIBUIDORA DE TITULOS E VALORES MOBILIARIOS LTDA;13;MERRILL LYNCH S/A CTVM
ALLD3;10.300;5,00%;109.038.183;Balcão;23/07/2026;14:44:46;Novo (0);Regular (1);1099;INTER DISTRIBUIDORA DE TITULOS E VALORES MOBILIARIOS LTDA;13;MERRILL LYNCH S/A CTVM
TECK11;2.400;0,30%;109.038.182;Balcão;23/07/2026;14:44:45;Novo (0);Regular (1);1099;INTER DISTRIBUIDORA DE TITULOS E VALORES MOBILIARIOS LTDA;13;MERRILL LYNCH S/A CTVM
IVVB11;300;0,16%;109.038.181;Balcão;23/07/2026;14:44:44;Novo (0);Regular (1);1099;INTER DISTRIBUIDORA DE TITULOS E VALORES MOBILIARIOS LTDA;13;MERRILL LYNCH S/A CTVM
CSAN3;40.000;3,11%;109.038.180;Balcão;23/07/2026;14:44:44;Novo (0);Regular (1);1099;INTER DISTRIBUIDORA DE TITULOS E VALORES MOBILIARIOS LTDA;13;MERRILL LYNCH S/A CTVM
ITUB4;16.624;0,03%;109.038.178;Eletrônico D+1;23/07/2026;14:42:56;Novo (0);Regular (1);8;UBS BRASIL CCTVM S/A;8;UBS BRASIL CCTVM S/A
MBRF3;408;6,33%;109.038.161;Eletrônico D+1;23/07/2026;14:42:56;Novo (0);Regular (1);8;UBS BRASIL CCTVM S/A;8;UBS BRASIL CCTVM S/A
CSMG3;930;0,57%;109.038.174;Eletrônico D+1;23/07/2026;14:42:56;Novo (0);Regular (1);8;UBS BRASIL CCTVM S/A;8;UBS BRASIL CCTVM S/A
ISAE4;560;0,43%;109.038.171;Eletrônico D+1;23/07/2026;14:42:56;Novo (0);Regular (1);8;UBS BRASIL CCTVM S/A;8;UBS BRASIL CCTVM S/A
ISAE4;23.045;0,43%;109.038.175;Eletrônico D+1;23/07/2026;14:42:55;Novo (0);Regular (1);8;UBS BRASIL CCTVM S/A;8;UBS BRASIL CCTVM S/A
IGTI11;2.385;0,25%;109.038.168;Eletrônico D+1;23/07/2026;14:42:55;Novo (0);Regular (1);8;UBS BRASIL CCTVM S/A;8;UBS BRASIL CCTVM S/A
ASAI3;480;18,34%;109.038.172;Eletrônico D+1;23/07/2026;14:42:55;Novo (0);Regular (1);8;UBS BRASIL CCTVM S/A;8;UBS BRASIL CCTVM S/A
CSMG3;209;0,57%;109.038.156;Eletrônico D+1;23/07/2026;14:42:55;Novo (0);Regular (1);8;UBS BRASIL CCTVM S/A;8;UBS BRASIL CCTVM S/A
SBSP3;12.786;0,07%;109.038.176;Eletrônico D+1;23/07/2026;14:42:55;Novo (0);Regular (1);8;UBS BRASIL CCTVM S/A;8;UBS BRASIL CCTVM S/A
ENGI11;494;0,12%;109.038.133;Eletrônico D+1;23/07/2026;14:42:55;Novo (0);Regular (1);8;UBS BRASIL CCTVM S/A;8;UBS BRASIL CCTVM S/A
IGTI11;125;0,25%;109.038.164;Eletrônico D+1;23/07/2026;14:42:55;Novo (0);Regular (1);8;UBS BRASIL CCTVM S/A;8;UBS BRASIL CCTVM S/A
ENGI11;667;0,12%;109.038.138;Eletrônico D+1;23/07/2026;14:42:55;Novo (0);Regular (1);8;UBS BRASIL CCTVM S/A;8;UBS BRASIL CCTVM S/A
ITUB3;133;1,16%;109.038.124;Eletrônico D+1;23/07/2026;14:42:55;Novo (0);Regular (1);8;UBS BRASIL CCTVM S/A;8;UBS BRASIL CCTVM S/A
CSMG3;3.033;0,57%;109.038.151;Eletrônico D+1;23/07/2026;14:42:55;Novo (0);Regular (1);8;UBS BRASIL CCTVM S/A;8;UBS BRASIL CCTVM S/A
CSMG3;2.467;0,57%;109.038.154;Eletrônico D+1;23/07/2026;14:42:55;Novo (0);Regular (1);8;UBS BRASIL CCTVM S/A;8;UBS BRASIL CCTVM S/A
MBRF3;10.274;6,33%;109.038.173;Eletrônico D+1;23/07/2026;14:42:55;Novo (0);Regular (1);8;UBS BRASIL CCTVM S/A;8;UBS BRASIL CCTVM S/A
ISAE4;5.057;0,43%;109.038.149;Eletrônico D+1;23/07/2026;14:42:55;Novo (0);Regular (1);8;UBS BRASIL CCTVM S/A;8;UBS BRASIL CCTVM S/A
ITUB4;4.618;0,03%;109.038.131;Eletrônico D+1;23/07/2026;14:42:54;Novo (0);Regular (1);8;UBS BRASIL CCTVM S/A;8;UBS BRASIL CCTVM S/A
ISAE4;298;0,43%;109.038.145;Eletrônico D+1;23/07/2026;14:42:54;Novo (0);Regular (1);8;UBS BRASIL CCTVM S/A;8;UBS BRASIL CCTVM S/A
CSMG3;696;0,57%;109.038.148;Eletrônico D+1;23/07/2026;14:42:53;Novo (0);Regular (1);8;UBS BRASIL CCTVM S/A;8;UBS BRASIL CCTVM S/A
MBRF3;108;6,33%;109.038.141;Eletrônico D+1;23/07/2026;14:42:53;Novo (0);Regular (1);8;UBS BRASIL CCTVM S/A;8;UBS BRASIL CCTVM S/A
ISAE4;146;0,43%;109.038.127;Eletrônico D+1;23/07/2026;14:42:53;Novo (0);Regular (1);8;UBS BRASIL CCTVM S/A;8;UBS BRASIL CCTVM S/A
ISAE4;580;0,43%;109.038.132;Eletrônico D+1;23/07/2026;14:42:53;Novo (0);Regular (1);8;UBS BRASIL CCTVM S/A;8;UBS BRASIL CCTVM S/A
CSMG3;487;0,57%;109.038.177;Eletrônico D+1;23/07/2026;14:42:53;Novo (0);Regular (1);8;UBS BRASIL CCTVM S/A;8;UBS BRASIL CCTVM S/A
IGTI11;142;0,25%;109.038.139;Eletrônico D+1;23/07/2026;14:42:53;Novo (0);Regular (1);8;UBS BRASIL CCTVM S/A;8;UBS BRASIL CCTVM S/A
MBRF3;1.309;6,33%;109.038.147;Eletrônico D+1;23/07/2026;14:42:53;Novo (0);Regular (1);8;UBS BRASIL CCTVM S/A;8;UBS BRASIL CCTVM S/A
IGTI11;131;0,25%;109.038.146;Eletrônico D+1;23/07/2026;14:42:53;Novo (0);Regular (1);8;UBS BRASIL CCTVM S/A;8;UBS BRASIL CCTVM S/A
ASAI3;351;18,34%;109.038.134;Eletrônico D+1;23/07/2026;14:42:53;Novo (0);Regular (1);8;UBS BRASIL CCTVM S/A;8;UBS BRASIL CCTVM S/A
ASAI3;1.741;18,34%;109.038.159;Eletrônico D+1;23/07/2026;14:42:52;Novo (0);Regular (1);8;UBS BRASIL CCTVM S/A;8;UBS BRASIL CCTVM S/A
IGTI11;391;0,25%;109.038.167;Eletrônico D+1;23/07/2026;14:42:52;Novo (0);Regular (1);8;UBS BRASIL CCTVM S/A;8;UBS BRASIL CCTVM S/A
ISAE4;3.454;0,43%;109.038.163;Eletrônico D+1;23/07/2026;14:42:52;Novo (0);Regular (1);8;UBS BRASIL CCTVM S/A;8;UBS BRASIL CCTVM S/A
CSMG3;179;0,57%;109.038.128;Eletrônico D+1;23/07/2026;14:42:52;Novo (0);Regular (1);8;UBS BRASIL CCTVM S/A;8;UBS BRASIL CCTVM S/A
CSMG3;214;0,57%;109.038.143;Eletrônico D+1;23/07/2026;14:42:52;Novo (0);Regular (1);8;UBS BRASIL CCTVM S/A;8;UBS BRASIL CCTVM S/A
ENGI11;113;0,12%;109.038.126;Eletrônico D+1;23/07/2026;14:42:52;Novo (0);Regular (1);8;UBS BRASIL CCTVM S/A;8;UBS BRASIL CCTVM S/A
SBSP3;18.133;0,07%;109.038.136;Eletrônico D+1;23/07/2026;14:42:52;Novo (0);Regular (1);8;UBS BRASIL CCTVM S/A;8;UBS BRASIL CCTVM S/A
CSMG3;276;0,57%;109.038.169;Eletrônico D+1;23/07/2026;14:42:52;Novo (0);Regular (1);8;UBS BRASIL CCTVM S/A;8;UBS BRASIL CCTVM S/A
ASAI3;245;18,34%;109.038.160;Eletrônico D+1;23/07/2026;14:42:52;Novo (0);Regular (1);8;UBS BRASIL CCTVM S/A;8;UBS BRASIL CCTVM S/A
CSMG3;1.845;0,57%;109.038.153;Eletrônico D+1;23/07/2026;14:42:52;Novo (0);Regular (1);8;UBS BRASIL CCTVM S/A;8;UBS BRASIL CCTVM S/A
ISAE4;8.566;0,43%;109.038.166;Eletrônico D+1;23/07/2026;14:42:52;Novo (0);Regular (1);8;UBS BRASIL CCTVM S/A;8;UBS BRASIL CCTVM S/A
MBRF3;2.436;6,33%;109.038.152;Eletrônico D+1;23/07/2026;14:42:52;Novo (0);Regular (1);8;UBS BRASIL CCTVM S/A;8;UBS BRASIL CCTVM S/A
ITUB3;4.167;1,16%;109.038.129;Eletrônico D+1;23/07/2026;14:42:52;Novo (0);Regular (1);8;UBS BRASIL CCTVM S/A;8;UBS BRASIL CCTVM S/A
ISAE4;5.079;0,43%;109.038.150;Eletrônico D+1;23/07/2026;14:42:52;Novo (0);Regular (1);8;UBS BRASIL CCTVM S/A;8;UBS BRASIL CCTVM S/A
ASAI3;2.308;18,34%;109.038.144;Eletrônico D+1;23/07/2026;14:42:52;Novo (0);Regular (1);8;UBS BRASIL CCTVM S/A;8;UBS BRASIL CCTVM S/A
IGTI11;1.247;0,25%;109.038.155;Eletrônico D+1;23/07/2026;14:42:52;Novo (0);Regular (1);8;UBS BRASIL CCTVM S/A;8;UBS BRASIL CCTVM S/A
SBSP3;8.341;0,07%;109.038.179;Eletrônico D+1;23/07/2026;14:42:52;Novo (0);Regular (1);8;UBS BRASIL CCTVM S/A;8;UBS BRASIL CCTVM S/A
ISAE4;1.010;0,43%;109.038.158;Eletrônico D+1;23/07/2026;14:42:52;Novo (0);Regular (1);8;UBS BRASIL CCTVM S/A;8;UBS BRASIL CCTVM S/A
CSMG3;2.899;0,57%;109.038.165;Eletrônico D+1;23/07/2026;14:42:52;Novo (0);Regular (1);8;UBS BRASIL CCTVM S/A;8;UBS BRASIL CCTVM S/A
SBSP3;26.048;0,07%;109.038.162;Eletrônico D+1;23/07/2026;14:42:52;Novo (0);Regular (1);8;UBS BRASIL CCTVM S/A;8;UBS BRASIL CCTVM S/A
ITUB4;3.620;0,03%;109.038.140;Eletrônico D+1;23/07/2026;14:42:52;Novo (0);Regular (1);8;UBS BRASIL CCTVM S/A;8;UBS BRASIL CCTVM S/A
MBRF3;1.425;6,33%;109.038.170;Eletrônico D+1;23/07/2026;14:42:51;Novo (0);Regular (1);8;UBS BRASIL CCTVM S/A;8;UBS BRASIL CCTVM S/A
ASAI3;107;18,34%;109.038.130;Eletrônico D+1;23/07/2026;14:42:49;Novo (0);Regular (1);8;UBS BRASIL CCTVM S/A;8;UBS BRASIL CCTVM S/A
ISAE4;127;0,43%;109.038.135;Eletrônico D+1;23/07/2026;14:42:49;Novo (0);Regular (1);8;UBS BRASIL CCTVM S/A;8;UBS BRASIL CCTVM S/A
ITUB4;41.937;0,03%;109.038.157;Eletrônico D+1;23/07/2026;14:42:49;Novo (0);Regular (1);8;UBS BRASIL CCTVM S/A;8;UBS BRASIL CCTVM S/A
CSMG3;196;0,57%;109.038.125;Eletrônico D+1;23/07/2026;14:42:49;Novo (0);Regular (1);8;UBS BRASIL CCTVM S/A;8;UBS BRASIL CCTVM S/A
ENGI11;572;0,12%;109.038.142;Eletrônico D+1;23/07/2026;14:42:49;Novo (0);Regular (1);8;UBS BRASIL CCTVM S/A;8;UBS BRASIL CCTVM S/A
ITUB4;3.916;0,03%;109.038.137;Eletrônico D+1;23/07/2026;14:42:49;Novo (0);Regular (1);8;UBS BRASIL CCTVM S/A;8;UBS BRASIL CCTVM S/A
SBSP3;29.270;0,07%;109.038.123;Eletrônico D+1;23/07/2026;14:42:49;Novo (0);Regular (1);8;UBS BRASIL CCTVM S/A;8;UBS BRASIL CCTVM S/A
HAPV3;707;0,24%;109.036.037;Eletrônico D+1;23/07/2026;14:42:12;Novo (0);Regular (1);40;MORGAN STANLEY CTVM S/A;40;MORGAN STANLEY CTVM S/A
ENGI11;807;0,12%;109.038.122;Eletrônico D+1;23/07/2026;14:42:09;Novo (0);Regular (1);8;UBS BRASIL CCTVM S/A;8;UBS BRASIL CCTVM S/A
ENGI11;1.257;0,12%;109.038.111;Eletrônico D+1;23/07/2026;14:42:09;Novo (0);Regular (1);8;UBS BRASIL CCTVM S/A;8;UBS BRASIL CCTVM S/A
ENGI11;1.229;0,12%;109.038.107;Eletrônico D+1;23/07/2026;14:42:09;Novo (0);Regular (1);8;UBS BRASIL CCTVM S/A;8;UBS BRASIL CCTVM S/A
BRKM5;12.141;18,15%;109.038.097;Eletrônico D+1;23/07/2026;14:42:09;Novo (0);Regular (1);8;UBS BRASIL CCTVM S/A;8;UBS BRASIL CCTVM S/A
BBDC3;423;0,03%;109.038.108;Eletrônico D+1;23/07/2026;14:42:09;Novo (0);Regular (1);8;UBS BRASIL CCTVM S/A;8;UBS BRASIL CCTVM S/A
BBDC3;1.223;0,03%;109.038.117;Eletrônico D+1;23/07/2026;14:42:09;Novo (0);Regular (1);8;UBS BRASIL CCTVM S/A;8;UBS BRASIL CCTVM S/A
IRBR3;706;0,11%;109.038.099;Eletrônico D+1;23/07/2026;14:42:09;Novo (0);Regular (1);8;UBS BRASIL CCTVM S/A;8;UBS BRASIL CCTVM S/A
IRBR3;1.540;0,11%;109.038.119;Eletrônico D+1;23/07/2026;14:42:08;Novo (0);Regular (1);8;UBS BRASIL CCTVM S/A;8;UBS BRASIL CCTVM S/A
IRBR3;1.147;0,11%;109.038.113;Eletrônico D+1;23/07/2026;14:42:08;Novo (0);Regular (1);8;UBS BRASIL CCTVM S/A;8;UBS BRASIL CCTVM S/A
BRKM5;142;18,15%;109.038.116;Eletrônico D+1;23/07/2026;14:42:08;Novo (0);Regular (1);8;UBS BRASIL CCTVM S/A;8;UBS BRASIL CCTVM S/A
BBDC3;12.312;0,03%;109.038.118;Eletrônico D+1;23/07/2026;14:42:08;Novo (0);Regular (1);8;UBS BRASIL CCTVM S/A;8;UBS BRASIL CCTVM S/A
BRKM5;3.507;18,15%;109.038.109;Eletrônico D+1;23/07/2026;14:42:07;Novo (0);Regular (1);8;UBS BRASIL CCTVM S/A;8;UBS BRASIL CCTVM S/A
SUZB3;1.984;0,03%;109.038.115;Eletrônico D+1;23/07/2026;14:42:07;Novo (0);Regular (1);8;UBS BRASIL CCTVM S/A;8;UBS BRASIL CCTVM S/A
EMBJ3;13.100;0,06%;109.038.120;Eletrônico D+1;23/07/2026;14:42:07;Novo (0);Regular (1);8;UBS BRASIL CCTVM S/A;8;UBS BRASIL CCTVM S/A
UGPA3;10.000;0,11%;109.038.121;Eletrônico D+1;23/07/2026;14:42:07;Novo (0);Regular (1);8;UBS BRASIL CCTVM S/A;8;UBS BRASIL CCTVM S/A
BBDC3;2.060;0,03%;109.038.114;Eletrônico D+1;23/07/2026;14:42:07;Novo (0);Regular (1);8;UBS BRASIL CCTVM S/A;8;UBS BRASIL CCTVM S/A
ENGI11;1.648;0,12%;109.038.095;Eletrônico D+1;23/07/2026;14:42:07;Novo (0);Regular (1);8;UBS BRASIL CCTVM S/A;8;UBS BRASIL CCTVM S/A
IRBR3;2.007;0,11%;109.038.096;Eletrônico D+1;23/07/2026;14:42:07;Novo (0);Regular (1);8;UBS BRASIL CCTVM S/A;8;UBS BRASIL CCTVM S/A
BBDC3;1.161;0,03%;109.038.098;Eletrônico D+1;23/07/2026;14:42:07;Novo (0);Regular (1);8;UBS BRASIL CCTVM S/A;8;UBS BRASIL CCTVM S/A
SUZB3;5.078;0,03%;109.038.110;Eletrônico D+1;23/07/2026;14:42:06;Novo (0);Regular (1);8;UBS BRASIL CCTVM S/A;8;UBS BRASIL CCTVM S/A
ENGI11;177;0,12%;109.038.101;Eletrônico D+1;23/07/2026;14:42:06;Novo (0);Regular (1);8;UBS BRASIL CCTVM S/A;8;UBS BRASIL CCTVM S/A
BBDC3;11.135;0,03%;109.038.106;Eletrônico D+1;23/07/2026;14:42:06;Novo (0);Regular (1);8;UBS BRASIL CCTVM S/A;8;UBS BRASIL CCTVM S/A
BRKM5;1.047;18,15%;109.038.091;Eletrônico D+1;23/07/2026;14:42:06;Novo (0);Regular (1);8;UBS BRASIL CCTVM S/A;8;UBS BRASIL CCTVM S/A
BBDC3;1.296;0,03%;109.038.094;Eletrônico D+1;23/07/2026;14:42:06;Novo (0);Regular (1);8;UBS BRASIL CCTVM S/A;8;UBS BRASIL CCTVM S/A
SUZB3;1.752;0,03%;109.038.092;Eletrônico D+1;23/07/2026;14:42:06;Novo (0);Regular (1);8;UBS BRASIL CCTVM S/A;8;UBS BRASIL CCTVM S/A
SUZB3;635;0,03%;109.038.100;Eletrônico D+1;23/07/2026;14:42:06;Novo (0);Regular (1);8;UBS BRASIL CCTVM S/A;8;UBS BRASIL CCTVM S/A
BRKM5;142;18,15%;109.038.089;Eletrônico D+1;23/07/2026;14:42:06;Novo (0);Regular (1);8;UBS BRASIL CCTVM S/A;8;UBS BRASIL CCTVM S/A
BBDC3;1.669;0,03%;109.038.093;Eletrônico D+1;23/07/2026;14:42:06;Novo (0);Regular (1);8;UBS BRASIL CCTVM S/A;8;UBS BRASIL CCTVM S/A
BBDC3;1.327;0,03%;109.038.104;Eletrônico D+1;23/07/2026;14:42:05;Novo (0);Regular (1);8;UBS BRASIL CCTVM S/A;8;UBS BRASIL CCTVM S/A
BRKM5;906;18,15%;109.038.102;Eletrônico D+1;23/07/2026;14:42:05;Novo (0);Regular (1);8;UBS BRASIL CCTVM S/A;8;UBS BRASIL CCTVM S/A
ENGI11;41;0,12%;109.038.103;Eletrônico D+1;23/07/2026;14:42:05;Novo (0);Regular (1);8;UBS BRASIL CCTVM S/A;8;UBS BRASIL CCTVM S/A
BBDC3;1.256;0,03%;109.038.105;Eletrônico D+1;23/07/2026;14:42:05;Novo (0);Regular (1);8;UBS BRASIL CCTVM S/A;8;UBS BRASIL CCTVM S/A
SUZB3;17.487;0,03%;109.038.090;Eletrônico D+1;23/07/2026;14:42:05;Novo (0);Regular (1);8;UBS BRASIL CCTVM S/A;8;UBS BRASIL CCTVM S/A
BRKM5;1.596;18,15%;109.038.112;Eletrônico D+1;23/07/2026;14:42:05;Novo (0);Regular (1);8;UBS BRASIL CCTVM S/A;8;UBS BRASIL CCTVM S/A
ENEV3;236;0,09%;109.038.074;Eletrônico D+1;23/07/2026;14:41:30;Novo (0);Regular (1);8;UBS BRASIL CCTVM S/A;8;UBS BRASIL CCTVM S/A
MSFT34;32;0,10%;109.038.077;Eletrônico D+1;23/07/2026;14:41:30;Novo (0);Regular (1);8;UBS BRASIL CCTVM S/A;8;UBS BRASIL CCTVM S/A
GOAU4;296;0,04%;109.038.079;Eletrônico D+1;23/07/2026;14:41:30;Novo (0);Regular (1);8;UBS BRASIL CCTVM S/A;8;UBS BRASIL CCTVM S/A
GOAU4;223;0,04%;109.038.060;Eletrônico D+1;23/07/2026;14:41:30;Novo (0);Regular (1);8;UBS BRASIL CCTVM S/A;8;UBS BRASIL CCTVM S/A
SUZB3;212;0,03%;109.038.080;Eletrônico D+1;23/07/2026;14:41:29;Novo (0);Regular (1);8;UBS BRASIL CCTVM S/A;8;UBS BRASIL CCTVM S/A
ENEV3;532;0,09%;109.038.086;Eletrônico D+1;23/07/2026;14:41:29;Novo (0);Regular (1);8;UBS BRASIL CCTVM S/A;8;UBS BRASIL CCTVM S/A
ENEV3;219;0,09%;109.038.066;Eletrônico D+1;23/07/2026;14:41:29;Novo (0);Regular (1);8;UBS BRASIL CCTVM S/A;8;UBS BRASIL CCTVM S/A
SUZB3;160;0,03%;109.038.084;Eletrônico D+1;23/07/2026;14:41:29;Novo (0);Regular (1);8;UBS BRASIL CCTVM S/A;8;UBS BRASIL CCTVM S/A
ASAI3;10.284;18,34%;109.038.078;Eletrônico D+1;23/07/2026;14:41:29;Novo (0);Regular (1);8;UBS BRASIL CCTVM S/A;8;UBS BRASIL CCTVM S/A
ASAI3;95.925;18,34%;109.038.082;Eletrônico D+1;23/07/2026;14:41:29;Novo (0);Regular (1);8;UBS BRASIL CCTVM S/A;8;UBS BRASIL CCTVM S/A
SUZB3;133;0,03%;109.038.062;Eletrônico D+1;23/07/2026;14:41:29;Novo (0);Regular (1);8;UBS BRASIL CCTVM S/A;8;UBS BRASIL CCTVM S/A
GOAU4;1.951;0,04%;109.038.057;Eletrônico D+1;23/07/2026;14:41:29;Novo (0);Regular (1);8;UBS BRASIL CCTVM S/A;8;UBS BRASIL CCTVM S/A
GOAU4;215;0,04%;109.038.075;Eletrônico D+1;23/07/2026;14:41:29;Novo (0);Regular (1);8;UBS BRASIL CCTVM S/A;8;UBS BRASIL CCTVM S/A
GOAU4;214;0,04%;109.038.061;Eletrônico D+1;23/07/2026;14:41:29;Novo (0);Regular (1);8;UBS BRASIL CCTVM S/A;8;UBS BRASIL CCTVM S/A
ASAI3;5.706;18,34%;109.038.083;Eletrônico D+1;23/07/2026;14:41:28;Novo (0);Regular (1);8;UBS BRASIL CCTVM S/A;8;UBS BRASIL CCTVM S/A
ITUB4;4;0,03%;109.038.087;Eletrônico D+1;23/07/2026;14:41:28;Novo (0);Regular (1);8;UBS BRASIL CCTVM S/A;8;UBS BRASIL CCTVM S/A
ASAI3;13.617;18,34%;109.038.085;Eletrônico D+1;23/07/2026;14:41:28;Novo (0);Regular (1);8;UBS BRASIL CCTVM S/A;8;UBS BRASIL CCTVM S/A
SUZB3;158;0,03%;109.038.072;Eletrônico D+1;23/07/2026;14:41:28;Novo (0);Regular (1);8;UBS BRASIL CCTVM S/A;8;UBS BRASIL CCTVM S/A
GOAU4;555;0,04%;109.038.076;Eletrônico D+1;23/07/2026;14:41:28;Novo (0);Regular (1);8;UBS BRASIL CCTVM S/A;8;UBS BRASIL CCTVM S/A
ASAI3;9.746;18,34%;109.038.071;Eletrônico D+1;23/07/2026;14:41:26;Novo (0);Regular (1);8;UBS BRASIL CCTVM S/A;8;UBS BRASIL CCTVM S/A
IRBR3;54;0,11%;109.038.069;Eletrônico D+1;23/07/2026;14:41:26;Novo (0);Regular (1);8;UBS BRASIL CCTVM S/A;8;UBS BRASIL CCTVM S/A
MBRF3;130;6,33%;109.038.059;Eletrônico D+1;23/07/2026;14:41:26;Novo (0);Regular (1);8;UBS BRASIL CCTVM S/A;8;UBS BRASIL CCTVM S/A
SUZB3;181;0,03%;109.038.081;Eletrônico D+1;23/07/2026;14:41:26;Novo (0);Regular (1);8;UBS BRASIL CCTVM S/A;8;UBS BRASIL CCTVM S/A
SBSP3;600;0,07%;109.038.058;Eletrônico D+1;23/07/2026;14:41:26;Novo (0);Regular (1);8;UBS BRASIL CCTVM S/A;8;UBS BRASIL CCTVM S/A
ASAI3;15.808;18,34%;109.038.064;Eletrônico D+1;23/07/2026;14:41:26;Novo (0);Regular (1);8;UBS BRASIL CCTVM S/A;8;UBS BRASIL CCTVM S/A
ASAI3;4.054;18,34%;109.038.073;Eletrônico D+1;23/07/2026;14:41:26;Novo (0);Regular (1);8;UBS BRASIL CCTVM S/A;8;UBS BRASIL CCTVM S/A
ENEV3;150;0,09%;109.038.068;Eletrônico D+1;23/07/2026;14:41:26;Novo (0);Regular (1);8;UBS BRASIL CCTVM S/A;8;UBS BRASIL CCTVM S/A
ENEV3;247;0,09%;109.038.070;Eletrônico D+1;23/07/2026;14:41:26;Novo (0);Regular (1);8;UBS BRASIL CCTVM S/A;8;UBS BRASIL CCTVM S/A
MBRF3;147;6,33%;109.038.067;Eletrônico D+1;23/07/2026;14:41:26;Novo (0);Regular (1);8;UBS BRASIL CCTVM S/A;8;UBS BRASIL CCTVM S/A
SUZB3;62;0,03%;109.038.065;Eletrônico D+1;23/07/2026;14:41:25;Novo (0);Regular (1);8;UBS BRASIL CCTVM S/A;8;UBS BRASIL CCTVM S/A
ENEV3;386;0,09%;109.038.063;Eletrônico D+1;23/07/2026;14:41:25;Novo (0);Regular (1);8;UBS BRASIL CCTVM S/A;8;UBS BRASIL CCTVM S/A
CMIN3;24.700;42,73%;109.038.055;Eletrônico D+1;23/07/2026;14:40:38;Novo (0);Regular (1);8;UBS BRASIL CCTVM S/A;8;UBS BRASIL CCTVM S/A
AUAU3;1.000;0,45%;109.038.054;Eletrônico D+1;23/07/2026;14:40:38;Novo (0);Regular (1);8;UBS BRASIL CCTVM S/A;8;UBS BRASIL CCTVM S/A
CMIN3;701.020;50,00%;109.038.051;Eletrônico D+1;23/07/2026;14:40:37;Novo (0);Regular (1);8;UBS BRASIL CCTVM S/A;8;UBS BRASIL CCTVM S/A
ABEV3;2.888;2,88%;109.038.052;Eletrônico D+1;23/07/2026;14:40:37;Novo (0);Regular (1);8;UBS BRASIL CCTVM S/A;8;UBS BRASIL CCTVM S/A
WEGE3;13;0,03%;109.038.050;Eletrônico D+1;23/07/2026;14:40:37;Novo (0);Regular (1);8;UBS BRASIL CCTVM S/A;8;UBS BRASIL CCTVM S/A
WEGE3;402.500;0,03%;109.038.053;Eletrônico D+1;23/07/2026;14:40:37;Novo (0);Regular (1);8;UBS BRASIL CCTVM S/A;8;UBS BRASIL CCTVM S/A
BBSE3;54.000;2,00%;109.038.049;Eletrônico D+1;23/07/2026;14:40:37;Novo (0);Regular (1);8;UBS BRASIL CCTVM S/A;8;UBS BRASIL CCTVM S/A
BBSE3;110.900;2,00%;109.038.047;Eletrônico D+1;23/07/2026;14:40:37;Novo (0);Regular (1);8;UBS BRASIL CCTVM S/A;8;UBS BRASIL CCTVM S/A
ABEV3;247.076;2,88%;109.038.046;Eletrônico D+1;23/07/2026;14:40:37;Novo (0);Regular (1);8;UBS BRASIL CCTVM S/A;8;UBS BRASIL CCTVM S/A
WEGE3;199.300;0,03%;109.038.048;Eletrônico D+1;23/07/2026;14:40:37;Novo (0);Regular (1);8;UBS BRASIL CCTVM S/A;8;UBS BRASIL CCTVM S/A
RDOR3;2.212;0,08%;109.038.045;Eletrônico D+1;23/07/2026;14:39:54;Novo (0);Regular (1);8;UBS BRASIL CCTVM S/A;8;UBS BRASIL CCTVM S/A
UGPA3;923;0,11%;109.038.024;Eletrônico D+1;23/07/2026;14:39:54;Novo (0);Regular (1);8;UBS BRASIL CCTVM S/A;8;UBS BRASIL CCTVM S/A
RDOR3;326;0,08%;109.038.036;Eletrônico D+1;23/07/2026;14:39:53;Novo (0);Regular (1);8;UBS BRASIL CCTVM S/A;8;UBS BRASIL CCTVM S/A
RDOR3;273;0,08%;109.038.043;Eletrônico D+1;23/07/2026;14:39:53;Novo (0);Regular (1);8;UBS BRASIL CCTVM S/A;8;UBS BRASIL CCTVM S/A
CPTS11;663;0,33%;109.038.039;Eletrônico D+1;23/07/2026;14:39:53;Novo (0);Regular (1);8;UBS BRASIL CCTVM S/A;8;UBS BRASIL CCTVM S/A
UGPA3;197;0,11%;109.038.044;Eletrônico D+1;23/07/2026;14:39:53;Novo (0);Regular (1);8;UBS BRASIL CCTVM S/A;8;UBS BRASIL CCTVM S/A
ITUB4;3.635;0,03%;109.038.019;Eletrônico D+1;23/07/2026;14:39:53;Novo (0);Regular (1);8;UBS BRASIL CCTVM S/A;8;UBS BRASIL CCTVM S/A
ITUB4;2.465;0,03%;109.038.038;Eletrônico D+1;23/07/2026;14:39:53;Novo (0);Regular (1);8;UBS BRASIL CCTVM S/A;8;UBS BRASIL CCTVM S/A
MSFT34;190;0,10%;109.038.028;Eletrônico D+1;23/07/2026;14:39:53;Novo (0);Regular (1);8;UBS BRASIL CCTVM S/A;8;UBS BRASIL CCTVM S/A
ITUB4;705;0,03%;109.038.021;Eletrônico D+1;23/07/2026;14:39:53;Novo (0);Regular (1);8;UBS BRASIL CCTVM S/A;8;UBS BRASIL CCTVM S/A
UGPA3;119;0,11%;109.038.015;Eletrônico D+1;23/07/2026;14:39:52;Novo (0);Regular (1);8;UBS BRASIL CCTVM S/A;8;UBS BRASIL CCTVM S/A
UGPA3;1.086;0,11%;109.038.011;Eletrônico D+1;23/07/2026;14:39:52;Novo (0);Regular (1);8;UBS BRASIL CCTVM S/A;8;UBS BRASIL CCTVM S/A
TFCO4;1.400;0,06%;109.038.013;Eletrônico D+1;23/07/2026;14:39:52;Novo (0);Regular (1);8;UBS BRASIL CCTVM S/A;8;UBS BRASIL CCTVM S/A
ITUB4;121;0,03%;109.038.040;Eletrônico D+1;23/07/2026;14:39:52;Novo (0);Regular (1);8;UBS BRASIL CCTVM S/A;8;UBS BRASIL CCTVM S/A
TECK11;2;0,30%;109.038.037;Eletrônico D+1;23/07/2026;14:39:52;Novo (0);Regular (1);8;UBS BRASIL CCTVM S/A;8;UBS BRASIL CCTVM S/A
ITUB4;320;0,03%;109.038.042;Eletrônico D+1;23/07/2026;14:39:52;Novo (0);Regular (1);8;UBS BRASIL CCTVM S/A;8;UBS BRASIL CCTVM S/A
EMBJ3;2.598;0,06%;109.038.022;Eletrônico D+1;23/07/2026;14:39:52;Novo (0);Regular (1);8;UBS BRASIL CCTVM S/A;8;UBS BRASIL CCTVM S/A
ITUB4;187;0,03%;109.038.031;Eletrônico D+1;23/07/2026;14:39:52;Novo (0);Regular (1);8;UBS BRASIL CCTVM S/A;8;UBS BRASIL CCTVM S/A
RDOR3;141;0,08%;109.038.041;Eletrônico D+1;23/07/2026;14:39:52;Novo (0);Regular (1);8;UBS BRASIL CCTVM S/A;8;UBS BRASIL CCTVM S/A
ITUB4;306;0,03%;109.038.016;Eletrônico D+1;23/07/2026;14:39:52;Novo (0);Regular (1);8;UBS BRASIL CCTVM S/A;8;UBS BRASIL CCTVM S/A
ITUB4;283;0,03%;109.038.035;Eletrônico D+1;23/07/2026;14:39:52;Novo (0);Regular (1);8;UBS BRASIL CCTVM S/A;8;UBS BRASIL CCTVM S/A
POMO3;5.026;0,23%;109.038.030;Eletrônico D+1;23/07/2026;14:39:52;Novo (0);Regular (1);8;UBS BRASIL CCTVM S/A;8;UBS BRASIL CCTVM S/A
UGPA3;1.144;0,11%;109.038.025;Eletrônico D+1;23/07/2026;14:39:52;Novo (0);Regular (1);8;UBS BRASIL CCTVM S/A;8;UBS BRASIL CCTVM S/A
RDOR3;316;0,08%;109.038.026;Eletrônico D+1;23/07/2026;14:39:52;Novo (0);Regular (1);8;UBS BRASIL CCTVM S/A;8;UBS BRASIL CCTVM S/A
EMBJ3;12.736;0,06%;109.038.032;Eletrônico D+1;23/07/2026;14:39:52;Novo (0);Regular (1);8;UBS BRASIL CCTVM S/A;8;UBS BRASIL CCTVM S/A
UGPA3;388;0,11%;109.038.033;Eletrônico D+1;23/07/2026;14:39:52;Novo (0);Regular (1);8;UBS BRASIL CCTVM S/A;8;UBS BRASIL CCTVM S/A
ITUB4;320;0,03%;109.038.014;Eletrônico D+1;23/07/2026;14:39:51;Novo (0);Regular (1);8;UBS BRASIL CCTVM S/A;8;UBS BRASIL CCTVM S/A
UGPA3;1.021;0,11%;109.038.029;Eletrônico D+1;23/07/2026;14:39:51;Novo (0);Regular (1);8;UBS BRASIL CCTVM S/A;8;UBS BRASIL CCTVM S/A
ITUB4;3.737;0,03%;109.038.027;Eletrônico D+1;23/07/2026;14:39:50;Novo (0);Regular (1);8;UBS BRASIL CCTVM S/A;8;UBS BRASIL CCTVM S/A
RDOR3;549;0,08%;109.038.034;Eletrônico D+1;23/07/2026;14:39:50;Novo (0);Regular (1);8;UBS BRASIL CCTVM S/A;8;UBS BRASIL CCTVM S/A
POMO3;741;0,23%;109.038.020;Eletrônico D+1;23/07/2026;14:39:50;Novo (0);Regular (1);8;UBS BRASIL CCTVM S/A;8;UBS BRASIL CCTVM S/A
POMO3;603;0,23%;109.038.023;Eletrônico D+1;23/07/2026;14:39:50;Novo (0);Regular (1);8;UBS BRASIL CCTVM S/A;8;UBS BRASIL CCTVM S/A
RDOR3;547;0,08%;109.038.018;Eletrônico D+1;23/07/2026;14:39:50;Novo (0);Regular (1);8;UBS BRASIL CCTVM S/A;8;UBS BRASIL CCTVM S/A
RECV3;318;1,89%;109.038.017;Eletrônico D+1;23/07/2026;14:39:50;Novo (0);Regular (1);8;UBS BRASIL CCTVM S/A;8;UBS BRASIL CCTVM S/A
POMO3;330;0,23%;109.038.010;Eletrônico D+1;23/07/2026;14:39:47;Novo (0);Regular (1);8;UBS BRASIL CCTVM S/A;8;UBS BRASIL CCTVM S/A
ITUB4;771;0,03%;109.038.012;Eletrônico D+1;23/07/2026;14:39:47;Novo (0);Regular (1);8;UBS BRASIL CCTVM S/A;8;UBS BRASIL CCTVM S/A
CMIN3;6.829;42,73%;109.036.384;Balcão;23/07/2026;14:39:37;Novo (0);Regular (1);114;ITAU CV S/A;114;ITAU CV S/A
EMBJ3;1.620;0,06%;109.037.857;Eletrônico D+1;23/07/2026;14:39:24;Novo (0);Regular (1);8;UBS BRASIL CCTVM S/A;8;UBS BRASIL CCTVM S/A
EMBJ3;233;0,06%;109.037.858;Eletrônico D+1;23/07/2026;14:39:23;Novo (0);Regular (1);8;UBS BRASIL CCTVM S/A;8;UBS BRASIL CCTVM S/A
EMBJ3;235;0,06%;109.037.856;Eletrônico D+1;23/07/2026;14:39:23;Novo (0);Regular (1);8;UBS BRASIL CCTVM S/A;8;UBS BRASIL CCTVM S/A
EMBJ3;963;0,06%;109.037.855;Eletrônico D+1;23/07/2026;14:39:23;Novo (0);Regular (1);8;UBS BRASIL CCTVM S/A;8;UBS BRASIL CCTVM S/A
EMBJ3;242;0,06%;109.037.864;Eletrônico D+1;23/07/2026;14:39:23;Novo (0);Regular (1);8;UBS BRASIL CCTVM S/A;8;UBS BRASIL CCTVM S/A
EMBJ3;709;0,06%;109.037.849;Eletrônico D+1;23/07/2026;14:39:23;Novo (0);Regular (1);8;UBS BRASIL CCTVM S/A;8;UBS BRASIL CCTVM S/A
EMBJ3;668;0,06%;109.037.853;Eletrônico D+1;23/07/2026;14:39:22;Novo (0);Regular (1);8;UBS BRASIL CCTVM S/A;8;UBS BRASIL CCTVM S/A
EMBJ3;196;0,06%;109.037.843;Eletrônico D+1;23/07/2026;14:39:22;Novo (0);Regular (1);8;UBS BRASIL CCTVM S/A;8;UBS BRASIL CCTVM S/A
EMBJ3;2.362;0,06%;109.037.850;Eletrônico D+1;23/07/2026;14:39:22;Novo (0);Regular (1);8;UBS BRASIL CCTVM S/A;8;UBS BRASIL CCTVM S/A
EMBJ3;183;0,06%;109.037.842;Eletrônico D+1;23/07/2026;14:39:22;Novo (0);Regular (1);8;UBS BRASIL CCTVM S/A;8;UBS BRASIL CCTVM S/A
VIVT3;667;0,10%;109.037.443;Eletrônico D+1;23/07/2026;14:39:00;Novo (0);Regular (1);8;UBS BRASIL CCTVM S/A;8;UBS BRASIL CCTVM S/A
AXIA7;2.760;0,06%;109.037.420;Eletrônico D+1;23/07/2026;14:39:00;Novo (0);Regular (1);8;UBS BRASIL CCTVM S/A;8;UBS BRASIL CCTVM S/A
MULT3;1.759;0,27%;109.037.415;Eletrônico D+1;23/07/2026;14:39:00;Novo (0);Regular (1);8;UBS BRASIL CCTVM S/A;8;UBS BRASIL CCTVM S/A
ENEV3;507;0,09%;109.037.439;Eletrônico D+1;23/07/2026;14:39:00;Novo (0);Regular (1);8;UBS BRASIL CCTVM S/A;8;UBS BRASIL CCTVM S/A
MULT3;130;0,27%;109.037.409;Eletrônico D+1;23/07/2026;14:39:00;Novo (0);Regular (1);8;UBS BRASIL CCTVM S/A;8;UBS BRASIL CCTVM S/A
AURE3;1.853;0,04%;109.037.437;Eletrônico D+1;23/07/2026;14:39:00;Novo (0);Regular (1);8;UBS BRASIL CCTVM S/A;8;UBS BRASIL CCTVM S/A
MULT3;477;0,27%;109.037.397;Eletrônico D+1;23/07/2026;14:39:00;Novo (0);Regular (1);8;UBS BRASIL CCTVM S/A;8;UBS BRASIL CCTVM S/A
TRBL11;1.439;15,00%;109.037.456;Eletrônico D+1;23/07/2026;14:39:00;Novo (0);Regular (1);8;UBS BRASIL CCTVM S/A;8;UBS BRASIL CCTVM S/A
SBSP3;2.420;0,07%;109.037.410;Eletrônico D+1;23/07/2026;14:39:00;Novo (0);Regular (1);8;UBS BRASIL CCTVM S/A;8;UBS BRASIL CCTVM S/A
ENEV3;4.219;0,09%;109.037.440;Eletrônico D+1;23/07/2026;14:39:00;Novo (0);Regular (1);8;UBS BRASIL CCTVM S/A;8;UBS BRASIL CCTVM S/A
ENEV3;19.103;0,09%;109.037.441;Eletrônico D+1;23/07/2026;14:39:00;Novo (0);Regular (1);8;UBS BRASIL CCTVM S/A;8;UBS BRASIL CCTVM S/A
MILS3;2.980;0,07%;109.037.407;Eletrônico D+1;23/07/2026;14:39:00;Novo (0);Regular (1);8;UBS BRASIL CCTVM S/A;8;UBS BRASIL CCTVM S/A
SBSP3;3.901;0,07%;109.037.424;Eletrônico D+1;23/07/2026;14:38:59;Novo (0);Regular (1);8;UBS BRASIL CCTVM S/A;8;UBS BRASIL CCTVM S/A
SBSP3;1.426;0,07%;109.037.442;Eletrônico D+1;23/07/2026;14:38:59;Novo (0);Regular (1);8;UBS BRASIL CCTVM S/A;8;UBS BRASIL CCTVM S/A
ENEV3;1.061;0,09%;109.037.423;Eletrônico D+1;23/07/2026;14:38:59;Novo (0);Regular (1);8;UBS BRASIL CCTVM S/A;8;UBS BRASIL CCTVM S/A
ENEV3;1.862;0,09%;109.037.403;Eletrônico D+1;23/07/2026;14:38:59;Novo (0);Regular (1);8;UBS BRASIL CCTVM S/A;8;UBS BRASIL CCTVM S/A
RDOR3;236;0,08%;109.037.430;Eletrônico D+1;23/07/2026;14:38:59;Novo (0);Regular (1);8;UBS BRASIL CCTVM S/A;8;UBS BRASIL CCTVM S/A
SBSP3;1.586;0,07%;109.037.438;Eletrônico D+1;23/07/2026;14:38:59;Novo (0);Regular (1);8;UBS BRASIL CCTVM S/A;8;UBS BRASIL CCTVM S/A
VIVT3;196;0,10%;109.037.417;Eletrônico D+1;23/07/2026;14:38:59;Novo (0);Regular (1);8;UBS BRASIL CCTVM S/A;8;UBS BRASIL CCTVM S/A
RDOR3;3.180;0,08%;109.037.425;Eletrônico D+1;23/07/2026;14:38:59;Novo (0);Regular (1);8;UBS BRASIL CCTVM S/A;8;UBS BRASIL CCTVM S/A
ENEV3;1.206;0,09%;109.037.433;Eletrônico D+1;23/07/2026;14:38:59;Novo (0);Regular (1);8;UBS BRASIL CCTVM S/A;8;UBS BRASIL CCTVM S/A
MULT3;114;0,27%;109.037.419;Eletrônico D+1;23/07/2026;14:38:59;Novo (0);Regular (1);8;UBS BRASIL CCTVM S/A;8;UBS BRASIL CCTVM S/A
MULT3;262;0,27%;109.037.451;Eletrônico D+1;23/07/2026;14:38:59;Novo (0);Regular (1);8;UBS BRASIL CCTVM S/A;8;UBS BRASIL CCTVM S/A
VIVT3;217;0,10%;109.037.426;Eletrônico D+1;23/07/2026;14:38:59;Novo (0);Regular (1);8;UBS BRASIL CCTVM S/A;8;UBS BRASIL CCTVM S/A
AURE3;30.347;0,04%;109.037.398;Eletrônico D+1;23/07/2026;14:38:59;Novo (0);Regular (1);8;UBS BRASIL CCTVM S/A;8;UBS BRASIL CCTVM S/A
AXIA7;5.805;0,06%;109.037.436;Eletrônico D+1;23/07/2026;14:38:59;Novo (0);Regular (1);8;UBS BRASIL CCTVM S/A;8;UBS BRASIL CCTVM S/A
RDOR3;5.495;0,08%;109.037.431;Eletrônico D+1;23/07/2026;14:38:59;Novo (0);Regular (1);8;UBS BRASIL CCTVM S/A;8;UBS BRASIL CCTVM S/A
ENEV3;922;0,09%;109.037.411;Eletrônico D+1;23/07/2026;14:38:58;Novo (0);Regular (1);8;UBS BRASIL CCTVM S/A;8;UBS BRASIL CCTVM S/A
SBSP3;1.001;0,07%;109.037.388;Eletrônico D+1;23/07/2026;14:38:58;Novo (0);Regular (1);8;UBS BRASIL CCTVM S/A;8;UBS BRASIL CCTVM S/A
MULT3;1.353;0,27%;109.037.383;Eletrônico D+1;23/07/2026;14:38:58;Novo (0);Regular (1);8;UBS BRASIL CCTVM S/A;8;UBS BRASIL CCTVM S/A
MILS3;393;0,07%;109.037.390;Eletrônico D+1;23/07/2026;14:38:58;Novo (0);Regular (1);8;UBS BRASIL CCTVM S/A;8;UBS BRASIL CCTVM S/A
MULT3;360;0,27%;109.037.389;Eletrônico D+1;23/07/2026;14:38:58;Novo (0);Regular (1);8;UBS BRASIL CCTVM S/A;8;UBS BRASIL CCTVM S/A
ITUB3;221;1,16%;109.037.394;Eletrônico D+1;23/07/2026;14:38:57;Novo (0);Regular (1);8;UBS BRASIL CCTVM S/A;8;UBS BRASIL CCTVM S/A
MILS3;185;0,07%;109.037.401;Eletrônico D+1;23/07/2026;14:38:57;Novo (0);Regular (1);8;UBS BRASIL CCTVM S/A;8;UBS BRASIL CCTVM S/A
SBSP3;6.286;0,07%;109.037.381;Eletrônico D+1;23/07/2026;14:38:57;Novo (0);Regular (1);8;UBS BRASIL CCTVM S/A;8;UBS BRASIL CCTVM S/A
CBAV3;100;0,08%;109.037.387;Eletrônico D+1;23/07/2026;14:38:57;Novo (0);Regular (1);8;UBS BRASIL CCTVM S/A;8;UBS BRASIL CCTVM S/A
VIVT3;3.706;0,10%;109.037.416;Eletrônico D+1;23/07/2026;14:38:57;Novo (0);Regular (1);8;UBS BRASIL CCTVM S/A;8;UBS BRASIL CCTVM S/A
ENEV3;1.125;0,09%;109.037.404;Eletrônico D+1;23/07/2026;14:38:57;Novo (0);Regular (1);8;UBS BRASIL CCTVM S/A;8;UBS BRASIL CCTVM S/A
RDOR3;5.560;0,08%;109.037.376;Eletrônico D+1;23/07/2026;14:38:57;Novo (0);Regular (1);8;UBS BRASIL CCTVM S/A;8;UBS BRASIL CCTVM S/A
SBSP3;337;0,07%;109.037.428;Eletrônico D+1;23/07/2026;14:38:57;Novo (0);Regular (1);8;UBS BRASIL CCTVM S/A;8;UBS BRASIL CCTVM S/A
ENEV3;999;0,09%;109.037.392;Eletrônico D+1;23/07/2026;14:38:57;Novo (0);Regular (1);8;UBS BRASIL CCTVM S/A;8;UBS BRASIL CCTVM S/A
MILS3;942;0,07%;109.037.396;Eletrônico D+1;23/07/2026;14:38:57;Novo (0);Regular (1);8;UBS BRASIL CCTVM S/A;8;UBS BRASIL CCTVM S/A
ENEV3;2.786;0,09%;109.037.405;Eletrônico D+1;23/07/2026;14:38:57;Novo (0);Regular (1);8;UBS BRASIL CCTVM S/A;8;UBS BRASIL CCTVM S/A
MULT3;371;0,27%;109.037.384;Eletrônico D+1;23/07/2026;14:38:57;Novo (0);Regular (1);8;UBS BRASIL CCTVM S/A;8;UBS BRASIL CCTVM S/A
RDOR3;5.217;0,08%;109.037.378;Eletrônico D+1;23/07/2026;14:38:57;Novo (0);Regular (1);8;UBS BRASIL CCTVM S/A;8;UBS BRASIL CCTVM S/A
ENEV3;1.760;0,09%;109.037.391;Eletrônico D+1;23/07/2026;14:38:56;Novo (0);Regular (1);8;UBS BRASIL CCTVM S/A;8;UBS BRASIL CCTVM S/A
MULT3;1.797;0,27%;109.037.402;Eletrônico D+1;23/07/2026;14:38:56;Novo (0);Regular (1);8;UBS BRASIL CCTVM S/A;8;UBS BRASIL CCTVM S/A
SBSP3;6.289;0,07%;109.037.395;Eletrônico D+1;23/07/2026;14:38:56;Novo (0);Regular (1);8;UBS BRASIL CCTVM S/A;8;UBS BRASIL CCTVM S/A
ITUB3;1.280;1,16%;109.037.380;Eletrônico D+1;23/07/2026;14:38:56;Novo (0);Regular (1);8;UBS BRASIL CCTVM S/A;8;UBS BRASIL CCTVM S/A
SBSP3;1.643;0,07%;109.037.393;Eletrônico D+1;23/07/2026;14:38:56;Novo (0);Regular (1);8;UBS BRASIL CCTVM S/A;8;UBS BRASIL CCTVM S/A
MULT3;164;0,27%;109.037.406;Eletrônico D+1;23/07/2026;14:38:56;Novo (0);Regular (1);8;UBS BRASIL CCTVM S/A;8;UBS BRASIL CCTVM S/A
VIVT3;228;0,10%;109.037.427;Eletrônico D+1;23/07/2026;14:38:55;Novo (0);Regular (1);8;UBS BRASIL CCTVM S/A;8;UBS BRASIL CCTVM S/A
VIVT3;502;0,10%;109.037.372;Eletrônico D+1;23/07/2026;14:38:55;Novo (0);Regular (1);8;UBS BRASIL CCTVM S/A;8;UBS BRASIL CCTVM S/A
ITUB3;399;1,16%;109.037.413;Eletrônico D+1;23/07/2026;14:38:55;Novo (0);Regular (1);8;UBS BRASIL CCTVM S/A;8;UBS BRASIL CCTVM S/A
SBSP3;4.236;0,07%;109.037.422;Eletrônico D+1;23/07/2026;14:38:55;Novo (0);Regular (1);8;UBS BRASIL CCTVM S/A;8;UBS BRASIL CCTVM S/A
RDOR3;40.109;0,08%;109.037.445;Eletrônico D+1;23/07/2026;14:38:55;Novo (0);Regular (1);8;UBS BRASIL CCTVM S/A;8;UBS BRASIL CCTVM S/A
VIVT3;375;0,10%;109.037.379;Eletrônico D+1;23/07/2026;14:38:55;Novo (0);Regular (1);8;UBS BRASIL CCTVM S/A;8;UBS BRASIL CCTVM S/A
MULT3;263;0,27%;109.037.386;Eletrônico D+1;23/07/2026;14:38:55;Novo (0);Regular (1);8;UBS BRASIL CCTVM S/A;8;UBS BRASIL CCTVM S/A
SBSP3;508;0,07%;109.037.195;Eletrônico D+1;23/07/2026;14:38:10;Novo (0);Regular (1);8;UBS BRASIL CCTVM S/A;8;UBS BRASIL CCTVM S/A
SUZB3;294;0,03%;109.037.190;Eletrônico D+1;23/07/2026;14:38:08;Novo (0);Regular (1);8;UBS BRASIL CCTVM S/A;8;UBS BRASIL CCTVM S/A
CSMG3;1.069;0,57%;109.037.188;Eletrônico D+1;23/07/2026;14:38:08;Novo (0);Regular (1);8;UBS BRASIL CCTVM S/A;8;UBS BRASIL CCTVM S/A
RDOR3;2.818;0,08%;109.037.189;Eletrônico D+1;23/07/2026;14:38:07;Novo (0);Regular (1);8;UBS BRASIL CCTVM S/A;8;UBS BRASIL CCTVM S/A
AXIA7;1.071;0,06%;109.037.194;Eletrônico D+1;23/07/2026;14:38:07;Novo (0);Regular (1);8;UBS BRASIL CCTVM S/A;8;UBS BRASIL CCTVM S/A
ASAI3;1.631;18,34%;109.037.191;Eletrônico D+1;23/07/2026;14:38:07;Novo (0);Regular (1);8;UBS BRASIL CCTVM S/A;8;UBS BRASIL CCTVM S/A
SBSP3;5.875;0,07%;109.037.184;Eletrônico D+1;23/07/2026;14:38:07;Novo (0);Regular (1);8;UBS BRASIL CCTVM S/A;8;UBS BRASIL CCTVM S/A
ISAE4;278;0,43%;109.037.186;Eletrônico D+1;23/07/2026;14:38:07;Novo (0);Regular (1);8;UBS BRASIL CCTVM S/A;8;UBS BRASIL CCTVM S/A
ASAI3;1.343;18,34%;109.037.196;Eletrônico D+1;23/07/2026;14:38:07;Novo (0);Regular (1);8;UBS BRASIL CCTVM S/A;8;UBS BRASIL CCTVM S/A
EMBJ3;789;0,06%;109.037.187;Eletrônico D+1;23/07/2026;14:38:07;Novo (0);Regular (1);8;UBS BRASIL CCTVM S/A;8;UBS BRASIL CCTVM S/A
MBRF3;7.554;6,33%;109.037.192;Eletrônico D+1;23/07/2026;14:38:07;Novo (0);Regular (1);8;UBS BRASIL CCTVM S/A;8;UBS BRASIL CCTVM S/A
BBDC3;503;0,03%;109.037.185;Eletrônico D+1;23/07/2026;14:38:07;Novo (0);Regular (1);8;UBS BRASIL CCTVM S/A;8;UBS BRASIL CCTVM S/A
ITUB4;940;0,03%;109.037.182;Eletrônico D+1;23/07/2026;14:38:06;Novo (0);Regular (1);8;UBS BRASIL CCTVM S/A;8;UBS BRASIL CCTVM S/A
ENGI11;154;0,12%;109.037.193;Eletrônico D+1;23/07/2026;14:38:06;Novo (0);Regular (1);8;UBS BRASIL CCTVM S/A;8;UBS BRASIL CCTVM S/A
UGPA3;151;0,11%;109.037.183;Eletrônico D+1;23/07/2026;14:38:06;Novo (0);Regular (1);8;UBS BRASIL CCTVM S/A;8;UBS BRASIL CCTVM S/A
BRKM5;519;18,15%;109.037.181;Eletrônico D+1;23/07/2026;14:38:06;Novo (0);Regular (1);8;UBS BRASIL CCTVM S/A;8;UBS BRASIL CCTVM S/A
MULT3;350;0,27%;109.037.179;Eletrônico D+1;23/07/2026;14:38:00;Novo (0);Regular (1);8;UBS BRASIL CCTVM S/A;8;UBS BRASIL CCTVM S/A
IGTI11;179;0,25%;109.037.173;Eletrônico D+1;23/07/2026;14:38:00;Novo (0);Regular (1);8;UBS BRASIL CCTVM S/A;8;UBS BRASIL CCTVM S/A
RDOR3;5.916;0,08%;109.037.174;Eletrônico D+1;23/07/2026;14:38:00;Novo (0);Regular (1);8;UBS BRASIL CCTVM S/A;8;UBS BRASIL CCTVM S/A
BRKM5;1.335;18,15%;109.037.178;Eletrônico D+1;23/07/2026;14:38:00;Novo (0);Regular (1);8;UBS BRASIL CCTVM S/A;8;UBS BRASIL CCTVM S/A
ISAE4;3.256;0,43%;109.037.170;Eletrônico D+1;23/07/2026;14:38:00;Novo (0);Regular (1);8;UBS BRASIL CCTVM S/A;8;UBS BRASIL CCTVM S/A
VIVT3;357;0,10%;109.037.180;Eletrônico D+1;23/07/2026;14:37:43;Novo (0);Regular (1);8;UBS BRASIL CCTVM S/A;8;UBS BRASIL CCTVM S/A
ENGI11;1.505;0,12%;109.037.176;Eletrônico D+1;23/07/2026;14:37:43;Novo (0);Regular (1);8;UBS BRASIL CCTVM S/A;8;UBS BRASIL CCTVM S/A
UGPA3;1.459;0,11%;109.037.169;Eletrônico D+1;23/07/2026;14:37:43;Novo (0);Regular (1);8;UBS BRASIL CCTVM S/A;8;UBS BRASIL CCTVM S/A
SUZB3;2.910;0,03%;109.037.168;Eletrônico D+1;23/07/2026;14:37:43;Novo (0);Regular (1);8;UBS BRASIL CCTVM S/A;8;UBS BRASIL CCTVM S/A
ASAI3;11.452;18,34%;109.037.171;Eletrônico D+1;23/07/2026;14:37:43;Novo (0);Regular (1);8;UBS BRASIL CCTVM S/A;8;UBS BRASIL CCTVM S/A
ENEV3;1.850;0,09%;109.037.177;Eletrônico D+1;23/07/2026;14:37:43;Novo (0);Regular (1);8;UBS BRASIL CCTVM S/A;8;UBS BRASIL CCTVM S/A
BBDC3;1.418;0,03%;109.037.172;Eletrônico D+1;23/07/2026;14:37:42;Novo (0);Regular (1);8;UBS BRASIL CCTVM S/A;8;UBS BRASIL CCTVM S/A
GOAU4;313;0,04%;109.037.175;Eletrônico D+1;23/07/2026;14:37:42;Novo (0);Regular (1);8;UBS BRASIL CCTVM S/A;8;UBS BRASIL CCTVM S/A
ITUB4;4.792;0,03%;109.037.167;Eletrônico D+1;23/07/2026;14:37:42;Novo (0);Regular (1);8;UBS BRASIL CCTVM S/A;8;UBS BRASIL CCTVM S/A
IRBR3;87;0,11%;109.037.166;Eletrônico D+1;23/07/2026;14:37:11;Novo (0);Regular (1);8;UBS BRASIL CCTVM S/A;8;UBS BRASIL CCTVM S/A
TECK11;1.348;0,30%;109.037.165;Eletrônico D+1;23/07/2026;14:37:11;Novo (0);Regular (1);8;UBS BRASIL CCTVM S/A;8;UBS BRASIL CCTVM S/A
CACR11;115;3,05%;109.037.164;Balcão;23/07/2026;14:37:01;Novo (0);Regular (1);1099;INTER DISTRIBUIDORA DE TITULOS E VALORES MOBILIARIOS LTDA;59;SAFRA CORRETORA DE VALORES E CAMBIO LTDA
EMBJ3;19.094;0,06%;109.037.157;Eletrônico D+1;23/07/2026;14:36:54;Novo (0);Regular (1);8;UBS BRASIL CCTVM S/A;8;UBS BRASIL CCTVM S/A
EMBJ3;18.465;0,06%;109.037.162;Eletrônico D+1;23/07/2026;14:36:54;Novo (0);Regular (1);8;UBS BRASIL CCTVM S/A;8;UBS BRASIL CCTVM S/A
CSAN3;5.164;3,11%;109.037.151;Eletrônico D+1;23/07/2026;14:36:54;Novo (0);Regular (1);8;UBS BRASIL CCTVM S/A;8;UBS BRASIL CCTVM S/A
MSFT34;12.482;0,10%;109.037.159;Eletrônico D+1;23/07/2026;14:36:54;Novo (0);Regular (1);8;UBS BRASIL CCTVM S/A;8;UBS BRASIL CCTVM S/A
CSAN3;9.309;3,11%;109.037.163;Eletrônico D+1;23/07/2026;14:36:54;Novo (0);Regular (1);8;UBS BRASIL CCTVM S/A;8;UBS BRASIL CCTVM S/A
EMBJ3;138.779;0,06%;109.037.156;Eletrônico D+1;23/07/2026;14:36:53;Novo (0);Regular (1);8;UBS BRASIL CCTVM S/A;8;UBS BRASIL CCTVM S/A
RENT4;133;0,09%;109.037.161;Eletrônico D+1;23/07/2026;14:36:53;Novo (0);Regular (1);8;UBS BRASIL CCTVM S/A;8;UBS BRASIL CCTVM S/A
AXIA7;92.935;0,06%;109.037.155;Eletrônico D+1;23/07/2026;14:36:53;Novo (0);Regular (1);8;UBS BRASIL CCTVM S/A;8;UBS BRASIL CCTVM S/A
EMBJ3;26.183;0,06%;109.037.160;Eletrônico D+1;23/07/2026;14:36:53;Novo (0);Regular (1);8;UBS BRASIL CCTVM S/A;8;UBS BRASIL CCTVM S/A
CSAN3;2.126;3,11%;109.037.153;Eletrônico D+1;23/07/2026;14:36:53;Novo (0);Regular (1);8;UBS BRASIL CCTVM S/A;8;UBS BRASIL CCTVM S/A
AXIA7;26.643;0,06%;109.037.149;Eletrônico D+1;23/07/2026;14:36:53;Novo (0);Regular (1);8;UBS BRASIL CCTVM S/A;8;UBS BRASIL CCTVM S/A
ENGI11;8.471;0,12%;109.037.147;Eletrônico D+1;23/07/2026;14:36:53;Novo (0);Regular (1);8;UBS BRASIL CCTVM S/A;8;UBS BRASIL CCTVM S/A
CSAN3;113.401;3,11%;109.037.148;Eletrônico D+1;23/07/2026;14:36:53;Novo (0);Regular (1);8;UBS BRASIL CCTVM S/A;8;UBS BRASIL CCTVM S/A
IRBR3;3;0,11%;109.037.154;Eletrônico D+1;23/07/2026;14:36:53;Novo (0);Regular (1);8;UBS BRASIL CCTVM S/A;8;UBS BRASIL CCTVM S/A
AAPL34;49.601;0,30%;109.037.150;Eletrônico D+1;23/07/2026;14:36:52;Novo (0);Regular (1);8;UBS BRASIL CCTVM S/A;8;UBS BRASIL CCTVM S/A
EMBJ3;3.333;0,06%;109.037.152;Eletrônico D+1;23/07/2026;14:36:52;Novo (0);Regular (1);8;UBS BRASIL CCTVM S/A;8;UBS BRASIL CCTVM S/A
ENGI11;4.965;0,12%;109.037.158;Eletrônico D+1;23/07/2026;14:36:52;Novo (0);Regular (1);8;UBS BRASIL CCTVM S/A;8;UBS BRASIL CCTVM S/A
TEND3;4.285;0,14%;109.037.135;Eletrônico D+1;23/07/2026;14:36:24;Novo (0);Regular (1);8;UBS BRASIL CCTVM S/A;8;UBS BRASIL CCTVM S/A
TEND3;877;0,14%;109.037.132;Eletrônico D+1;23/07/2026;14:36:24;Novo (0);Regular (1);8;UBS BRASIL CCTVM S/A;8;UBS BRASIL CCTVM S/A
TEND3;269;0,14%;109.037.144;Eletrônico D+1;23/07/2026;14:36:24;Novo (0);Regular (1);8;UBS BRASIL CCTVM S/A;8;UBS BRASIL CCTVM S/A
TEND3;14.610;0,14%;109.037.122;Eletrônico D+1;23/07/2026;14:36:24;Novo (0);Regular (1);8;UBS BRASIL CCTVM S/A;8;UBS BRASIL CCTVM S/A
TEND3;259;0,14%;109.037.134;Eletrônico D+1;23/07/2026;14:36:24;Novo (0);Regular (1);8;UBS BRASIL CCTVM S/A;8;UBS BRASIL CCTVM S/A
TEND3;178;0,14%;109.037.118;Eletrônico D+1;23/07/2026;14:36:12;Novo (0);Regular (1);8;UBS BRASIL CCTVM S/A;8;UBS BRASIL CCTVM S/A
TEND3;10.369;0,14%;109.037.127;Eletrônico D+1;23/07/2026;14:36:11;Novo (0);Regular (1);8;UBS BRASIL CCTVM S/A;8;UBS BRASIL CCTVM S/A
TEND3;320;0,14%;109.037.124;Eletrônico D+1;23/07/2026;14:36:11;Novo (0);Regular (1);8;UBS BRASIL CCTVM S/A;8;UBS BRASIL CCTVM S/A
JSRE11;1.199;1,50%;109.036.969;Eletrônico D+1;23/07/2026;14:35:43;Novo (0);Regular (1);8;UBS BRASIL CCTVM S/A;8;UBS BRASIL CCTVM S/A
CPTS11;12.347;0,33%;109.036.965;Eletrônico D+1;23/07/2026;14:35:43;Novo (0);Regular (1);8;UBS BRASIL CCTVM S/A;8;UBS BRASIL CCTVM S/A
VILG11;822;0,81%;109.036.966;Eletrônico D+1;23/07/2026;14:35:43;Novo (0);Regular (1);8;UBS BRASIL CCTVM S/A;8;UBS BRASIL CCTVM S/A
RBRX11;16.037;1,65%;109.036.967;Eletrônico D+1;23/07/2026;14:35:43;Novo (0);Regular (1);8;UBS BRASIL CCTVM S/A;8;UBS BRASIL CCTVM S/A
TRBL11;757;15,00%;109.036.968;Eletrônico D+1;23/07/2026;14:35:43;Novo (0);Regular (1);8;UBS BRASIL CCTVM S/A;8;UBS BRASIL CCTVM S/A
MXRF11;25.171;0,11%;109.036.970;Eletrônico D+1;23/07/2026;14:35:43;Novo (0);Regular (1);8;UBS BRASIL CCTVM S/A;8;UBS BRASIL CCTVM S/A
CSMG3;6.261;0,57%;109.036.963;Eletrônico D+1;23/07/2026;14:35:18;Novo (0);Regular (1);8;UBS BRASIL CCTVM S/A;8;UBS BRASIL CCTVM S/A
CSMG3;7.180;0,57%;109.036.959;Eletrônico D+1;23/07/2026;14:35:16;Novo (0);Regular (1);8;UBS BRASIL CCTVM S/A;8;UBS BRASIL CCTVM S/A
CSMG3;2.914;0,57%;109.036.961;Eletrônico D+1;23/07/2026;14:35:16;Novo (0);Regular (1);8;UBS BRASIL CCTVM S/A;8;UBS BRASIL CCTVM S/A
CSMG3;3.242;0,57%;109.036.960;Eletrônico D+1;23/07/2026;14:35:16;Novo (0);Regular (1);8;UBS BRASIL CCTVM S/A;8;UBS BRASIL CCTVM S/A
CSMG3;68.606;0,57%;109.036.962;Eletrônico D+1;23/07/2026;14:35:16;Novo (0);Regular (1);8;UBS BRASIL CCTVM S/A;8;UBS BRASIL CCTVM S/A
CSMG3;36.487;0,57%;109.036.964;Eletrônico D+1;23/07/2026;14:35:16;Novo (0);Regular (1);8;UBS BRASIL CCTVM S/A;8;UBS BRASIL CCTVM S/A
SBSP3;58.405;0,07%;109.036.957;Eletrônico D+1;23/07/2026;14:35:07;Novo (0);Regular (1);8;UBS BRASIL CCTVM S/A;8;UBS BRASIL CCTVM S/A
SBSP3;39.915;0,07%;109.036.956;Eletrônico D+1;23/07/2026;14:35:07;Novo (0);Regular (1);8;UBS BRASIL CCTVM S/A;8;UBS BRASIL CCTVM S/A
SBSP3;65.502;0,07%;109.036.954;Eletrônico D+1;23/07/2026;14:35:07;Novo (0);Regular (1);8;UBS BRASIL CCTVM S/A;8;UBS BRASIL CCTVM S/A
SBSP3;144.045;0,07%;109.036.955;Eletrônico D+1;23/07/2026;14:35:07;Novo (0);Regular (1);8;UBS BRASIL CCTVM S/A;8;UBS BRASIL CCTVM S/A
SBSP3;292.666;0,07%;109.036.958;Eletrônico D+1;23/07/2026;14:34:51;Novo (0);Regular (1);8;UBS BRASIL CCTVM S/A;8;UBS BRASIL CCTVM S/A
SBSP3;133.526;0,07%;109.036.952;Eletrônico D+1;23/07/2026;14:34:51;Novo (0);Regular (1);8;UBS BRASIL CCTVM S/A;8;UBS BRASIL CCTVM S/A
SBSP3;117.787;0,07%;109.036.953;Eletrônico D+1;23/07/2026;14:34:51;Novo (0);Regular (1);8;UBS BRASIL CCTVM S/A;8;UBS BRASIL CCTVM S/A
SBSP3;896.915;0,07%;109.036.951;Eletrônico D+1;23/07/2026;14:34:51;Novo (0);Regular (1);8;UBS BRASIL CCTVM S/A;8;UBS BRASIL CCTVM S/A
AURE3;172;0,04%;109.036.949;Eletrônico D+1;23/07/2026;14:34:27;Novo (0);Regular (1);8;UBS BRASIL CCTVM S/A;8;UBS BRASIL CCTVM S/A
AURE3;3.069;0,04%;109.036.945;Eletrônico D+1;23/07/2026;14:34:27;Novo (0);Regular (1);8;UBS BRASIL CCTVM S/A;8;UBS BRASIL CCTVM S/A
AURE3;125;0,04%;109.036.948;Eletrônico D+1;23/07/2026;14:34:27;Novo (0);Regular (1);8;UBS BRASIL CCTVM S/A;8;UBS BRASIL CCTVM S/A
AURE3;279;0,04%;109.036.944;Eletrônico D+1;23/07/2026;14:34:27;Novo (0);Regular (1);8;UBS BRASIL CCTVM S/A;8;UBS BRASIL CCTVM S/A
AURE3;416;0,04%;109.036.950;Eletrônico D+1;23/07/2026;14:34:26;Novo (0);Regular (1);8;UBS BRASIL CCTVM S/A;8;UBS BRASIL CCTVM S/A
AURE3;1.276;0,04%;109.036.947;Eletrônico D+1;23/07/2026;14:34:26;Novo (0);Regular (1);8;UBS BRASIL CCTVM S/A;8;UBS BRASIL CCTVM S/A
AURE3;156;0,04%;109.036.943;Eletrônico D+1;23/07/2026;14:34:26;Novo (0);Regular (1);8;UBS BRASIL CCTVM S/A;8;UBS BRASIL CCTVM S/A
AURE3;640;0,04%;109.036.946;Eletrônico D+1;23/07/2026;14:34:26;Novo (0);Regular (1);8;UBS BRASIL CCTVM S/A;8;UBS BRASIL CCTVM S/A
AURE3;140;0,04%;109.036.938;Eletrônico D+1;23/07/2026;14:34:24;Novo (0);Regular (1);8;UBS BRASIL CCTVM S/A;8;UBS BRASIL CCTVM S/A
AURE3;704;0,04%;109.036.941;Eletrônico D+1;23/07/2026;14:34:24;Novo (0);Regular (1);8;UBS BRASIL CCTVM S/A;8;UBS BRASIL CCTVM S/A
AURE3;202;0,04%;109.036.942;Eletrônico D+1;23/07/2026;14:34:24;Novo (0);Regular (1);8;UBS BRASIL CCTVM S/A;8;UBS BRASIL CCTVM S/A
AURE3;22.239;0,04%;109.036.939;Eletrônico D+1;23/07/2026;14:34:24;Novo (0);Regular (1);8;UBS BRASIL CCTVM S/A;8;UBS BRASIL CCTVM S/A
AURE3;486;0,04%;109.036.940;Eletrônico D+1;23/07/2026;14:34:24;Novo (0);Regular (1);8;UBS BRASIL CCTVM S/A;8;UBS BRASIL CCTVM S/A
MBRF3;34.278;6,33%;109.036.937;Eletrônico D+1;23/07/2026;14:34:00;Novo (0);Regular (1);8;UBS BRASIL CCTVM S/A;8;UBS BRASIL CCTVM S/A
MBRF3;23.703;6,33%;109.036.935;Eletrônico D+1;23/07/2026;14:33:59;Novo (0);Regular (1);8;UBS BRASIL CCTVM S/A;8;UBS BRASIL CCTVM S/A
MBRF3;1.211;6,33%;109.036.930;Eletrônico D+1;23/07/2026;14:33:59;Novo (0);Regular (1);8;UBS BRASIL CCTVM S/A;8;UBS BRASIL CCTVM S/A
MBRF3;17.164;6,33%;109.036.932;Eletrônico D+1;23/07/2026;14:33:59;Novo (0);Regular (1);8;UBS BRASIL CCTVM S/A;8;UBS BRASIL CCTVM S/A
MBRF3;20.030;6,33%;109.036.936;Eletrônico D+1;23/07/2026;14:33:59;Novo (0);Regular (1);8;UBS BRASIL CCTVM S/A;8;UBS BRASIL CCTVM S/A
MBRF3;13.222;6,33%;109.036.934;Eletrônico D+1;23/07/2026;14:33:59;Novo (0);Regular (1);8;UBS BRASIL CCTVM S/A;8;UBS BRASIL CCTVM S/A
MBRF3;163.896;6,33%;109.036.929;Eletrônico D+1;23/07/2026;14:33:56;Novo (0);Regular (1);8;UBS BRASIL CCTVM S/A;8;UBS BRASIL CCTVM S/A
MBRF3;165.786;6,33%;109.036.933;Eletrônico D+1;23/07/2026;14:33:56;Novo (0);Regular (1);8;UBS BRASIL CCTVM S/A;8;UBS BRASIL CCTVM S/A
MBRF3;25.971;6,33%;109.036.931;Eletrônico D+1;23/07/2026;14:33:56;Novo (0);Regular (1);8;UBS BRASIL CCTVM S/A;8;UBS BRASIL CCTVM S/A
CXSE3;19.131;0,09%;109.036.919;Eletrônico D+1;23/07/2026;14:33:45;Novo (0);Regular (1);8;UBS BRASIL CCTVM S/A;8;UBS BRASIL CCTVM S/A
CXSE3;23.494;0,09%;109.036.923;Eletrônico D+1;23/07/2026;14:33:45;Novo (0);Regular (1);8;UBS BRASIL CCTVM S/A;8;UBS BRASIL CCTVM S/A
CXSE3;100.079;0,09%;109.036.917;Eletrônico D+1;23/07/2026;14:33:45;Novo (0);Regular (1);8;UBS BRASIL CCTVM S/A;8;UBS BRASIL CCTVM S/A
CXSE3;461;0,09%;109.036.924;Eletrônico D+1;23/07/2026;14:33:45;Novo (0);Regular (1);8;UBS BRASIL CCTVM S/A;8;UBS BRASIL CCTVM S/A
CXSE3;169.483;0,09%;109.036.922;Eletrônico D+1;23/07/2026;14:33:45;Novo (0);Regular (1);8;UBS BRASIL CCTVM S/A;8;UBS BRASIL CCTVM S/A
CXSE3;15.932;0,09%;109.036.920;Eletrônico D+1;23/07/2026;14:33:45;Novo (0);Regular (1);8;UBS BRASIL CCTVM S/A;8;UBS BRASIL CCTVM S/A
CXSE3;23.323;0,09%;109.036.927;Eletrônico D+1;23/07/2026;14:33:45;Novo (0);Regular (1);8;UBS BRASIL CCTVM S/A;8;UBS BRASIL CCTVM S/A
CXSE3;2.136;0,09%;109.036.915;Eletrônico D+1;23/07/2026;14:33:45;Novo (0);Regular (1);8;UBS BRASIL CCTVM S/A;8;UBS BRASIL CCTVM S/A
CXSE3;5.656;0,09%;109.036.921;Eletrônico D+1;23/07/2026;14:33:45;Novo (0);Regular (1);8;UBS BRASIL CCTVM S/A;8;UBS BRASIL CCTVM S/A
CXSE3;9.527;0,09%;109.036.928;Eletrônico D+1;23/07/2026;14:33:45;Novo (0);Regular (1);8;UBS BRASIL CCTVM S/A;8;UBS BRASIL CCTVM S/A
CXSE3;48.121;0,09%;109.036.916;Eletrônico D+1;23/07/2026;14:33:44;Novo (0);Regular (1);8;UBS BRASIL CCTVM S/A;8;UBS BRASIL CCTVM S/A
CXSE3;55.660;0,09%;109.036.926;Eletrônico D+1;23/07/2026;14:33:44;Novo (0);Regular (1);8;UBS BRASIL CCTVM S/A;8;UBS BRASIL CCTVM S/A
CXSE3;667;0,09%;109.036.925;Eletrônico D+1;23/07/2026;14:33:44;Novo (0);Regular (1);8;UBS BRASIL CCTVM S/A;8;UBS BRASIL CCTVM S/A
CXSE3;35.676;0,09%;109.036.918;Eletrônico D+1;23/07/2026;14:33:44;Novo (0);Regular (1);8;UBS BRASIL CCTVM S/A;8;UBS BRASIL CCTVM S/A
CXSE3;90.654;0,09%;109.036.914;Eletrônico D+1;23/07/2026;14:33:32;Novo (0);Regular (1);8;UBS BRASIL CCTVM S/A;8;UBS BRASIL CCTVM S/A
ROXO34;126.300;0,06%;109.036.896;Eletrônico D+1;23/07/2026;14:31:59;Novo (0);Regular (1);8;UBS BRASIL CCTVM S/A;8;UBS BRASIL CCTVM S/A
MDNE3;424;0,03%;109.036.889;Eletrônico D+1;23/07/2026;14:31:59;Novo (0);Regular (1);8;UBS BRASIL CCTVM S/A;8;UBS BRASIL CCTVM S/A
EZTC3;3.700;0,05%;109.036.879;Eletrônico D+1;23/07/2026;14:31:59;Novo (0);Regular (1);8;UBS BRASIL CCTVM S/A;8;UBS BRASIL CCTVM S/A
RENT3;13.500;0,30%;109.036.890;Eletrônico D+1;23/07/2026;14:31:59;Novo (0);Regular (1);8;UBS BRASIL CCTVM S/A;8;UBS BRASIL CCTVM S/A
PRIO3;46.800;0,02%;109.036.893;Eletrônico D+1;23/07/2026;14:31:59;Novo (0);Regular (1);8;UBS BRASIL CCTVM S/A;8;UBS BRASIL CCTVM S/A
PRIO3;17.600;0,02%;109.036.892;Eletrônico D+1;23/07/2026;14:31:59;Novo (0);Regular (1);8;UBS BRASIL CCTVM S/A;8;UBS BRASIL CCTVM S/A
PRIO3;21.518;0,02%;109.036.897;Eletrônico D+1;23/07/2026;14:31:59;Novo (0);Regular (1);8;UBS BRASIL CCTVM S/A;8;UBS BRASIL CCTVM S/A
MGLU3;14.377;14,36%;109.036.887;Eletrônico D+1;23/07/2026;14:31:59;Novo (0);Regular (1);8;UBS BRASIL CCTVM S/A;8;UBS BRASIL CCTVM S/A
CSNA3;120.000;0,80%;109.036.894;Eletrônico D+1;23/07/2026;14:31:59;Novo (0);Regular (1);8;UBS BRASIL CCTVM S/A;8;UBS BRASIL CCTVM S/A
CYRE3;179.600;0,08%;109.036.888;Eletrônico D+1;23/07/2026;14:31:58;Novo (0);Regular (1);8;UBS BRASIL CCTVM S/A;8;UBS BRASIL CCTVM S/A
MGLU3;275.663;14,36%;109.036.891;Eletrônico D+1;23/07/2026;14:31:58;Novo (0);Regular (1);8;UBS BRASIL CCTVM S/A;8;UBS BRASIL CCTVM S/A
TOTS3;14.400;0,06%;109.036.898;Eletrônico D+1;23/07/2026;14:31:58;Novo (0);Regular (1);8;UBS BRASIL CCTVM S/A;8;UBS BRASIL CCTVM S/A
POMO4;424.280;0,02%;109.036.886;Eletrônico D+1;23/07/2026;14:31:55;Novo (0);Regular (1);8;UBS BRASIL CCTVM S/A;8;UBS BRASIL CCTVM S/A
COGN3;2.391;0,02%;109.036.880;Eletrônico D+1;23/07/2026;14:31:55;Novo (0);Regular (1);8;UBS BRASIL CCTVM S/A;8;UBS BRASIL CCTVM S/A
CSNA3;2.800;0,80%;109.036.883;Eletrônico D+1;23/07/2026;14:31:55;Novo (0);Regular (1);8;UBS BRASIL CCTVM S/A;8;UBS BRASIL CCTVM S/A
COGN3;300.100;0,02%;109.036.875;Eletrônico D+1;23/07/2026;14:31:55;Novo (0);Regular (1);8;UBS BRASIL CCTVM S/A;8;UBS BRASIL CCTVM S/A
MDIA3;6.410;0,05%;109.036.882;Eletrônico D+1;23/07/2026;14:31:55;Novo (0);Regular (1);8;UBS BRASIL CCTVM S/A;8;UBS BRASIL CCTVM S/A
ECOR3;8.800;0,06%;109.036.884;Eletrônico D+1;23/07/2026;14:31:55;Novo (0);Regular (1);8;UBS BRASIL CCTVM S/A;8;UBS BRASIL CCTVM S/A
VIVA3;4.000;3,75%;109.036.885;Eletrônico D+1;23/07/2026;14:31:55;Novo (0);Regular (1);8;UBS BRASIL CCTVM S/A;8;UBS BRASIL CCTVM S/A
EZTC3;428;0,05%;109.036.878;Eletrônico D+1;23/07/2026;14:31:55;Novo (0);Regular (1);8;UBS BRASIL CCTVM S/A;8;UBS BRASIL CCTVM S/A
CMIG4;25.000;0,05%;109.036.895;Eletrônico D+1;23/07/2026;14:31:55;Novo (0);Regular (1);8;UBS BRASIL CCTVM S/A;8;UBS BRASIL CCTVM S/A
HAPV3;28.600;0,24%;109.036.876;Eletrônico D+1;23/07/2026;14:31:55;Novo (0);Regular (1);8;UBS BRASIL CCTVM S/A;8;UBS BRASIL CCTVM S/A
MYPK3;4.000;0,04%;109.036.877;Eletrônico D+1;23/07/2026;14:31:55;Novo (0);Regular (1);8;UBS BRASIL CCTVM S/A;8;UBS BRASIL CCTVM S/A
SMTO3;14.045;4,47%;109.036.881;Eletrônico D+1;23/07/2026;14:31:54;Novo (0);Regular (1);8;UBS BRASIL CCTVM S/A;8;UBS BRASIL CCTVM S/A
RADL3;277;0,10%;109.036.661;Balcão;23/07/2026;14:25:23;Novo (0);Regular (1);23;NECTON INVESTIMENTOS - BTG PACTUAL CTVM S.A;23;NECTON INVESTIMENTOS - BTG PACTUAL CTVM S.A
RADL3;420;0,10%;109.036.655;Balcão;23/07/2026;14:25:23;Novo (0);Regular (1);23;NECTON INVESTIMENTOS - BTG PACTUAL CTVM S.A;23;NECTON INVESTIMENTOS - BTG PACTUAL CTVM S.A
RADL3;331;0,10%;109.036.654;Balcão;23/07/2026;14:25:22;Novo (0);Regular (1);23;NECTON INVESTIMENTOS - BTG PACTUAL CTVM S.A;23;NECTON INVESTIMENTOS - BTG PACTUAL CTVM S.A
BEEF3;11.890;1,88%;109.036.385;Balcão;23/07/2026;14:23:16;Novo (0);Regular (1);114;ITAU CV S/A;122;BGC LIQUIDEZ DTVM LTDA
VIVA3;47.233;3,75%;109.036.365;Balcão;23/07/2026;14:23:16;Novo (0);Regular (1);114;ITAU CV S/A;122;BGC LIQUIDEZ DTVM LTDA
CEAB3;40.919;0,12%;109.036.338;Balcão;23/07/2026;14:23:16;Novo (0);Regular (1);114;ITAU CV S/A;122;BGC LIQUIDEZ DTVM LTDA
CYRE4;1.800;0,10%;109.036.350;Balcão;23/07/2026;14:23:16;Novo (0);Regular (1);114;ITAU CV S/A;122;BGC LIQUIDEZ DTVM LTDA
ITUB3;768;1,16%;109.036.653;Balcão;23/07/2026;14:21:52;Novo (0);Regular (1);23;NECTON INVESTIMENTOS - BTG PACTUAL CTVM S.A;23;NECTON INVESTIMENTOS - BTG PACTUAL CTVM S.A
BERK34;100;0,10%;109.036.660;Balcão;23/07/2026;14:21:52;Novo (0);Regular (1);23;NECTON INVESTIMENTOS - BTG PACTUAL CTVM S.A;23;NECTON INVESTIMENTOS - BTG PACTUAL CTVM S.A
ITUB3;261;1,16%;109.036.657;Balcão;23/07/2026;14:21:51;Novo (0);Regular (1);23;NECTON INVESTIMENTOS - BTG PACTUAL CTVM S.A;23;NECTON INVESTIMENTOS - BTG PACTUAL CTVM S.A
RENT4;100;0,09%;109.036.656;Balcão;23/07/2026;14:21:51;Novo (0);Regular (1);23;NECTON INVESTIMENTOS - BTG PACTUAL CTVM S.A;23;NECTON INVESTIMENTOS - BTG PACTUAL CTVM S.A
JALL3;8.800;0,04%;109.036.331;Balcão;23/07/2026;14:20:15;Novo (0);Regular (1);114;ITAU CV S/A;114;ITAU CV S/A
TEND3;1.423;0,14%;109.029.925;Balcão;23/07/2026;14:19:25;Novo (0);Regular (1);122;BGC LIQUIDEZ DTVM LTDA;122;BGC LIQUIDEZ DTVM LTDA
TEND3;1.010;0,14%;109.029.924;Balcão;23/07/2026;14:19:25;Novo (0);Regular (1);122;BGC LIQUIDEZ DTVM LTDA;122;BGC LIQUIDEZ DTVM LTDA
TEND3;307;0,14%;109.029.920;Balcão;23/07/2026;14:19:25;Novo (0);Regular (1);122;BGC LIQUIDEZ DTVM LTDA;122;BGC LIQUIDEZ DTVM LTDA
CXSE3;2.075;0,09%;109.036.652;Eletrônico D+1;23/07/2026;14:16:22;Novo (0);Regular (1);114;ITAU CV S/A;122;BGC LIQUIDEZ DTVM LTDA
CMIN3;1;42,73%;109.036.342;Balcão;23/07/2026;14:12:33;Novo (0);Regular (1);114;ITAU CV S/A;93;NOVA FUTURA CTVM LTDA
CLIN11;247;9,95%;109.036.328;Balcão;23/07/2026;14:12:33;Novo (0);Regular (1);114;ITAU CV S/A;114;ITAU CV S/A
FLRY3;310;0,04%;109.036.376;Balcão;23/07/2026;14:12:05;Novo (0);Regular (1);114;ITAU CV S/A;114;ITAU CV S/A
BCPX39;500;0,10%;109.036.345;Balcão;23/07/2026;14:11:44;Novo (0);Regular (1);114;ITAU CV S/A;114;ITAU CV S/A
HGLG11;629;0,15%;109.036.340;Balcão;23/07/2026;14:11:40;Novo (0);Regular (1);114;ITAU CV S/A;114;ITAU CV S/A
SMTO3;760;4,47%;109.036.352;Balcão;23/07/2026;14:11:39;Novo (0);Regular (1);114;ITAU CV S/A;114;ITAU CV S/A
GMAT3;800;2,34%;109.036.383;Balcão;23/07/2026;14:11:38;Novo (0);Regular (1);114;ITAU CV S/A;114;ITAU CV S/A
HASH11;1.465;0,11%;109.036.367;Balcão;23/07/2026;14:11:31;Novo (0);Regular (1);114;ITAU CV S/A;114;ITAU CV S/A
CXSE3;317;0,09%;109.029.700;Balcão;23/07/2026;14:11:23;Novo (0);Regular (1);122;BGC LIQUIDEZ DTVM LTDA;122;BGC LIQUIDEZ DTVM LTDA
CXSE3;287;0,09%;109.029.696;Balcão;23/07/2026;14:11:23;Novo (0);Regular (1);122;BGC LIQUIDEZ DTVM LTDA;122;BGC LIQUIDEZ DTVM LTDA
CXSE3;152;0,09%;109.029.695;Balcão;23/07/2026;14:11:23;Novo (0);Regular (1);122;BGC LIQUIDEZ DTVM LTDA;122;BGC LIQUIDEZ DTVM LTDA
BRKM5;26;18,15%;109.029.690;Balcão;23/07/2026;14:11:23;Novo (0);Regular (1);122;BGC LIQUIDEZ DTVM LTDA;122;BGC LIQUIDEZ DTVM LTDA
SLCE3;503;0,12%;109.029.689;Balcão;23/07/2026;14:11:23;Novo (0);Regular (1);122;BGC LIQUIDEZ DTVM LTDA;122;BGC LIQUIDEZ DTVM LTDA
BRKM5;111;18,15%;109.029.686;Balcão;23/07/2026;14:11:23;Novo (0);Regular (1);122;BGC LIQUIDEZ DTVM LTDA;122;BGC LIQUIDEZ DTVM LTDA
SLCE3;574;0,12%;109.029.683;Balcão;23/07/2026;14:11:23;Novo (0);Regular (1);122;BGC LIQUIDEZ DTVM LTDA;122;BGC LIQUIDEZ DTVM LTDA
CXSE3;176;0,09%;109.029.677;Balcão;23/07/2026;14:11:23;Novo (0);Regular (1);122;BGC LIQUIDEZ DTVM LTDA;122;BGC LIQUIDEZ DTVM LTDA
CXSE3;537;0,09%;109.029.676;Balcão;23/07/2026;14:11:22;Novo (0);Regular (1);122;BGC LIQUIDEZ DTVM LTDA;122;BGC LIQUIDEZ DTVM LTDA
BTLG11;6.060;0,11%;109.036.330;Balcão;23/07/2026;14:11:18;Novo (0);Regular (1);114;ITAU CV S/A;114;ITAU CV S/A
CMIN3;7.978;42,73%;109.036.339;Balcão;23/07/2026;14:11:17;Novo (0);Regular (1);114;ITAU CV S/A;93;NOVA FUTURA CTVM LTDA
TAEE11;15.000;0,17%;109.036.336;Balcão;23/07/2026;14:11:15;Novo (0);Regular (1);114;ITAU CV S/A;262;MIRAE ASSET WEALTH MANAGEMENT (BRASIL) CCTVM LTDA.
CXSE3;40.906;0,09%;109.036.359;Balcão;23/07/2026;14:11:14;Novo (0);Regular (1);114;ITAU CV S/A;23;NECTON INVESTIMENTOS - BTG PACTUAL CTVM S.A
NVDC34;39.442;0,10%;109.036.386;Balcão;23/07/2026;14:09:56;Novo (0);Regular (1);114;ITAU CV S/A;114;ITAU CV S/A
CSAN3;100;3,11%;109.036.361;Balcão;23/07/2026;14:09:31;Novo (0);Regular (1);114;ITAU CV S/A;122;BGC LIQUIDEZ DTVM LTDA
MATB11;5.000;8,00%;109.036.334;Balcão;23/07/2026;14:09:30;Novo (0);Regular (1);114;ITAU CV S/A;8;UBS BRASIL CCTVM S/A
M1TA34;825;0,29%;109.036.380;Balcão;23/07/2026;14:08:36;Novo (0);Regular (1);114;ITAU CV S/A;39;AGORA CTVM S/A
FLRY3;5.062;0,04%;109.036.382;Balcão;23/07/2026;14:08:35;Novo (0);Regular (1);114;ITAU CV S/A;114;ITAU CV S/A
PCAR3;129;17,70%;109.036.381;Balcão;23/07/2026;14:08:35;Novo (0);Regular (1);114;ITAU CV S/A;39;AGORA CTVM S/A
PCAR3;5.100;17,70%;109.036.379;Balcão;23/07/2026;14:08:35;Novo (0);Regular (1);114;ITAU CV S/A;39;AGORA CTVM S/A
FLRY3;148;0,04%;109.036.378;Balcão;23/07/2026;14:08:35;Novo (0);Regular (1);114;ITAU CV S/A;114;ITAU CV S/A
FLRY3;2.900;0,04%;109.036.377;Balcão;23/07/2026;14:08:34;Novo (0);Regular (1);114;ITAU CV S/A;114;ITAU CV S/A
TRIS3;1.000;0,03%;109.036.366;Balcão;23/07/2026;14:08:34;Novo (0);Regular (1);114;ITAU CV S/A;122;BGC LIQUIDEZ DTVM LTDA
TSMC34;1.978;0,08%;109.036.364;Balcão;23/07/2026;14:08:34;Novo (0);Regular (1);114;ITAU CV S/A;262;MIRAE ASSET WEALTH MANAGEMENT (BRASIL) CCTVM LTDA.
ISAE4;2.894;0,43%;109.036.372;Balcão;23/07/2026;14:08:34;Novo (0);Regular (1);114;ITAU CV S/A;39;AGORA CTVM S/A
ITLC34;2.000;0,25%;109.036.356;Balcão;23/07/2026;14:08:34;Novo (0);Regular (1);114;ITAU CV S/A;262;MIRAE ASSET WEALTH MANAGEMENT (BRASIL) CCTVM LTDA.
CVCB3;734;3,97%;109.036.375;Balcão;23/07/2026;14:08:34;Novo (0);Regular (1);114;ITAU CV S/A;39;AGORA CTVM S/A
PETR3;6.728;0,02%;109.036.374;Balcão;23/07/2026;14:08:34;Novo (0);Regular (1);114;ITAU CV S/A;114;ITAU CV S/A
CVCB3;2.031;3,97%;109.036.373;Balcão;23/07/2026;14:08:33;Novo (0);Regular (1);114;ITAU CV S/A;39;AGORA CTVM S/A
BSLV39;1.000;0,10%;109.036.348;Balcão;23/07/2026;14:08:33;Novo (0);Regular (1);114;ITAU CV S/A;262;MIRAE ASSET WEALTH MANAGEMENT (BRASIL) CCTVM LTDA.
ALOS3;8.000;0,06%;109.036.341;Balcão;23/07/2026;14:08:33;Novo (0);Regular (1);114;ITAU CV S/A;122;BGC LIQUIDEZ DTVM LTDA
ISAE4;9.000;0,43%;109.036.371;Balcão;23/07/2026;14:08:33;Novo (0);Regular (1);114;ITAU CV S/A;39;AGORA CTVM S/A
BITH11;17.590;0,11%;109.036.370;Balcão;23/07/2026;14:08:33;Novo (0);Regular (1);114;ITAU CV S/A;39;AGORA CTVM S/A
ISAE4;3.800;0,43%;109.036.368;Balcão;23/07/2026;14:08:33;Novo (0);Regular (1);114;ITAU CV S/A;39;AGORA CTVM S/A
ISAE4;10.000;0,43%;109.036.362;Balcão;23/07/2026;14:08:33;Novo (0);Regular (1);114;ITAU CV S/A;39;AGORA CTVM S/A
ABEV3;9.900;2,88%;109.036.363;Balcão;23/07/2026;14:08:33;Novo (0);Regular (1);114;ITAU CV S/A;346;DAYCOVAL CTVM LTDA
B3SA3;45.900;0,02%;109.036.369;Balcão;23/07/2026;14:08:33;Novo (0);Regular (1);114;ITAU CV S/A;114;ITAU CV S/A
ISAE4;1.695;0,43%;109.036.360;Balcão;23/07/2026;14:08:32;Novo (0);Regular (1);114;ITAU CV S/A;39;AGORA CTVM S/A
CMIG3;1.000;0,06%;109.036.347;Balcão;23/07/2026;14:08:32;Novo (0);Regular (1);114;ITAU CV S/A;122;BGC LIQUIDEZ DTVM LTDA
ISAE4;71.106;0,43%;109.036.354;Balcão;23/07/2026;14:08:32;Novo (0);Regular (1);114;ITAU CV S/A;39;AGORA CTVM S/A
B3SA3;1.600;0,02%;109.036.353;Balcão;23/07/2026;14:08:32;Novo (0);Regular (1);114;ITAU CV S/A;114;ITAU CV S/A
GGBR4;5.000;0,02%;109.036.346;Balcão;23/07/2026;14:08:32;Novo (0);Regular (1);114;ITAU CV S/A;122;BGC LIQUIDEZ DTVM LTDA
BBSE3;13.805;0,88%;109.036.358;Balcão;23/07/2026;14:08:32;Novo (0);Regular (1);114;ITAU CV S/A;114;ITAU CV S/A
ISAE4;3.200;0,43%;109.036.355;Balcão;23/07/2026;14:08:32;Novo (0);Regular (1);114;ITAU CV S/A;39;AGORA CTVM S/A
B3SA3;25.800;0,02%;109.036.357;Balcão;23/07/2026;14:08:32;Novo (0);Regular (1);114;ITAU CV S/A;114;ITAU CV S/A
CMIN3;15.000;42,73%;109.036.332;Balcão;23/07/2026;14:08:32;Novo (0);Regular (1);114;ITAU CV S/A;39;AGORA CTVM S/A
LEVE3;7.225;0,05%;109.036.349;Balcão;23/07/2026;14:08:32;Novo (0);Regular (1);114;ITAU CV S/A;39;AGORA CTVM S/A
CACR11;345;3,05%;109.036.343;Balcão;23/07/2026;14:08:31;Novo (0);Regular (1);114;ITAU CV S/A;39;AGORA CTVM S/A
ABCB4;34.500;0,04%;109.036.344;Balcão;23/07/2026;14:08:31;Novo (0);Regular (1);114;ITAU CV S/A;114;ITAU CV S/A
YDUQ3;50.000;0,10%;109.036.329;Balcão;23/07/2026;14:08:31;Novo (0);Regular (1);114;ITAU CV S/A;262;MIRAE ASSET WEALTH MANAGEMENT (BRASIL) CCTVM LTDA.
CEAB3;2.000;0,12%;109.036.335;Balcão;23/07/2026;14:08:30;Novo (0);Regular (1);114;ITAU CV S/A;122;BGC LIQUIDEZ DTVM LTDA
ISAE4;101.695;0,43%;109.036.337;Balcão;23/07/2026;14:08:30;Novo (0);Regular (1);114;ITAU CV S/A;39;AGORA CTVM S/A
ISAE4;98.305;0,43%;109.036.333;Balcão;23/07/2026;14:08:30;Novo (0);Regular (1);114;ITAU CV S/A;39;AGORA CTVM S/A
JHSF3;123.500;2,44%;109.036.327;Balcão;23/07/2026;14:08:27;Novo (0);Regular (1);114;ITAU CV S/A;39;AGORA CTVM S/A
JHSF3;22.132;2,44%;109.036.326;Balcão;23/07/2026;14:08:27;Novo (0);Regular (1);114;ITAU CV S/A;39;AGORA CTVM S/A
ISAE4;100.000;0,43%;109.036.325;Balcão;23/07/2026;14:08:27;Novo (0);Regular (1);114;ITAU CV S/A;39;AGORA CTVM S/A
MBRF3;1.337;6,33%;109.036.324;Balcão;23/07/2026;14:08:25;Novo (0);Regular (1);114;ITAU CV S/A;23;NECTON INVESTIMENTOS - BTG PACTUAL CTVM S.A
UNIP6;2.300;0,02%;109.035.803;Balcão;23/07/2026;14:08:09;Novo (0);Regular (1);40;MORGAN STANLEY CTVM S/A;40;MORGAN STANLEY CTVM S/A
UNIP6;150;0,02%;109.035.772;Balcão;23/07/2026;14:08:09;Novo (0);Regular (1);40;MORGAN STANLEY CTVM S/A;40;MORGAN STANLEY CTVM S/A
TEND3;4.700;0,14%;109.023.982;Balcão;23/07/2026;14:02:46;Novo (0);Regular (1);39;AGORA CTVM S/A;39;AGORA CTVM S/A
PNVL3;3.150;0,04%;109.035.765;Balcão;23/07/2026;14:02:46;Novo (0);Regular (1);40;MORGAN STANLEY CTVM S/A;40;MORGAN STANLEY CTVM S/A
ECOR3;142.100;0,06%;109.035.845;Balcão;23/07/2026;14:02:43;Novo (0);Regular (1);40;MORGAN STANLEY CTVM S/A;40;MORGAN STANLEY CTVM S/A
AZZA3;199;29,29%;109.036.207;Balcão;23/07/2026;14:02:43;Novo (0);Regular (1);40;MORGAN STANLEY CTVM S/A;40;MORGAN STANLEY CTVM S/A
TEND3;13.106;0,14%;109.035.985;Balcão;23/07/2026;14:02:43;Novo (0);Regular (1);40;MORGAN STANLEY CTVM S/A;40;MORGAN STANLEY CTVM S/A
ECOR3;54.560;0,06%;109.036.270;Balcão;23/07/2026;14:02:43;Novo (0);Regular (1);40;MORGAN STANLEY CTVM S/A;40;MORGAN STANLEY CTVM S/A
TEND3;68;0,14%;109.024.032;Balcão;23/07/2026;14:02:43;Novo (0);Regular (1);39;AGORA CTVM S/A;39;AGORA CTVM S/A
TAEE11;1.106;0,17%;109.035.852;Balcão;23/07/2026;14:02:43;Novo (0);Regular (1);40;MORGAN STANLEY CTVM S/A;40;MORGAN STANLEY CTVM S/A
HAPV3;106;0,24%;109.036.272;Eletrônico D+1;23/07/2026;14:02:12;Novo (0);Regular (1);40;MORGAN STANLEY CTVM S/A;40;MORGAN STANLEY CTVM S/A
TEND3;9.041;0,14%;109.035.977;Balcão;23/07/2026;14:02:12;Novo (0);Regular (1);40;MORGAN STANLEY CTVM S/A;40;MORGAN STANLEY CTVM S/A
BRSR6;2.942;0,12%;109.036.253;Eletrônico D+1;23/07/2026;14:02:12;Novo (0);Regular (1);40;MORGAN STANLEY CTVM S/A;40;MORGAN STANLEY CTVM S/A
WEGE3;149.079;0,03%;109.036.174;Eletrônico D+1;23/07/2026;14:02:12;Novo (0);Regular (1);40;MORGAN STANLEY CTVM S/A;40;MORGAN STANLEY CTVM S/A
BRSR6;307;0,12%;109.036.256;Eletrônico D+1;23/07/2026;14:02:12;Novo (0);Regular (1);40;MORGAN STANLEY CTVM S/A;40;MORGAN STANLEY CTVM S/A
TAEE11;12;0,17%;109.024.016;Balcão;23/07/2026;14:02:12;Novo (0);Regular (1);39;AGORA CTVM S/A;39;AGORA CTVM S/A
MDNE3;1.272;0,03%;109.036.279;Eletrônico D+1;23/07/2026;14:02:12;Novo (0);Regular (1);40;MORGAN STANLEY CTVM S/A;40;MORGAN STANLEY CTVM S/A
TAEE11;3.300;0,17%;109.035.495;Balcão;23/07/2026;14:02:12;Novo (0);Regular (1);40;MORGAN STANLEY CTVM S/A;40;MORGAN STANLEY CTVM S/A
MDNE3;2.277;0,03%;109.036.146;Eletrônico D+1;23/07/2026;14:02:12;Novo (0);Regular (1);40;MORGAN STANLEY CTVM S/A;40;MORGAN STANLEY CTVM S/A
DASA3;183;0,05%;109.035.143;Balcão;23/07/2026;14:02:12;Novo (0);Regular (1);40;MORGAN STANLEY CTVM S/A;40;MORGAN STANLEY CTVM S/A
WEGE3;1.816;0,03%;109.036.171;Eletrônico D+1;23/07/2026;14:02:12;Novo (0);Regular (1);40;MORGAN STANLEY CTVM S/A;40;MORGAN STANLEY CTVM S/A
TAEE11;3.800;0,17%;109.035.855;Balcão;23/07/2026;14:02:12;Novo (0);Regular (1);40;MORGAN STANLEY CTVM S/A;40;MORGAN STANLEY CTVM S/A
TAEE11;4.588;0,17%;109.035.332;Balcão;23/07/2026;14:02:12;Novo (0);Regular (1);40;MORGAN STANLEY CTVM S/A;40;MORGAN STANLEY CTVM S/A
TAEE11;900;0,17%;109.024.046;Balcão;23/07/2026;14:02:12;Novo (0);Regular (1);39;AGORA CTVM S/A;39;AGORA CTVM S/A
TAEE11;4.300;0,17%;109.035.917;Balcão;23/07/2026;14:02:12;Novo (0);Regular (1);40;MORGAN STANLEY CTVM S/A;40;MORGAN STANLEY CTVM S/A
ALPA4;189.381;0,14%;109.035.297;Balcão;23/07/2026;14:02:12;Novo (0);Regular (1);40;MORGAN STANLEY CTVM S/A;40;MORGAN STANLEY CTVM S/A
LEVE3;124;0,05%;109.036.198;Eletrônico D+1;23/07/2026;14:02:11;Novo (0);Regular (1);40;MORGAN STANLEY CTVM S/A;40;MORGAN STANLEY CTVM S/A
CSMG3;860;0,57%;109.036.276;Eletrônico D+1;23/07/2026;14:02:11;Novo (0);Regular (1);40;MORGAN STANLEY CTVM S/A;40;MORGAN STANLEY CTVM S/A
WEGE3;343;0,03%;109.036.145;Eletrônico D+1;23/07/2026;14:02:11;Novo (0);Regular (1);40;MORGAN STANLEY CTVM S/A;40;MORGAN STANLEY CTVM S/A
BRSR6;3.769;0,12%;109.036.255;Eletrônico D+1;23/07/2026;14:02:11;Novo (0);Regular (1);40;MORGAN STANLEY CTVM S/A;40;MORGAN STANLEY CTVM S/A
WEGE3;2.032;0,03%;109.036.237;Eletrônico D+1;23/07/2026;14:02:11;Novo (0);Regular (1);40;MORGAN STANLEY CTVM S/A;40;MORGAN STANLEY CTVM S/A
BRSR6;6.915;0,12%;109.036.271;Eletrônico D+1;23/07/2026;14:02:11;Novo (0);Regular (1);40;MORGAN STANLEY CTVM S/A;40;MORGAN STANLEY CTVM S/A
HAPV3;10.584;0,24%;109.036.273;Eletrônico D+1;23/07/2026;14:02:11;Novo (0);Regular (1);40;MORGAN STANLEY CTVM S/A;40;MORGAN STANLEY CTVM S/A
BRSR6;163;0,12%;109.036.254;Eletrônico D+1;23/07/2026;14:02:11;Novo (0);Regular (1);40;MORGAN STANLEY CTVM S/A;40;MORGAN STANLEY CTVM S/A
LEVE3;5.356;0,05%;109.036.286;Eletrônico D+1;23/07/2026;14:02:11;Novo (0);Regular (1);40;MORGAN STANLEY CTVM S/A;40;MORGAN STANLEY CTVM S/A
CSNA3;7.901;0,80%;109.036.199;Eletrônico D+1;23/07/2026;14:02:11;Novo (0);Regular (1);40;MORGAN STANLEY CTVM S/A;40;MORGAN STANLEY CTVM S/A
BRSR6;9.404;0,12%;109.036.228;Eletrônico D+1;23/07/2026;14:02:11;Novo (0);Regular (1);40;MORGAN STANLEY CTVM S/A;40;MORGAN STANLEY CTVM S/A
TAEE11;1.100;0,17%;109.024.030;Balcão;23/07/2026;14:02:11;Novo (0);Regular (1);39;AGORA CTVM S/A;39;AGORA CTVM S/A
WEGE3;249;0,03%;109.036.200;Eletrônico D+1;23/07/2026;14:02:10;Novo (0);Regular (1);40;MORGAN STANLEY CTVM S/A;40;MORGAN STANLEY CTVM S/A
ABCB4;316;0,04%;109.036.156;Eletrônico D+1;23/07/2026;14:02:10;Novo (0);Regular (1);40;MORGAN STANLEY CTVM S/A;40;MORGAN STANLEY CTVM S/A
PVBI11;536;0,12%;109.036.277;Eletrônico D+1;23/07/2026;14:02:10;Novo (0);Regular (1);40;MORGAN STANLEY CTVM S/A;40;MORGAN STANLEY CTVM S/A
CSMG3;446;0,57%;109.036.147;Eletrônico D+1;23/07/2026;14:02:10;Novo (0);Regular (1);40;MORGAN STANLEY CTVM S/A;40;MORGAN STANLEY CTVM S/A
CSNA3;252.579;0,80%;109.036.227;Eletrônico D+1;23/07/2026;14:02:10;Novo (0);Regular (1);40;MORGAN STANLEY CTVM S/A;40;MORGAN STANLEY CTVM S/A
MDNE3;4.078;0,03%;109.036.278;Eletrônico D+1;23/07/2026;14:02:09;Novo (0);Regular (1);40;MORGAN STANLEY CTVM S/A;40;MORGAN STANLEY CTVM S/A
LEVE3;586;0,05%;109.036.201;Eletrônico D+1;23/07/2026;14:02:09;Novo (0);Regular (1);40;MORGAN STANLEY CTVM S/A;40;MORGAN STANLEY CTVM S/A
BRSR6;2.500;0,12%;109.036.261;Eletrônico D+1;23/07/2026;14:02:09;Novo (0);Regular (1);40;MORGAN STANLEY CTVM S/A;40;MORGAN STANLEY CTVM S/A
WEGE3;296;0,03%;109.036.229;Eletrônico D+1;23/07/2026;14:02:09;Novo (0);Regular (1);40;MORGAN STANLEY CTVM S/A;40;MORGAN STANLEY CTVM S/A
CSMG3;398;0,57%;109.036.173;Eletrônico D+1;23/07/2026;14:02:09;Novo (0);Regular (1);40;MORGAN STANLEY CTVM S/A;40;MORGAN STANLEY CTVM S/A
CSNA3;3.282;0,80%;109.036.280;Eletrônico D+1;23/07/2026;14:02:09;Novo (0);Regular (1);40;MORGAN STANLEY CTVM S/A;40;MORGAN STANLEY CTVM S/A
BRSR6;8.346;0,12%;109.036.230;Eletrônico D+1;23/07/2026;14:02:09;Novo (0);Regular (1);40;MORGAN STANLEY CTVM S/A;40;MORGAN STANLEY CTVM S/A
CSNA3;27.899;0,80%;109.036.282;Eletrônico D+1;23/07/2026;14:02:09;Novo (0);Regular (1);40;MORGAN STANLEY CTVM S/A;40;MORGAN STANLEY CTVM S/A
ABCB4;1.363;0,04%;109.036.176;Eletrônico D+1;23/07/2026;14:02:09;Novo (0);Regular (1);40;MORGAN STANLEY CTVM S/A;40;MORGAN STANLEY CTVM S/A
ABCB4;375;0,04%;109.036.072;Eletrônico D+1;23/07/2026;14:02:06;Novo (0);Regular (1);40;MORGAN STANLEY CTVM S/A;40;MORGAN STANLEY CTVM S/A
JSLG3;161;0,14%;109.035.887;Eletrônico D+1;23/07/2026;14:01:59;Novo (0);Regular (1);40;MORGAN STANLEY CTVM S/A;40;MORGAN STANLEY CTVM S/A
LEVE3;1.066;0,05%;109.035.883;Eletrônico D+1;23/07/2026;14:01:59;Novo (0);Regular (1);40;MORGAN STANLEY CTVM S/A;40;MORGAN STANLEY CTVM S/A
AURE3;195;0,04%;109.035.959;Eletrônico D+1;23/07/2026;14:01:59;Novo (0);Regular (1);40;MORGAN STANLEY CTVM S/A;40;MORGAN STANLEY CTVM S/A
SLCE3;411;0,12%;109.035.848;Eletrônico D+1;23/07/2026;14:01:59;Novo (0);Regular (1);40;MORGAN STANLEY CTVM S/A;40;MORGAN STANLEY CTVM S/A
MXRF11;565;0,11%;109.035.858;Eletrônico D+1;23/07/2026;14:01:59;Novo (0);Regular (1);40;MORGAN STANLEY CTVM S/A;40;MORGAN STANLEY CTVM S/A
MDNE3;2.813;0,03%;109.035.808;Eletrônico D+1;23/07/2026;14:01:59;Novo (0);Regular (1);40;MORGAN STANLEY CTVM S/A;40;MORGAN STANLEY CTVM S/A
CSNA3;225;0,80%;109.035.866;Eletrônico D+1;23/07/2026;14:01:59;Novo (0);Regular (1);40;MORGAN STANLEY CTVM S/A;40;MORGAN STANLEY CTVM S/A
WEGE3;8.881;0,03%;109.035.832;Eletrônico D+1;23/07/2026;14:01:59;Novo (0);Regular (1);40;MORGAN STANLEY CTVM S/A;40;MORGAN STANLEY CTVM S/A
LEVE3;112;0,05%;109.035.865;Eletrônico D+1;23/07/2026;14:01:59;Novo (0);Regular (1);40;MORGAN STANLEY CTVM S/A;40;MORGAN STANLEY CTVM S/A
POMO3;4.226;0,23%;109.035.801;Eletrônico D+1;23/07/2026;14:01:58;Novo (0);Regular (1);40;MORGAN STANLEY CTVM S/A;40;MORGAN STANLEY CTVM S/A
SLCE3;1.277;0,12%;109.035.849;Eletrônico D+1;23/07/2026;14:01:58;Novo (0);Regular (1);40;MORGAN STANLEY CTVM S/A;40;MORGAN STANLEY CTVM S/A
SLCE3;738;0,12%;109.035.554;Eletrônico D+1;23/07/2026;14:01:58;Novo (0);Regular (1);40;MORGAN STANLEY CTVM S/A;40;MORGAN STANLEY CTVM S/A
BRCO11;187;0,03%;109.035.410;Eletrônico D+1;23/07/2026;14:01:58;Novo (0);Regular (1);40;MORGAN STANLEY CTVM S/A;40;MORGAN STANLEY CTVM S/A
HAPV3;113;0,24%;109.035.763;Eletrônico D+1;23/07/2026;14:01:58;Novo (0);Regular (1);40;MORGAN STANLEY CTVM S/A;40;MORGAN STANLEY CTVM S/A
HAPV3;2.403;0,24%;109.035.592;Eletrônico D+1;23/07/2026;14:01:58;Novo (0);Regular (1);40;MORGAN STANLEY CTVM S/A;40;MORGAN STANLEY CTVM S/A
SLCE3;833;0,12%;109.035.921;Eletrônico D+1;23/07/2026;14:01:58;Novo (0);Regular (1);40;MORGAN STANLEY CTVM S/A;40;MORGAN STANLEY CTVM S/A
RBRX11;4.280;1,65%;109.035.514;Eletrônico D+1;23/07/2026;14:01:57;Novo (0);Regular (1);40;MORGAN STANLEY CTVM S/A;40;MORGAN STANLEY CTVM S/A
SLCE3;8.237;0,12%;109.035.850;Eletrônico D+1;23/07/2026;14:01:57;Novo (0);Regular (1);40;MORGAN STANLEY CTVM S/A;40;MORGAN STANLEY CTVM S/A
SLCE3;283;0,12%;109.035.948;Eletrônico D+1;23/07/2026;14:01:57;Novo (0);Regular (1);40;MORGAN STANLEY CTVM S/A;40;MORGAN STANLEY CTVM S/A
AURE3;332;0,04%;109.035.368;Eletrônico D+1;23/07/2026;14:01:57;Novo (0);Regular (1);40;MORGAN STANLEY CTVM S/A;40;MORGAN STANLEY CTVM S/A
AURE3;302;0,04%;109.035.950;Eletrônico D+1;23/07/2026;14:01:57;Novo (0);Regular (1);40;MORGAN STANLEY CTVM S/A;40;MORGAN STANLEY CTVM S/A
LEVE3;618;0,05%;109.035.884;Eletrônico D+1;23/07/2026;14:01:57;Novo (0);Regular (1);40;MORGAN STANLEY CTVM S/A;40;MORGAN STANLEY CTVM S/A
AURE3;11.350;0,04%;109.035.335;Eletrônico D+1;23/07/2026;14:01:57;Novo (0);Regular (1);40;MORGAN STANLEY CTVM S/A;40;MORGAN STANLEY CTVM S/A
WEGE3;10.741;0,03%;109.035.631;Eletrônico D+1;23/07/2026;14:01:56;Novo (0);Regular (1);40;MORGAN STANLEY CTVM S/A;40;MORGAN STANLEY CTVM S/A
WEGE3;428;0,03%;109.035.678;Eletrônico D+1;23/07/2026;14:01:56;Novo (0);Regular (1);40;MORGAN STANLEY CTVM S/A;40;MORGAN STANLEY CTVM S/A
CSNA3;939;0,80%;109.035.659;Eletrônico D+1;23/07/2026;14:01:56;Novo (0);Regular (1);40;MORGAN STANLEY CTVM S/A;40;MORGAN STANLEY CTVM S/A
HBOR3;249;1,00%;109.035.521;Eletrônico D+1;23/07/2026;14:01:55;Novo (0);Regular (1);40;MORGAN STANLEY CTVM S/A;40;MORGAN STANLEY CTVM S/A
CSNA3;6.437;0,80%;109.035.609;Eletrônico D+1;23/07/2026;14:01:55;Novo (0);Regular (1);40;MORGAN STANLEY CTVM S/A;40;MORGAN STANLEY CTVM S/A
WEGE3;13.163;0,03%;109.035.662;Eletrônico D+1;23/07/2026;14:01:55;Novo (0);Regular (1);40;MORGAN STANLEY CTVM S/A;40;MORGAN STANLEY CTVM S/A
CSMG3;146;0,57%;109.035.610;Eletrônico D+1;23/07/2026;14:01:55;Novo (0);Regular (1);40;MORGAN STANLEY CTVM S/A;40;MORGAN STANLEY CTVM S/A
CSMG3;9.419;0,57%;109.035.642;Eletrônico D+1;23/07/2026;14:01:55;Novo (0);Regular (1);40;MORGAN STANLEY CTVM S/A;40;MORGAN STANLEY CTVM S/A
CSNA3;738;0,80%;109.035.643;Eletrônico D+1;23/07/2026;14:01:55;Novo (0);Regular (1);40;MORGAN STANLEY CTVM S/A;40;MORGAN STANLEY CTVM S/A
TGMA3;2.563;0,51%;109.035.477;Eletrônico D+1;23/07/2026;14:01:55;Novo (0);Regular (1);40;MORGAN STANLEY CTVM S/A;40;MORGAN STANLEY CTVM S/A
WEGE3;708;0,03%;109.035.670;Eletrônico D+1;23/07/2026;14:01:54;Novo (0);Regular (1);40;MORGAN STANLEY CTVM S/A;40;MORGAN STANLEY CTVM S/A
EVEN3;915;16,11%;109.035.564;Eletrônico D+1;23/07/2026;14:01:54;Novo (0);Regular (1);40;MORGAN STANLEY CTVM S/A;40;MORGAN STANLEY CTVM S/A
POMO3;5.185;0,23%;109.035.370;Eletrônico D+1;23/07/2026;14:01:54;Novo (0);Regular (1);40;MORGAN STANLEY CTVM S/A;40;MORGAN STANLEY CTVM S/A
AURE3;1.446;0,04%;109.035.531;Eletrônico D+1;23/07/2026;14:01:54;Novo (0);Regular (1);40;MORGAN STANLEY CTVM S/A;40;MORGAN STANLEY CTVM S/A
EVEN3;630;16,11%;109.035.307;Eletrônico D+1;23/07/2026;14:01:54;Novo (0);Regular (1);40;MORGAN STANLEY CTVM S/A;40;MORGAN STANLEY CTVM S/A
WEGE3;16.742;0,03%;109.035.632;Eletrônico D+1;23/07/2026;14:01:54;Novo (0);Regular (1);40;MORGAN STANLEY CTVM S/A;40;MORGAN STANLEY CTVM S/A
CSMG3;986;0,57%;109.035.608;Eletrônico D+1;23/07/2026;14:01:54;Novo (0);Regular (1);40;MORGAN STANLEY CTVM S/A;40;MORGAN STANLEY CTVM S/A
SLCE3;510;0,12%;109.035.442;Eletrônico D+1;23/07/2026;14:01:54;Novo (0);Regular (1);40;MORGAN STANLEY CTVM S/A;40;MORGAN STANLEY CTVM S/A
ABCB4;251;0,04%;109.035.568;Eletrônico D+1;23/07/2026;14:01:54;Novo (0);Regular (1);40;MORGAN STANLEY CTVM S/A;40;MORGAN STANLEY CTVM S/A
POMO3;2.316;0,23%;109.035.789;Eletrônico D+1;23/07/2026;14:01:54;Novo (0);Regular (1);40;MORGAN STANLEY CTVM S/A;40;MORGAN STANLEY CTVM S/A
JSLG3;477;0,14%;109.035.752;Eletrônico D+1;23/07/2026;14:01:54;Novo (0);Regular (1);40;MORGAN STANLEY CTVM S/A;40;MORGAN STANLEY CTVM S/A
ABCB4;2.512;0,04%;109.035.532;Eletrônico D+1;23/07/2026;14:01:54;Novo (0);Regular (1);40;MORGAN STANLEY CTVM S/A;40;MORGAN STANLEY CTVM S/A
WEGE3;1.529;0,03%;109.035.648;Eletrônico D+1;23/07/2026;14:01:54;Novo (0);Regular (1);40;MORGAN STANLEY CTVM S/A;40;MORGAN STANLEY CTVM S/A
WEGE3;30.512;0,03%;109.035.548;Eletrônico D+1;23/07/2026;14:01:54;Novo (0);Regular (1);40;MORGAN STANLEY CTVM S/A;40;MORGAN STANLEY CTVM S/A
CSMG3;254;0,57%;109.035.618;Eletrônico D+1;23/07/2026;14:01:54;Novo (0);Regular (1);40;MORGAN STANLEY CTVM S/A;40;MORGAN STANLEY CTVM S/A
WEGE3;407;0,03%;109.035.651;Eletrônico D+1;23/07/2026;14:01:54;Novo (0);Regular (1);40;MORGAN STANLEY CTVM S/A;40;MORGAN STANLEY CTVM S/A
ABCB4;228;0,04%;109.035.599;Eletrônico D+1;23/07/2026;14:01:54;Novo (0);Regular (1);40;MORGAN STANLEY CTVM S/A;40;MORGAN STANLEY CTVM S/A
CSMG3;429;0,57%;109.035.600;Eletrônico D+1;23/07/2026;14:01:54;Novo (0);Regular (1);40;MORGAN STANLEY CTVM S/A;40;MORGAN STANLEY CTVM S/A
PINE4;217;0,22%;109.035.459;Eletrônico D+1;23/07/2026;14:01:54;Novo (0);Regular (1);40;MORGAN STANLEY CTVM S/A;40;MORGAN STANLEY CTVM S/A
LEVE3;610;0,05%;109.035.530;Eletrônico D+1;23/07/2026;14:01:53;Novo (0);Regular (1);40;MORGAN STANLEY CTVM S/A;40;MORGAN STANLEY CTVM S/A
HBOR3;4.641;1,00%;109.035.385;Eletrônico D+1;23/07/2026;14:01:53;Novo (0);Regular (1);40;MORGAN STANLEY CTVM S/A;40;MORGAN STANLEY CTVM S/A
DISB34;300;0,10%;109.036.288;Eletrônico D+1;23/07/2026;14:01:52;Novo (0);Regular (1);40;MORGAN STANLEY CTVM S/A;40;MORGAN STANLEY CTVM S/A
AXIA7;143.648;0,06%;109.036.287;Eletrônico D+1;23/07/2026;14:01:52;Novo (0);Regular (1);40;MORGAN STANLEY CTVM S/A;40;MORGAN STANLEY CTVM S/A
HAPV3;22.993;0,24%;109.036.284;Eletrônico D+1;23/07/2026;14:01:52;Novo (0);Regular (1);40;MORGAN STANLEY CTVM S/A;40;MORGAN STANLEY CTVM S/A
HCTR11;3;0,57%;109.036.285;Eletrônico D+1;23/07/2026;14:01:52;Novo (0);Regular (1);40;MORGAN STANLEY CTVM S/A;40;MORGAN STANLEY CTVM S/A
FESA4;442;0,05%;109.035.270;Eletrônico D+1;23/07/2026;14:01:51;Novo (0);Regular (1);40;MORGAN STANLEY CTVM S/A;40;MORGAN STANLEY CTVM S/A
KNHY11;515;0,81%;109.035.333;Eletrônico D+1;23/07/2026;14:01:51;Novo (0);Regular (1);40;MORGAN STANLEY CTVM S/A;40;MORGAN STANLEY CTVM S/A
SLCE3;294;0,12%;109.035.402;Eletrônico D+1;23/07/2026;14:01:51;Novo (0);Regular (1);40;MORGAN STANLEY CTVM S/A;40;MORGAN STANLEY CTVM S/A
SLCE3;2.173;0,12%;109.035.367;Eletrônico D+1;23/07/2026;14:01:51;Novo (0);Regular (1);40;MORGAN STANLEY CTVM S/A;40;MORGAN STANLEY CTVM S/A
POMO3;28.796;0,23%;109.035.135;Eletrônico D+1;23/07/2026;14:01:51;Novo (0);Regular (1);40;MORGAN STANLEY CTVM S/A;40;MORGAN STANLEY CTVM S/A
GGPS3;47.235;0,12%;109.036.281;Eletrônico D+1;23/07/2026;14:01:51;Novo (0);Regular (1);40;MORGAN STANLEY CTVM S/A;40;MORGAN STANLEY CTVM S/A
SANB3;299;0,15%;109.036.283;Eletrônico D+1;23/07/2026;14:01:51;Novo (0);Regular (1);40;MORGAN STANLEY CTVM S/A;40;MORGAN STANLEY CTVM S/A
JSLG3;12.555;0,14%;109.035.227;Eletrônico D+1;23/07/2026;14:01:50;Novo (0);Regular (1);40;MORGAN STANLEY CTVM S/A;40;MORGAN STANLEY CTVM S/A
TGMA3;211;0,51%;109.035.476;Eletrônico D+1;23/07/2026;14:01:50;Novo (0);Regular (1);40;MORGAN STANLEY CTVM S/A;40;MORGAN STANLEY CTVM S/A
EVEN3;984;16,11%;109.035.414;Eletrônico D+1;23/07/2026;14:01:50;Novo (0);Regular (1);40;MORGAN STANLEY CTVM S/A;40;MORGAN STANLEY CTVM S/A
AURE3;131;0,04%;109.035.457;Eletrônico D+1;23/07/2026;14:01:47;Novo (0);Regular (1);40;MORGAN STANLEY CTVM S/A;40;MORGAN STANLEY CTVM S/A
ABCB4;400;0,04%;109.036.065;Eletrônico D+1;23/07/2026;14:01:47;Novo (0);Regular (1);40;MORGAN STANLEY CTVM S/A;40;MORGAN STANLEY CTVM S/A
CSMG3;5.010;0,57%;109.036.071;Eletrônico D+1;23/07/2026;14:01:47;Novo (0);Regular (1);40;MORGAN STANLEY CTVM S/A;40;MORGAN STANLEY CTVM S/A
TGMA3;923;0,51%;109.036.039;Eletrônico D+1;23/07/2026;14:01:47;Novo (0);Regular (1);40;MORGAN STANLEY CTVM S/A;40;MORGAN STANLEY CTVM S/A
HAPV3;375;0,24%;109.036.070;Eletrônico D+1;23/07/2026;14:01:47;Novo (0);Regular (1);40;MORGAN STANLEY CTVM S/A;40;MORGAN STANLEY CTVM S/A
HAPV3;327;0,24%;109.036.034;Eletrônico D+1;23/07/2026;14:01:47;Novo (0);Regular (1);40;MORGAN STANLEY CTVM S/A;40;MORGAN STANLEY CTVM S/A
POMO3;6.399;0,23%;109.035.886;Eletrônico D+1;23/07/2026;14:01:47;Novo (0);Regular (1);40;MORGAN STANLEY CTVM S/A;40;MORGAN STANLEY CTVM S/A
HAPV3;566;0,24%;109.036.020;Eletrônico D+1;23/07/2026;14:01:47;Novo (0);Regular (1);40;MORGAN STANLEY CTVM S/A;40;MORGAN STANLEY CTVM S/A
LEVE3;637;0,05%;109.035.846;Eletrônico D+1;23/07/2026;14:01:46;Novo (0);Regular (1);40;MORGAN STANLEY CTVM S/A;40;MORGAN STANLEY CTVM S/A
PINE4;777;0,22%;109.035.885;Eletrônico D+1;23/07/2026;14:01:46;Novo (0);Regular (1);40;MORGAN STANLEY CTVM S/A;40;MORGAN STANLEY CTVM S/A
HAPV3;238;0,24%;109.036.067;Eletrônico D+1;23/07/2026;14:01:46;Novo (0);Regular (1);40;MORGAN STANLEY CTVM S/A;40;MORGAN STANLEY CTVM S/A
TGMA3;5.065;0,51%;109.036.033;Eletrônico D+1;23/07/2026;14:01:46;Novo (0);Regular (1);40;MORGAN STANLEY CTVM S/A;40;MORGAN STANLEY CTVM S/A
HAPV3;820;0,24%;109.036.064;Eletrônico D+1;23/07/2026;14:01:46;Novo (0);Regular (1);40;MORGAN STANLEY CTVM S/A;40;MORGAN STANLEY CTVM S/A
SLCE3;642;0,12%;109.035.880;Eletrônico D+1;23/07/2026;14:01:46;Novo (0);Regular (1);40;MORGAN STANLEY CTVM S/A;40;MORGAN STANLEY CTVM S/A
RADL3;138.856;0,10%;109.036.274;Eletrônico D+1;23/07/2026;14:01:45;Novo (0);Regular (1);40;MORGAN STANLEY CTVM S/A;40;MORGAN STANLEY CTVM S/A
HBOR3;5.886;1,00%;109.035.806;Eletrônico D+1;23/07/2026;14:01:45;Novo (0);Regular (1);40;MORGAN STANLEY CTVM S/A;40;MORGAN STANLEY CTVM S/A
FESA4;2.467;0,05%;109.035.758;Eletrônico D+1;23/07/2026;14:01:45;Novo (0);Regular (1);40;MORGAN STANLEY CTVM S/A;40;MORGAN STANLEY CTVM S/A
JSLG3;1.228;0,14%;109.035.802;Eletrônico D+1;23/07/2026;14:01:45;Novo (0);Regular (1);40;MORGAN STANLEY CTVM S/A;40;MORGAN STANLEY CTVM S/A
HBOR3;144;1,00%;109.035.394;Eletrônico D+1;23/07/2026;14:01:44;Novo (0);Regular (1);40;MORGAN STANLEY CTVM S/A;40;MORGAN STANLEY CTVM S/A
TGMA3;257;0,51%;109.035.485;Eletrônico D+1;23/07/2026;14:01:44;Novo (0);Regular (1);40;MORGAN STANLEY CTVM S/A;40;MORGAN STANLEY CTVM S/A
JSLG3;111;0,14%;109.035.417;Eletrônico D+1;23/07/2026;14:01:44;Novo (0);Regular (1);40;MORGAN STANLEY CTVM S/A;40;MORGAN STANLEY CTVM S/A
TGMA3;1.070;0,51%;109.036.021;Eletrônico D+1;23/07/2026;14:01:44;Novo (0);Regular (1);40;MORGAN STANLEY CTVM S/A;40;MORGAN STANLEY CTVM S/A
JPMC34;525;0,08%;109.036.269;Eletrônico D+1;23/07/2026;14:01:44;Novo (0);Regular (1);40;MORGAN STANLEY CTVM S/A;40;MORGAN STANLEY CTVM S/A
HAPV3;249;0,24%;109.035.543;Eletrônico D+1;23/07/2026;14:01:43;Novo (0);Regular (1);40;MORGAN STANLEY CTVM S/A;40;MORGAN STANLEY CTVM S/A
PINE4;1.149;0,22%;109.036.005;Eletrônico D+1;23/07/2026;14:01:43;Novo (0);Regular (1);40;MORGAN STANLEY CTVM S/A;40;MORGAN STANLEY CTVM S/A
LEVE3;1.238;0,05%;109.035.327;Eletrônico D+1;23/07/2026;14:01:42;Novo (0);Regular (1);40;MORGAN STANLEY CTVM S/A;40;MORGAN STANLEY CTVM S/A
EVEN3;126;16,11%;109.035.563;Eletrônico D+1;23/07/2026;14:01:42;Novo (0);Regular (1);40;MORGAN STANLEY CTVM S/A;40;MORGAN STANLEY CTVM S/A
ABCB4;402;0,04%;109.035.549;Eletrônico D+1;23/07/2026;14:01:42;Novo (0);Regular (1);40;MORGAN STANLEY CTVM S/A;40;MORGAN STANLEY CTVM S/A
EVEN3;2.171;16,11%;109.035.452;Eletrônico D+1;23/07/2026;14:01:42;Novo (0);Regular (1);40;MORGAN STANLEY CTVM S/A;40;MORGAN STANLEY CTVM S/A
HAPV3;371;0,24%;109.035.487;Eletrônico D+1;23/07/2026;14:01:42;Novo (0);Regular (1);40;MORGAN STANLEY CTVM S/A;40;MORGAN STANLEY CTVM S/A
POMO3;613;0,23%;109.035.146;Eletrônico D+1;23/07/2026;14:01:42;Novo (0);Regular (1);40;MORGAN STANLEY CTVM S/A;40;MORGAN STANLEY CTVM S/A
PINE4;1.440;0,22%;109.035.979;Eletrônico D+1;23/07/2026;14:01:42;Novo (0);Regular (1);40;MORGAN STANLEY CTVM S/A;40;MORGAN STANLEY CTVM S/A
CSMG3;416;0,57%;109.035.621;Eletrônico D+1;23/07/2026;14:01:40;Novo (0);Regular (1);40;MORGAN STANLEY CTVM S/A;40;MORGAN STANLEY CTVM S/A
EVEN3;14.117;16,11%;109.035.557;Eletrônico D+1;23/07/2026;14:01:40;Novo (0);Regular (1);40;MORGAN STANLEY CTVM S/A;40;MORGAN STANLEY CTVM S/A
SLCE3;7.231;0,12%;109.035.434;Eletrônico D+1;23/07/2026;14:01:40;Novo (0);Regular (1);40;MORGAN STANLEY CTVM S/A;40;MORGAN STANLEY CTVM S/A
HAPV3;399;0,24%;109.035.593;Eletrônico D+1;23/07/2026;14:01:40;Novo (0);Regular (1);40;MORGAN STANLEY CTVM S/A;40;MORGAN STANLEY CTVM S/A
TGMA3;2.882;0,51%;109.035.527;Eletrônico D+1;23/07/2026;14:01:40;Novo (0);Regular (1);40;MORGAN STANLEY CTVM S/A;40;MORGAN STANLEY CTVM S/A
AURE3;14.298;0,04%;109.035.944;Eletrônico D+1;23/07/2026;14:01:39;Novo (0);Regular (1);40;MORGAN STANLEY CTVM S/A;40;MORGAN STANLEY CTVM S/A
AURE3;602;0,04%;109.035.947;Eletrônico D+1;23/07/2026;14:01:39;Novo (0);Regular (1);40;MORGAN STANLEY CTVM S/A;40;MORGAN STANLEY CTVM S/A
PINE4;8.303;0,22%;109.035.980;Eletrônico D+1;23/07/2026;14:01:39;Novo (0);Regular (1);40;MORGAN STANLEY CTVM S/A;40;MORGAN STANLEY CTVM S/A
EVEN3;2.212;16,11%;109.035.978;Eletrônico D+1;23/07/2026;14:01:39;Novo (0);Regular (1);40;MORGAN STANLEY CTVM S/A;40;MORGAN STANLEY CTVM S/A
AURE3;230;0,04%;109.035.949;Eletrônico D+1;23/07/2026;14:01:38;Novo (0);Regular (1);40;MORGAN STANLEY CTVM S/A;40;MORGAN STANLEY CTVM S/A
SANB11;555.636;6,43%;109.036.040;Eletrônico D+1;23/07/2026;14:01:38;Novo (0);Regular (1);40;MORGAN STANLEY CTVM S/A;40;MORGAN STANLEY CTVM S/A
GOLD11;49.627;0,06%;109.036.035;Eletrônico D+1;23/07/2026;14:01:37;Novo (0);Regular (1);40;MORGAN STANLEY CTVM S/A;40;MORGAN STANLEY CTVM S/A
BPAC11;1.058.385;0,06%;109.036.038;Eletrônico D+1;23/07/2026;14:01:37;Novo (0);Regular (1);40;MORGAN STANLEY CTVM S/A;40;MORGAN STANLEY CTVM S/A
NASD11;4.090;0,49%;109.035.984;Eletrônico D+1;23/07/2026;14:01:35;Novo (0);Regular (1);40;MORGAN STANLEY CTVM S/A;40;MORGAN STANLEY CTVM S/A
LOGG3;8.175;0,08%;109.035.960;Eletrônico D+1;23/07/2026;14:01:33;Novo (0);Regular (1);40;MORGAN STANLEY CTVM S/A;40;MORGAN STANLEY CTVM S/A
ESPA3;1.200;0,71%;109.035.956;Eletrônico D+1;23/07/2026;14:01:33;Novo (0);Regular (1);40;MORGAN STANLEY CTVM S/A;40;MORGAN STANLEY CTVM S/A
LILY34;300;0,10%;109.035.915;Eletrônico D+1;23/07/2026;14:01:32;Novo (0);Regular (1);40;MORGAN STANLEY CTVM S/A;40;MORGAN STANLEY CTVM S/A
SANB4;99;0,11%;109.035.914;Eletrônico D+1;23/07/2026;14:01:31;Novo (0);Regular (1);40;MORGAN STANLEY CTVM S/A;40;MORGAN STANLEY CTVM S/A
VTRU3;23.415;0,10%;109.035.912;Eletrônico D+1;23/07/2026;14:01:31;Novo (0);Regular (1);40;MORGAN STANLEY CTVM S/A;40;MORGAN STANLEY CTVM S/A
AXIA3;10.645;0,06%;109.035.913;Eletrônico D+1;23/07/2026;14:01:31;Novo (0);Regular (1);40;MORGAN STANLEY CTVM S/A;40;MORGAN STANLEY CTVM S/A
SAPR11;11.042;0,06%;109.035.897;Eletrônico D+1;23/07/2026;14:01:28;Novo (0);Regular (1);40;MORGAN STANLEY CTVM S/A;40;MORGAN STANLEY CTVM S/A
EZTC3;16.420;0,06%;109.035.893;Eletrônico D+1;23/07/2026;14:01:28;Novo (0);Regular (1);40;MORGAN STANLEY CTVM S/A;40;MORGAN STANLEY CTVM S/A
SBFG3;9.344;0,06%;109.035.896;Eletrônico D+1;23/07/2026;14:01:28;Novo (0);Regular (1);40;MORGAN STANLEY CTVM S/A;40;MORGAN STANLEY CTVM S/A
LWSA3;64.570;0,11%;109.035.890;Eletrônico D+1;23/07/2026;14:01:28;Novo (0);Regular (1);40;MORGAN STANLEY CTVM S/A;40;MORGAN STANLEY CTVM S/A
MULT3;146.575;0,27%;109.035.875;Eletrônico D+1;23/07/2026;14:01:27;Novo (0);Regular (1);40;MORGAN STANLEY CTVM S/A;40;MORGAN STANLEY CTVM S/A
COGN3;137.957;0,06%;109.035.873;Eletrônico D+1;23/07/2026;14:01:27;Novo (0);Regular (1);40;MORGAN STANLEY CTVM S/A;40;MORGAN STANLEY CTVM S/A
N1VO34;299;0,10%;109.035.854;Eletrônico D+1;23/07/2026;14:01:27;Novo (0);Regular (1);40;MORGAN STANLEY CTVM S/A;40;MORGAN STANLEY CTVM S/A
POSI3;11.275;0,22%;109.035.851;Eletrônico D+1;23/07/2026;14:01:27;Novo (0);Regular (1);40;MORGAN STANLEY CTVM S/A;40;MORGAN STANLEY CTVM S/A
GGPS3;67.320;0,12%;109.035.838;Eletrônico D+1;23/07/2026;14:01:26;Novo (0);Regular (1);40;MORGAN STANLEY CTVM S/A;40;MORGAN STANLEY CTVM S/A
ORVR3;73.540;2,50%;109.035.820;Eletrônico D+1;23/07/2026;14:01:26;Novo (0);Regular (1);40;MORGAN STANLEY CTVM S/A;40;MORGAN STANLEY CTVM S/A
ALOS3;181.604;0,06%;109.035.812;Eletrônico D+1;23/07/2026;14:01:26;Novo (0);Regular (1);40;MORGAN STANLEY CTVM S/A;40;MORGAN STANLEY CTVM S/A
ORCL34;747;0,06%;109.035.810;Eletrônico D+1;23/07/2026;14:01:26;Novo (0);Regular (1);40;MORGAN STANLEY CTVM S/A;40;MORGAN STANLEY CTVM S/A
EQTL3;128.553;0,06%;109.035.804;Eletrônico D+1;23/07/2026;14:01:25;Novo (0);Regular (1);40;MORGAN STANLEY CTVM S/A;40;MORGAN STANLEY CTVM S/A
BRBI11;8.209;0,09%;109.035.797;Eletrônico D+1;23/07/2026;14:01:25;Novo (0);Regular (1);40;MORGAN STANLEY CTVM S/A;40;MORGAN STANLEY CTVM S/A
VLID3;11.935;0,06%;109.035.800;Eletrônico D+1;23/07/2026;14:01:25;Novo (0);Regular (1);40;MORGAN STANLEY CTVM S/A;40;MORGAN STANLEY CTVM S/A
RENT4;1.299;0,09%;109.035.786;Eletrônico D+1;23/07/2026;14:01:25;Novo (0);Regular (1);40;MORGAN STANLEY CTVM S/A;40;MORGAN STANLEY CTVM S/A
FLRY3;54.126;0,06%;109.035.742;Eletrônico D+1;23/07/2026;14:01:23;Novo (0);Regular (1);40;MORGAN STANLEY CTVM S/A;40;MORGAN STANLEY CTVM S/A
WEGE3;411.592;0,06%;109.035.740;Eletrônico D+1;23/07/2026;14:01:23;Novo (0);Regular (1);40;MORGAN STANLEY CTVM S/A;40;MORGAN STANLEY CTVM S/A
POMO4;86.128;0,06%;109.035.647;Eletrônico D+1;23/07/2026;14:01:20;Novo (0);Regular (1);40;MORGAN STANLEY CTVM S/A;40;MORGAN STANLEY CTVM S/A
NFLX34;9.461;0,31%;109.035.644;Eletrônico D+1;23/07/2026;14:01:20;Novo (0);Regular (1);40;MORGAN STANLEY CTVM S/A;40;MORGAN STANLEY CTVM S/A
PGMN3;45.320;0,07%;109.035.522;Eletrônico D+1;23/07/2026;14:01:18;Novo (0);Regular (1);40;MORGAN STANLEY CTVM S/A;40;MORGAN STANLEY CTVM S/A
GOAU4;89.247;0,06%;109.035.504;Eletrônico D+1;23/07/2026;14:01:17;Novo (0);Regular (1);40;MORGAN STANLEY CTVM S/A;40;MORGAN STANLEY CTVM S/A
MELI34;4.995;0,10%;109.035.503;Eletrônico D+1;23/07/2026;14:01:17;Novo (0);Regular (1);40;MORGAN STANLEY CTVM S/A;40;MORGAN STANLEY CTVM S/A
PAGS34;13.192;0,11%;109.035.493;Eletrônico D+1;23/07/2026;14:01:17;Novo (0);Regular (1);40;MORGAN STANLEY CTVM S/A;40;MORGAN STANLEY CTVM S/A
EVEN3;6.800;16,11%;109.035.494;Eletrônico D+1;23/07/2026;14:01:16;Novo (0);Regular (1);40;MORGAN STANLEY CTVM S/A;40;MORGAN STANLEY CTVM S/A
TUPY3;19.915;0,11%;109.035.481;Eletrônico D+1;23/07/2026;14:01:16;Novo (0);Regular (1);40;MORGAN STANLEY CTVM S/A;40;MORGAN STANLEY CTVM S/A
M1TA34;1.756;0,29%;109.035.440;Eletrônico D+1;23/07/2026;14:01:15;Novo (0);Regular (1);40;MORGAN STANLEY CTVM S/A;40;MORGAN STANLEY CTVM S/A
QUAL3;41.455;0,06%;109.035.416;Eletrônico D+1;23/07/2026;14:01:14;Novo (0);Regular (1);40;MORGAN STANLEY CTVM S/A;40;MORGAN STANLEY CTVM S/A
RCSL4;13.900;0,10%;109.035.404;Eletrônico D+1;23/07/2026;14:01:14;Novo (0);Regular (1);40;MORGAN STANLEY CTVM S/A;40;MORGAN STANLEY CTVM S/A
BOVA11;1.151.031;0,72%;109.035.393;Eletrônico D+1;23/07/2026;14:01:13;Novo (0);Regular (1);40;MORGAN STANLEY CTVM S/A;40;MORGAN STANLEY CTVM S/A
SYNE3;9.760;0,16%;109.035.362;Eletrônico D+1;23/07/2026;14:01:13;Novo (0);Regular (1);40;MORGAN STANLEY CTVM S/A;40;MORGAN STANLEY CTVM S/A
INTB3;17.370;0,08%;109.035.320;Eletrônico D+1;23/07/2026;14:01:12;Novo (0);Regular (1);40;MORGAN STANLEY CTVM S/A;40;MORGAN STANLEY CTVM S/A
SMTO3;20.085;4,47%;109.035.263;Eletrônico D+1;23/07/2026;14:01:12;Novo (0);Regular (1);40;MORGAN STANLEY CTVM S/A;40;MORGAN STANLEY CTVM S/A
BRAP4;53.635;0,06%;109.035.283;Eletrônico D+1;23/07/2026;14:01:12;Novo (0);Regular (1);40;MORGAN STANLEY CTVM S/A;40;MORGAN STANLEY CTVM S/A
HAPV3;295;0,24%;109.024.021;Balcão;23/07/2026;13:55:27;Novo (0);Regular (1);39;AGORA CTVM S/A;39;AGORA CTVM S/A
MGLU3;259;14,36%;109.023.912;Balcão;23/07/2026;13:55:27;Novo (0);Regular (1);39;AGORA CTVM S/A;39;AGORA CTVM S/A
BOVA11;100;0,72%;109.023.774;Balcão;23/07/2026;13:55:27;Novo (0);Regular (1);39;AGORA CTVM S/A;39;AGORA CTVM S/A
RADL3;225;0,10%;109.023.854;Balcão;23/07/2026;13:55:27;Novo (0);Regular (1);39;AGORA CTVM S/A;39;AGORA CTVM S/A
BEEF3;340.967;1,88%;109.023.864;Balcão;23/07/2026;13:55:27;Novo (0);Regular (1);39;AGORA CTVM S/A;39;AGORA CTVM S/A
BOVA11;100;0,72%;109.023.727;Balcão;23/07/2026;13:55:26;Novo (0);Regular (1);39;AGORA CTVM S/A;39;AGORA CTVM S/A
ITUB3;1;1,16%;109.023.801;Balcão;23/07/2026;13:55:26;Novo (0);Regular (1);39;AGORA CTVM S/A;39;AGORA CTVM S/A
NATU3;393;210,44%;109.023.975;Balcão;23/07/2026;13:55:26;Novo (0);Regular (1);39;AGORA CTVM S/A;39;AGORA CTVM S/A
ALOS3;4.809;0,06%;109.024.059;Balcão;23/07/2026;13:55:22;Novo (0);Regular (1);39;AGORA CTVM S/A;39;AGORA CTVM S/A
SLCE3;366;0,12%;109.024.050;Balcão;23/07/2026;13:55:21;Novo (0);Regular (1);39;AGORA CTVM S/A;39;AGORA CTVM S/A
SLCE3;117;0,12%;109.024.038;Balcão;23/07/2026;13:55:21;Novo (0);Regular (1);39;AGORA CTVM S/A;39;AGORA CTVM S/A
SLCE3;6.158;0,12%;109.024.034;Balcão;23/07/2026;13:55:21;Novo (0);Regular (1);39;AGORA CTVM S/A;39;AGORA CTVM S/A
SLCE3;4.253;0,12%;109.024.029;Balcão;23/07/2026;13:55:21;Novo (0);Regular (1);39;AGORA CTVM S/A;39;AGORA CTVM S/A
SLCE3;60.402;0,12%;109.024.028;Balcão;23/07/2026;13:55:21;Novo (0);Regular (1);39;AGORA CTVM S/A;39;AGORA CTVM S/A
SLCE3;265;0,12%;109.024.018;Balcão;23/07/2026;13:55:21;Novo (0);Regular (1);39;AGORA CTVM S/A;39;AGORA CTVM S/A
SLCE3;3.436;0,12%;109.023.992;Balcão;23/07/2026;13:55:20;Novo (0);Regular (1);39;AGORA CTVM S/A;39;AGORA CTVM S/A
SLCE3;227;0,12%;109.023.985;Balcão;23/07/2026;13:55:20;Novo (0);Regular (1);39;AGORA CTVM S/A;39;AGORA CTVM S/A
SLCE3;2.460;0,12%;109.023.984;Balcão;23/07/2026;13:55:20;Novo (0);Regular (1);39;AGORA CTVM S/A;39;AGORA CTVM S/A
LREN3;2.190;0,05%;109.023.977;Balcão;23/07/2026;13:55:20;Novo (0);Regular (1);39;AGORA CTVM S/A;39;AGORA CTVM S/A
SLCE3;2.368;0,12%;109.023.976;Balcão;23/07/2026;13:55:19;Novo (0);Regular (1);39;AGORA CTVM S/A;39;AGORA CTVM S/A
SLCE3;68.812;0,12%;109.023.972;Balcão;23/07/2026;13:55:19;Novo (0);Regular (1);39;AGORA CTVM S/A;39;AGORA CTVM S/A
SLCE3;5.362;0,12%;109.023.968;Balcão;23/07/2026;13:55:19;Novo (0);Regular (1);39;AGORA CTVM S/A;39;AGORA CTVM S/A
SLCE3;6.952;0,12%;109.023.967;Balcão;23/07/2026;13:55:19;Novo (0);Regular (1);39;AGORA CTVM S/A;39;AGORA CTVM S/A
LREN3;24.700;0,05%;109.023.963;Balcão;23/07/2026;13:55:19;Novo (0);Regular (1);39;AGORA CTVM S/A;39;AGORA CTVM S/A
SLCE3;10.672;0,12%;109.023.961;Balcão;23/07/2026;13:55:19;Novo (0);Regular (1);39;AGORA CTVM S/A;39;AGORA CTVM S/A
SLCE3;18.150;0,12%;109.023.936;Balcão;23/07/2026;13:55:18;Novo (0);Regular (1);39;AGORA CTVM S/A;39;AGORA CTVM S/A
LREN3;37.200;0,05%;109.023.926;Balcão;23/07/2026;13:55:18;Novo (0);Regular (1);39;AGORA CTVM S/A;39;AGORA CTVM S/A
SBFG3;188;0,01%;109.023.791;Balcão;23/07/2026;13:55:17;Novo (0);Regular (1);39;AGORA CTVM S/A;39;AGORA CTVM S/A
SLCE3;2.367;0,12%;109.023.757;Balcão;23/07/2026;13:55:17;Novo (0);Regular (1);39;AGORA CTVM S/A;39;AGORA CTVM S/A
ALOS3;1.422;0,06%;109.023.754;Balcão;23/07/2026;13:55:17;Novo (0);Regular (1);39;AGORA CTVM S/A;39;AGORA CTVM S/A
ALOS3;376;0,06%;109.023.734;Balcão;23/07/2026;13:55:16;Novo (0);Regular (1);39;AGORA CTVM S/A;39;AGORA CTVM S/A
ALOS3;3.900;0,06%;109.023.730;Balcão;23/07/2026;13:55:16;Novo (0);Regular (1);39;AGORA CTVM S/A;39;AGORA CTVM S/A
ALOS3;4.500;0,06%;109.023.722;Balcão;23/07/2026;13:55:16;Novo (0);Regular (1);39;AGORA CTVM S/A;39;AGORA CTVM S/A
ALOS3;23.500;0,06%;109.023.718;Balcão;23/07/2026;13:55:16;Novo (0);Regular (1);39;AGORA CTVM S/A;39;AGORA CTVM S/A
GGPS3;8.509;0,12%;109.030.376;Balcão;23/07/2026;13:50:35;Novo (0);Regular (1);1099;INTER DISTRIBUIDORA DE TITULOS E VALORES MOBILIARIOS LTDA;114;ITAU CV S/A
CMIN3;5.000;42,73%;109.024.107;Balcão;23/07/2026;13:50:32;Novo (0);Regular (1);1099;INTER DISTRIBUIDORA DE TITULOS E VALORES MOBILIARIOS LTDA;114;ITAU CV S/A
RENT3;230;0,30%;109.030.357;Eletrônico D+1;23/07/2026;13:47:49;Novo (0);Regular (1);114;ITAU CV S/A;39;AGORA CTVM S/A
RENT3;1;0,30%;109.030.360;Eletrônico D+1;23/07/2026;13:47:49;Novo (0);Regular (1);114;ITAU CV S/A;39;AGORA CTVM S/A
RENT3;340;0,30%;109.030.354;Eletrônico D+1;23/07/2026;13:47:49;Novo (0);Regular (1);114;ITAU CV S/A;39;AGORA CTVM S/A
RENT3;3.570;0,30%;109.030.367;Eletrônico D+1;23/07/2026;13:47:49;Novo (0);Regular (1);114;ITAU CV S/A;39;AGORA CTVM S/A
RENT3;7.261;0,30%;109.030.355;Eletrônico D+1;23/07/2026;13:47:49;Novo (0);Regular (1);114;ITAU CV S/A;39;AGORA CTVM S/A
RENT3;7;0,30%;109.030.370;Eletrônico D+1;23/07/2026;13:47:49;Novo (0);Regular (1);114;ITAU CV S/A;39;AGORA CTVM S/A
RENT3;300;0,30%;109.030.369;Eletrônico D+1;23/07/2026;13:47:49;Novo (0);Regular (1);114;ITAU CV S/A;39;AGORA CTVM S/A
TUPY3;1.335;0,11%;109.030.365;Eletrônico D+1;23/07/2026;13:47:49;Novo (0);Regular (1);114;ITAU CV S/A;39;AGORA CTVM S/A
RENT3;20;0,30%;109.030.359;Eletrônico D+1;23/07/2026;13:47:49;Novo (0);Regular (1);114;ITAU CV S/A;39;AGORA CTVM S/A
RENT3;218;0,30%;109.030.363;Eletrônico D+1;23/07/2026;13:47:49;Novo (0);Regular (1);114;ITAU CV S/A;39;AGORA CTVM S/A
RENT3;4.270;0,30%;109.030.361;Eletrônico D+1;23/07/2026;13:47:49;Novo (0);Regular (1);114;ITAU CV S/A;39;AGORA CTVM S/A
RENT3;200;0,30%;109.030.368;Eletrônico D+1;23/07/2026;13:47:48;Novo (0);Regular (1);114;ITAU CV S/A;39;AGORA CTVM S/A
RENT3;18;0,30%;109.030.366;Eletrônico D+1;23/07/2026;13:47:48;Novo (0);Regular (1);114;ITAU CV S/A;39;AGORA CTVM S/A
SMFT3;501;0,07%;109.030.362;Eletrônico D+1;23/07/2026;13:47:48;Novo (0);Regular (1);114;ITAU CV S/A;39;AGORA CTVM S/A
RENT3;208;0,30%;109.030.364;Eletrônico D+1;23/07/2026;13:47:48;Novo (0);Regular (1);114;ITAU CV S/A;39;AGORA CTVM S/A
RENT3;6;0,30%;109.030.351;Eletrônico D+1;23/07/2026;13:47:48;Novo (0);Regular (1);114;ITAU CV S/A;39;AGORA CTVM S/A
MDIA3;50;0,05%;109.030.349;Eletrônico D+1;23/07/2026;13:47:48;Novo (0);Regular (1);114;ITAU CV S/A;39;AGORA CTVM S/A
RENT3;301;0,30%;109.030.358;Eletrônico D+1;23/07/2026;13:47:48;Novo (0);Regular (1);114;ITAU CV S/A;39;AGORA CTVM S/A
RENT3;302;0,30%;109.030.356;Eletrônico D+1;23/07/2026;13:47:48;Novo (0);Regular (1);114;ITAU CV S/A;39;AGORA CTVM S/A
MDIA3;50;0,05%;109.030.352;Eletrônico D+1;23/07/2026;13:47:48;Novo (0);Regular (1);114;ITAU CV S/A;39;AGORA CTVM S/A
RENT3;25;0,30%;109.030.348;Eletrônico D+1;23/07/2026;13:47:48;Novo (0);Regular (1);114;ITAU CV S/A;39;AGORA CTVM S/A
RENT3;39;0,30%;109.030.346;Eletrônico D+1;23/07/2026;13:47:48;Novo (0);Regular (1);114;ITAU CV S/A;39;AGORA CTVM S/A
RENT3;2;0,30%;109.030.350;Eletrônico D+1;23/07/2026;13:47:48;Novo (0);Regular (1);114;ITAU CV S/A;39;AGORA CTVM S/A
RENT3;395;0,30%;109.030.353;Eletrônico D+1;23/07/2026;13:47:48;Novo (0);Regular (1);114;ITAU CV S/A;39;AGORA CTVM S/A
RENT3;400;0,30%;109.030.335;Eletrônico D+1;23/07/2026;13:47:48;Novo (0);Regular (1);114;ITAU CV S/A;39;AGORA CTVM S/A
MDIA3;60;0,05%;109.030.345;Eletrônico D+1;23/07/2026;13:47:47;Novo (0);Regular (1);114;ITAU CV S/A;39;AGORA CTVM S/A
MDIA3;500;0,05%;109.030.330;Eletrônico D+1;23/07/2026;13:47:47;Novo (0);Regular (1);114;ITAU CV S/A;39;AGORA CTVM S/A
RENT3;10;0,30%;109.030.344;Eletrônico D+1;23/07/2026;13:47:47;Novo (0);Regular (1);114;ITAU CV S/A;39;AGORA CTVM S/A
RENT3;4;0,30%;109.030.347;Eletrônico D+1;23/07/2026;13:47:47;Novo (0);Regular (1);114;ITAU CV S/A;39;AGORA CTVM S/A
RENT3;10;0,30%;109.030.343;Eletrônico D+1;23/07/2026;13:47:47;Novo (0);Regular (1);114;ITAU CV S/A;39;AGORA CTVM S/A
SMFT3;250;0,07%;109.030.342;Eletrônico D+1;23/07/2026;13:47:47;Novo (0);Regular (1);114;ITAU CV S/A;39;AGORA CTVM S/A
TUPY3;1.465;0,11%;109.030.340;Eletrônico D+1;23/07/2026;13:47:47;Novo (0);Regular (1);114;ITAU CV S/A;39;AGORA CTVM S/A
SMFT3;214;0,07%;109.030.341;Eletrônico D+1;23/07/2026;13:47:47;Novo (0);Regular (1);114;ITAU CV S/A;39;AGORA CTVM S/A
RENT3;123;0,30%;109.030.339;Eletrônico D+1;23/07/2026;13:47:47;Novo (0);Regular (1);114;ITAU CV S/A;39;AGORA CTVM S/A
RENT3;400;0,30%;109.030.337;Eletrônico D+1;23/07/2026;13:47:47;Novo (0);Regular (1);114;ITAU CV S/A;39;AGORA CTVM S/A
MDIA3;34;0,05%;109.030.336;Eletrônico D+1;23/07/2026;13:47:47;Novo (0);Regular (1);114;ITAU CV S/A;39;AGORA CTVM S/A
JBSS32;1;0,16%;109.030.338;Eletrônico D+1;23/07/2026;13:47:47;Novo (0);Regular (1);114;ITAU CV S/A;39;AGORA CTVM S/A
RENT3;11;0,30%;109.030.333;Eletrônico D+1;23/07/2026;13:47:47;Novo (0);Regular (1);114;ITAU CV S/A;39;AGORA CTVM S/A
RENT3;200;0,30%;109.030.331;Eletrônico D+1;23/07/2026;13:47:47;Novo (0);Regular (1);114;ITAU CV S/A;39;AGORA CTVM S/A
RENT3;125;0,30%;109.030.334;Eletrônico D+1;23/07/2026;13:47:47;Novo (0);Regular (1);114;ITAU CV S/A;39;AGORA CTVM S/A
RENT3;361;0,30%;109.030.332;Eletrônico D+1;23/07/2026;13:47:47;Novo (0);Regular (1);114;ITAU CV S/A;39;AGORA CTVM S/A
BPAC11;26;0,01%;109.030.305;Eletrônico D+1;23/07/2026;13:47:46;Novo (0);Regular (1);114;ITAU CV S/A;39;AGORA CTVM S/A
RENT3;11;0,30%;109.030.328;Eletrônico D+1;23/07/2026;13:47:46;Novo (0);Regular (1);114;ITAU CV S/A;39;AGORA CTVM S/A
RENT3;175;0,30%;109.030.329;Eletrônico D+1;23/07/2026;13:47:46;Novo (0);Regular (1);114;ITAU CV S/A;39;AGORA CTVM S/A
MDIA3;40;0,05%;109.030.327;Eletrônico D+1;23/07/2026;13:47:46;Novo (0);Regular (1);114;ITAU CV S/A;39;AGORA CTVM S/A
RENT3;200;0,30%;109.030.326;Eletrônico D+1;23/07/2026;13:47:46;Novo (0);Regular (1);114;ITAU CV S/A;39;AGORA CTVM S/A
SMFT3;600;0,07%;109.030.324;Eletrônico D+1;23/07/2026;13:47:46;Novo (0);Regular (1);114;ITAU CV S/A;39;AGORA CTVM S/A
RENT3;300;0,30%;109.030.323;Eletrônico D+1;23/07/2026;13:47:46;Novo (0);Regular (1);114;ITAU CV S/A;39;AGORA CTVM S/A
RENT3;43;0,30%;109.030.325;Eletrônico D+1;23/07/2026;13:47:46;Novo (0);Regular (1);114;ITAU CV S/A;39;AGORA CTVM S/A
MDIA3;104;0,05%;109.030.322;Eletrônico D+1;23/07/2026;13:47:46;Novo (0);Regular (1);114;ITAU CV S/A;39;AGORA CTVM S/A
RENT3;200;0,30%;109.030.320;Eletrônico D+1;23/07/2026;13:47:46;Novo (0);Regular (1);114;ITAU CV S/A;39;AGORA CTVM S/A
JBSS32;50;0,16%;109.030.318;Eletrônico D+1;23/07/2026;13:47:46;Novo (0);Regular (1);114;ITAU CV S/A;39;AGORA CTVM S/A
RENT3;10;0,30%;109.030.316;Eletrônico D+1;23/07/2026;13:47:46;Novo (0);Regular (1);114;ITAU CV S/A;39;AGORA CTVM S/A
RENT3;300;0,30%;109.030.317;Eletrônico D+1;23/07/2026;13:47:46;Novo (0);Regular (1);114;ITAU CV S/A;39;AGORA CTVM S/A
RENT3;10;0,30%;109.030.321;Eletrônico D+1;23/07/2026;13:47:46;Novo (0);Regular (1);114;ITAU CV S/A;39;AGORA CTVM S/A
MDIA3;600;0,05%;109.030.319;Eletrônico D+1;23/07/2026;13:47:46;Novo (0);Regular (1);114;ITAU CV S/A;39;AGORA CTVM S/A
MDIA3;180;0,05%;109.030.314;Eletrônico D+1;23/07/2026;13:47:46;Novo (0);Regular (1);114;ITAU CV S/A;39;AGORA CTVM S/A
MDIA3;391;0,05%;109.030.312;Eletrônico D+1;23/07/2026;13:47:46;Novo (0);Regular (1);114;ITAU CV S/A;39;AGORA CTVM S/A
MDIA3;509;0,05%;109.030.315;Eletrônico D+1;23/07/2026;13:47:46;Novo (0);Regular (1);114;ITAU CV S/A;39;AGORA CTVM S/A
RENT3;1;0,30%;109.030.311;Eletrônico D+1;23/07/2026;13:47:46;Novo (0);Regular (1);114;ITAU CV S/A;39;AGORA CTVM S/A
RENT3;48;0,30%;109.030.309;Eletrônico D+1;23/07/2026;13:47:45;Novo (0);Regular (1);114;ITAU CV S/A;39;AGORA CTVM S/A
RENT3;213;0,30%;109.030.310;Eletrônico D+1;23/07/2026;13:47:45;Novo (0);Regular (1);114;ITAU CV S/A;39;AGORA CTVM S/A
RENT3;300;0,30%;109.030.313;Eletrônico D+1;23/07/2026;13:47:45;Novo (0);Regular (1);114;ITAU CV S/A;39;AGORA CTVM S/A
RENT3;1;0,30%;109.030.308;Eletrônico D+1;23/07/2026;13:47:45;Novo (0);Regular (1);114;ITAU CV S/A;39;AGORA CTVM S/A
RENT3;4;0,30%;109.030.306;Eletrônico D+1;23/07/2026;13:47:45;Novo (0);Regular (1);114;ITAU CV S/A;39;AGORA CTVM S/A
JBSS32;50;0,16%;109.030.307;Eletrônico D+1;23/07/2026;13:47:45;Novo (0);Regular (1);114;ITAU CV S/A;39;AGORA CTVM S/A
MDIA3;70;0,05%;109.030.303;Eletrônico D+1;23/07/2026;13:47:45;Novo (0);Regular (1);114;ITAU CV S/A;39;AGORA CTVM S/A
RENT3;1;0,30%;109.030.302;Eletrônico D+1;23/07/2026;13:47:45;Novo (0);Regular (1);114;ITAU CV S/A;39;AGORA CTVM S/A
RENT3;355;0,30%;109.030.304;Eletrônico D+1;23/07/2026;13:47:45;Novo (0);Regular (1);114;ITAU CV S/A;39;AGORA CTVM S/A
RENT3;21;0,30%;109.030.299;Eletrônico D+1;23/07/2026;13:47:45;Novo (0);Regular (1);114;ITAU CV S/A;39;AGORA CTVM S/A
JBSS32;4;0,16%;109.030.301;Eletrônico D+1;23/07/2026;13:47:45;Novo (0);Regular (1);114;ITAU CV S/A;39;AGORA CTVM S/A
RENT3;527;0,30%;109.030.297;Eletrônico D+1;23/07/2026;13:47:45;Novo (0);Regular (1);114;ITAU CV S/A;39;AGORA CTVM S/A
RENT3;275;0,30%;109.030.300;Eletrônico D+1;23/07/2026;13:47:45;Novo (0);Regular (1);114;ITAU CV S/A;39;AGORA CTVM S/A
RENT3;550;0,30%;109.030.296;Eletrônico D+1;23/07/2026;13:47:45;Novo (0);Regular (1);114;ITAU CV S/A;39;AGORA CTVM S/A
RENT3;30;0,30%;109.030.295;Eletrônico D+1;23/07/2026;13:47:45;Novo (0);Regular (1);114;ITAU CV S/A;39;AGORA CTVM S/A
MDIA3;100;0,05%;109.030.293;Eletrônico D+1;23/07/2026;13:47:45;Novo (0);Regular (1);114;ITAU CV S/A;39;AGORA CTVM S/A
JBSS32;25;0,16%;109.030.298;Eletrônico D+1;23/07/2026;13:47:45;Novo (0);Regular (1);114;ITAU CV S/A;39;AGORA CTVM S/A
JBSS32;50;0,16%;109.030.291;Eletrônico D+1;23/07/2026;13:47:44;Novo (0);Regular (1);114;ITAU CV S/A;39;AGORA CTVM S/A
RENT3;600;0,30%;109.030.292;Eletrônico D+1;23/07/2026;13:47:44;Novo (0);Regular (1);114;ITAU CV S/A;39;AGORA CTVM S/A
RENT3;27;0,30%;109.030.290;Eletrônico D+1;23/07/2026;13:47:44;Novo (0);Regular (1);114;ITAU CV S/A;39;AGORA CTVM S/A
JBSS32;33;0,16%;109.030.294;Eletrônico D+1;23/07/2026;13:47:44;Novo (0);Regular (1);114;ITAU CV S/A;39;AGORA CTVM S/A
USIM5;9.000;0,04%;109.030.372;Eletrônico D+1;23/07/2026;13:47:44;Novo (0);Regular (1);114;ITAU CV S/A;39;AGORA CTVM S/A
RENT3;1;0,30%;109.030.371;Eletrônico D+1;23/07/2026;13:47:44;Novo (0);Regular (1);114;ITAU CV S/A;39;AGORA CTVM S/A
MDIA3;15;0,05%;109.030.289;Eletrônico D+1;23/07/2026;13:47:44;Novo (0);Regular (1);114;ITAU CV S/A;39;AGORA CTVM S/A
RENT3;400;0,30%;109.030.288;Eletrônico D+1;23/07/2026;13:47:44;Novo (0);Regular (1);114;ITAU CV S/A;39;AGORA CTVM S/A
RENT3;197;0,30%;109.030.287;Eletrônico D+1;23/07/2026;13:47:44;Novo (0);Regular (1);114;ITAU CV S/A;39;AGORA CTVM S/A
RENT3;223;0,30%;109.030.284;Eletrônico D+1;23/07/2026;13:47:44;Novo (0);Regular (1);114;ITAU CV S/A;39;AGORA CTVM S/A
RENT3;5;0,30%;109.030.285;Eletrônico D+1;23/07/2026;13:47:44;Novo (0);Regular (1);114;ITAU CV S/A;39;AGORA CTVM S/A
RENT3;2;0,30%;109.030.286;Eletrônico D+1;23/07/2026;13:47:44;Novo (0);Regular (1);114;ITAU CV S/A;39;AGORA CTVM S/A
RENT3;175;0,30%;109.030.283;Eletrônico D+1;23/07/2026;13:47:44;Novo (0);Regular (1);114;ITAU CV S/A;39;AGORA CTVM S/A
JBSS32;80;0,16%;109.030.282;Eletrônico D+1;23/07/2026;13:47:44;Novo (0);Regular (1);114;ITAU CV S/A;39;AGORA CTVM S/A
RENT3;346;0,30%;109.030.280;Eletrônico D+1;23/07/2026;13:47:44;Novo (0);Regular (1);114;ITAU CV S/A;39;AGORA CTVM S/A
MDIA3;50;0,05%;109.030.279;Eletrônico D+1;23/07/2026;13:47:44;Novo (0);Regular (1);114;ITAU CV S/A;39;AGORA CTVM S/A
RENT3;480;0,30%;109.030.281;Eletrônico D+1;23/07/2026;13:47:44;Novo (0);Regular (1);114;ITAU CV S/A;39;AGORA CTVM S/A
JBSS32;50;0,16%;109.030.275;Eletrônico D+1;23/07/2026;13:47:44;Novo (0);Regular (1);114;ITAU CV S/A;39;AGORA CTVM S/A
FLRY3;100;0,04%;109.030.278;Eletrônico D+1;23/07/2026;13:47:44;Novo (0);Regular (1);114;ITAU CV S/A;39;AGORA CTVM S/A
MDIA3;74;0,05%;109.030.274;Eletrônico D+1;23/07/2026;13:47:44;Novo (0);Regular (1);114;ITAU CV S/A;39;AGORA CTVM S/A
RENT3;200;0,30%;109.030.276;Eletrônico D+1;23/07/2026;13:47:44;Novo (0);Regular (1);114;ITAU CV S/A;39;AGORA CTVM S/A
RENT3;400;0,30%;109.030.277;Eletrônico D+1;23/07/2026;13:47:44;Novo (0);Regular (1);114;ITAU CV S/A;39;AGORA CTVM S/A
RENT3;700;0,30%;109.030.271;Eletrônico D+1;23/07/2026;13:47:44;Novo (0);Regular (1);114;ITAU CV S/A;39;AGORA CTVM S/A
RENT3;21;0,30%;109.030.273;Eletrônico D+1;23/07/2026;13:47:44;Novo (0);Regular (1);114;ITAU CV S/A;39;AGORA CTVM S/A
RENT3;4;0,30%;109.030.255;Eletrônico D+1;23/07/2026;13:47:44;Novo (0);Regular (1);114;ITAU CV S/A;39;AGORA CTVM S/A
FLRY3;97;0,04%;109.030.272;Eletrônico D+1;23/07/2026;13:47:44;Novo (0);Regular (1);114;ITAU CV S/A;39;AGORA CTVM S/A
RENT3;184;0,30%;109.030.268;Eletrônico D+1;23/07/2026;13:47:44;Novo (0);Regular (1);114;ITAU CV S/A;39;AGORA CTVM S/A
JBSS32;35;0,16%;109.030.270;Eletrônico D+1;23/07/2026;13:47:43;Novo (0);Regular (1);114;ITAU CV S/A;39;AGORA CTVM S/A
RENT3;346;0,30%;109.030.265;Eletrônico D+1;23/07/2026;13:47:43;Novo (0);Regular (1);114;ITAU CV S/A;39;AGORA CTVM S/A
RENT3;20;0,30%;109.030.267;Eletrônico D+1;23/07/2026;13:47:43;Novo (0);Regular (1);114;ITAU CV S/A;39;AGORA CTVM S/A
SMFT3;20;0,07%;109.030.266;Eletrônico D+1;23/07/2026;13:47:43;Novo (0);Regular (1);114;ITAU CV S/A;39;AGORA CTVM S/A
JBSS32;83;0,16%;109.030.263;Eletrônico D+1;23/07/2026;13:47:43;Novo (0);Regular (1);114;ITAU CV S/A;39;AGORA CTVM S/A
RENT3;116;0,30%;109.030.269;Eletrônico D+1;23/07/2026;13:47:43;Novo (0);Regular (1);114;ITAU CV S/A;39;AGORA CTVM S/A
RENT3;333;0,30%;109.030.264;Eletrônico D+1;23/07/2026;13:47:43;Novo (0);Regular (1);114;ITAU CV S/A;39;AGORA CTVM S/A
MDIA3;14;0,05%;109.030.259;Eletrônico D+1;23/07/2026;13:47:43;Novo (0);Regular (1);114;ITAU CV S/A;39;AGORA CTVM S/A
MDIA3;30;0,05%;109.030.261;Eletrônico D+1;23/07/2026;13:47:43;Novo (0);Regular (1);114;ITAU CV S/A;39;AGORA CTVM S/A
RENT3;500;0,30%;109.030.254;Eletrônico D+1;23/07/2026;13:47:43;Novo (0);Regular (1);114;ITAU CV S/A;39;AGORA CTVM S/A
SMFT3;314;0,07%;109.030.262;Eletrônico D+1;23/07/2026;13:47:43;Novo (0);Regular (1);114;ITAU CV S/A;39;AGORA CTVM S/A
MDIA3;100;0,05%;109.030.258;Eletrônico D+1;23/07/2026;13:47:43;Novo (0);Regular (1);114;ITAU CV S/A;39;AGORA CTVM S/A
RENT3;90;0,30%;109.030.256;Eletrônico D+1;23/07/2026;13:47:43;Novo (0);Regular (1);114;ITAU CV S/A;39;AGORA CTVM S/A
RENT3;500;0,30%;109.030.257;Eletrônico D+1;23/07/2026;13:47:43;Novo (0);Regular (1);114;ITAU CV S/A;39;AGORA CTVM S/A
MDIA3;10;0,05%;109.030.260;Eletrônico D+1;23/07/2026;13:47:43;Novo (0);Regular (1);114;ITAU CV S/A;39;AGORA CTVM S/A
FLRY3;150;0,04%;109.030.250;Eletrônico D+1;23/07/2026;13:47:43;Novo (0);Regular (1);114;ITAU CV S/A;39;AGORA CTVM S/A
JBSS32;64;0,16%;109.030.253;Eletrônico D+1;23/07/2026;13:47:42;Novo (0);Regular (1);114;ITAU CV S/A;39;AGORA CTVM S/A
RENT3;2;0,30%;109.030.240;Eletrônico D+1;23/07/2026;13:47:42;Novo (0);Regular (1);114;ITAU CV S/A;39;AGORA CTVM S/A
MDIA3;100;0,05%;109.030.248;Eletrônico D+1;23/07/2026;13:47:42;Novo (0);Regular (1);114;ITAU CV S/A;39;AGORA CTVM S/A
MDIA3;20;0,05%;109.030.252;Eletrônico D+1;23/07/2026;13:47:42;Novo (0);Regular (1);114;ITAU CV S/A;39;AGORA CTVM S/A
RENT3;2;0,30%;109.030.251;Eletrônico D+1;23/07/2026;13:47:42;Novo (0);Regular (1);114;ITAU CV S/A;39;AGORA CTVM S/A
RENT3;762;0,30%;109.030.249;Eletrônico D+1;23/07/2026;13:47:42;Novo (0);Regular (1);114;ITAU CV S/A;39;AGORA CTVM S/A
MDIA3;10;0,05%;109.030.247;Eletrônico D+1;23/07/2026;13:47:42;Novo (0);Regular (1);114;ITAU CV S/A;39;AGORA CTVM S/A
MDIA3;100;0,05%;109.030.242;Eletrônico D+1;23/07/2026;13:47:42;Novo (0);Regular (1);114;ITAU CV S/A;39;AGORA CTVM S/A
MDIA3;28;0,05%;109.030.238;Eletrônico D+1;23/07/2026;13:47:42;Novo (0);Regular (1);114;ITAU CV S/A;39;AGORA CTVM S/A
JBSS32;200;0,16%;109.030.246;Eletrônico D+1;23/07/2026;13:47:42;Novo (0);Regular (1);114;ITAU CV S/A;39;AGORA CTVM S/A
FLRY3;116;0,04%;109.030.244;Eletrônico D+1;23/07/2026;13:47:42;Novo (0);Regular (1);114;ITAU CV S/A;39;AGORA CTVM S/A
RENT3;20;0,30%;109.030.245;Eletrônico D+1;23/07/2026;13:47:42;Novo (0);Regular (1);114;ITAU CV S/A;39;AGORA CTVM S/A
JBSS32;4;0,16%;109.030.241;Eletrônico D+1;23/07/2026;13:47:42;Novo (0);Regular (1);114;ITAU CV S/A;39;AGORA CTVM S/A
FLRY3;300;0,04%;109.030.243;Eletrônico D+1;23/07/2026;13:47:42;Novo (0);Regular (1);114;ITAU CV S/A;39;AGORA CTVM S/A
RENT3;6.596;0,30%;109.030.237;Eletrônico D+1;23/07/2026;13:47:42;Novo (0);Regular (1);114;ITAU CV S/A;39;AGORA CTVM S/A
JBSS32;49;0,16%;109.030.239;Eletrônico D+1;23/07/2026;13:47:42;Novo (0);Regular (1);114;ITAU CV S/A;39;AGORA CTVM S/A
JBSS32;50;0,16%;109.030.236;Eletrônico D+1;23/07/2026;13:47:42;Novo (0);Regular (1);114;ITAU CV S/A;39;AGORA CTVM S/A
JBSS32;1;0,16%;109.030.235;Eletrônico D+1;23/07/2026;13:47:42;Novo (0);Regular (1);114;ITAU CV S/A;39;AGORA CTVM S/A
RENT3;27;0,30%;109.030.233;Eletrônico D+1;23/07/2026;13:47:42;Novo (0);Regular (1);114;ITAU CV S/A;39;AGORA CTVM S/A
JBSS32;200;0,16%;109.030.234;Eletrônico D+1;23/07/2026;13:47:42;Novo (0);Regular (1);114;ITAU CV S/A;39;AGORA CTVM S/A
JBSS32;15;0,16%;109.030.231;Eletrônico D+1;23/07/2026;13:47:41;Novo (0);Regular (1);114;ITAU CV S/A;39;AGORA CTVM S/A
MDIA3;100;0,05%;109.030.229;Eletrônico D+1;23/07/2026;13:47:41;Novo (0);Regular (1);114;ITAU CV S/A;39;AGORA CTVM S/A
MDIA3;700;0,05%;109.030.232;Eletrônico D+1;23/07/2026;13:47:41;Novo (0);Regular (1);114;ITAU CV S/A;39;AGORA CTVM S/A
RENT3;4.434;0,30%;109.030.227;Eletrônico D+1;23/07/2026;13:47:41;Novo (0);Regular (1);114;ITAU CV S/A;39;AGORA CTVM S/A
RENT3;124;0,30%;109.030.230;Eletrônico D+1;23/07/2026;13:47:41;Novo (0);Regular (1);114;ITAU CV S/A;39;AGORA CTVM S/A
RENT3;6.100;0,30%;109.030.228;Eletrônico D+1;23/07/2026;13:47:41;Novo (0);Regular (1);114;ITAU CV S/A;39;AGORA CTVM S/A
MDIA3;286;0,05%;109.030.225;Eletrônico D+1;23/07/2026;13:47:41;Novo (0);Regular (1);114;ITAU CV S/A;39;AGORA CTVM S/A
FLRY3;525;0,04%;109.030.222;Eletrônico D+1;23/07/2026;13:47:41;Novo (0);Regular (1);114;ITAU CV S/A;39;AGORA CTVM S/A
JBSS32;50;0,16%;109.030.226;Eletrônico D+1;23/07/2026;13:47:41;Novo (0);Regular (1);114;ITAU CV S/A;39;AGORA CTVM S/A
RENT3;401;0,30%;109.030.223;Eletrônico D+1;23/07/2026;13:47:41;Novo (0);Regular (1);114;ITAU CV S/A;39;AGORA CTVM S/A
MDIA3;1;0,05%;109.030.224;Eletrônico D+1;23/07/2026;13:47:41;Novo (0);Regular (1);114;ITAU CV S/A;39;AGORA CTVM S/A
FLRY3;400;0,04%;109.030.220;Eletrônico D+1;23/07/2026;13:47:41;Novo (0);Regular (1);114;ITAU CV S/A;39;AGORA CTVM S/A
RENT3;300;0,30%;109.030.221;Eletrônico D+1;23/07/2026;13:47:41;Novo (0);Regular (1);114;ITAU CV S/A;39;AGORA CTVM S/A
RENT3;800;0,30%;109.030.214;Eletrônico D+1;23/07/2026;13:47:41;Novo (0);Regular (1);114;ITAU CV S/A;39;AGORA CTVM S/A
RENT3;52;0,30%;109.030.216;Eletrônico D+1;23/07/2026;13:47:41;Novo (0);Regular (1);114;ITAU CV S/A;39;AGORA CTVM S/A
BPAC11;278;0,01%;109.030.138;Eletrônico D+1;23/07/2026;13:47:41;Novo (0);Regular (1);114;ITAU CV S/A;39;AGORA CTVM S/A
MDIA3;413;0,05%;109.030.218;Eletrônico D+1;23/07/2026;13:47:41;Novo (0);Regular (1);114;ITAU CV S/A;39;AGORA CTVM S/A
MDIA3;100;0,05%;109.030.217;Eletrônico D+1;23/07/2026;13:47:41;Novo (0);Regular (1);114;ITAU CV S/A;39;AGORA CTVM S/A
MDIA3;160;0,05%;109.030.215;Eletrônico D+1;23/07/2026;13:47:41;Novo (0);Regular (1);114;ITAU CV S/A;39;AGORA CTVM S/A
RENT3;790;0,30%;109.030.219;Eletrônico D+1;23/07/2026;13:47:40;Novo (0);Regular (1);114;ITAU CV S/A;39;AGORA CTVM S/A
MDIA3;278;0,05%;109.030.211;Eletrônico D+1;23/07/2026;13:47:40;Novo (0);Regular (1);114;ITAU CV S/A;39;AGORA CTVM S/A
FLRY3;550;0,04%;109.030.213;Eletrônico D+1;23/07/2026;13:47:40;Novo (0);Regular (1);114;ITAU CV S/A;39;AGORA CTVM S/A
RENT3;465;0,30%;109.030.212;Eletrônico D+1;23/07/2026;13:47:40;Novo (0);Regular (1);114;ITAU CV S/A;39;AGORA CTVM S/A
RENT3;546;0,30%;109.030.210;Eletrônico D+1;23/07/2026;13:47:40;Novo (0);Regular (1);114;ITAU CV S/A;39;AGORA CTVM S/A
MDIA3;307;0,05%;109.030.208;Eletrônico D+1;23/07/2026;13:47:40;Novo (0);Regular (1);114;ITAU CV S/A;39;AGORA CTVM S/A
RENT3;46;0,30%;109.030.209;Eletrônico D+1;23/07/2026;13:47:40;Novo (0);Regular (1);114;ITAU CV S/A;39;AGORA CTVM S/A
JBSS32;93;0,16%;109.030.207;Eletrônico D+1;23/07/2026;13:47:40;Novo (0);Regular (1);114;ITAU CV S/A;39;AGORA CTVM S/A
RENT3;530;0,30%;109.030.206;Eletrônico D+1;23/07/2026;13:47:40;Novo (0);Regular (1);114;ITAU CV S/A;39;AGORA CTVM S/A
BPAC11;1.000;0,01%;109.030.102;Eletrônico D+1;23/07/2026;13:47:40;Novo (0);Regular (1);114;ITAU CV S/A;39;AGORA CTVM S/A
FLRY3;509;0,04%;109.030.205;Eletrônico D+1;23/07/2026;13:47:40;Novo (0);Regular (1);114;ITAU CV S/A;39;AGORA CTVM S/A
JBSS32;32;0,16%;109.030.202;Eletrônico D+1;23/07/2026;13:47:40;Novo (0);Regular (1);114;ITAU CV S/A;39;AGORA CTVM S/A
JBSS32;300;0,16%;109.030.204;Eletrônico D+1;23/07/2026;13:47:40;Novo (0);Regular (1);114;ITAU CV S/A;39;AGORA CTVM S/A
RENT3;1.070;0,30%;109.030.186;Eletrônico D+1;23/07/2026;13:47:40;Novo (0);Regular (1);114;ITAU CV S/A;39;AGORA CTVM S/A
JBSS32;5;0,16%;109.030.201;Eletrônico D+1;23/07/2026;13:47:40;Novo (0);Regular (1);114;ITAU CV S/A;39;AGORA CTVM S/A
FLRY3;730;0,04%;109.030.189;Eletrônico D+1;23/07/2026;13:47:40;Novo (0);Regular (1);114;ITAU CV S/A;39;AGORA CTVM S/A
JBSS32;8;0,16%;109.030.198;Eletrônico D+1;23/07/2026;13:47:40;Novo (0);Regular (1);114;ITAU CV S/A;39;AGORA CTVM S/A
JBSS32;50;0,16%;109.030.188;Eletrônico D+1;23/07/2026;13:47:40;Novo (0);Regular (1);114;ITAU CV S/A;39;AGORA CTVM S/A
FLRY3;1.792;0,04%;109.030.183;Eletrônico D+1;23/07/2026;13:47:40;Novo (0);Regular (1);114;ITAU CV S/A;39;AGORA CTVM S/A
JBSS32;30;0,16%;109.030.200;Eletrônico D+1;23/07/2026;13:47:39;Novo (0);Regular (1);114;ITAU CV S/A;39;AGORA CTVM S/A
RENT3;259;0,30%;109.030.191;Eletrônico D+1;23/07/2026;13:47:39;Novo (0);Regular (1);114;ITAU CV S/A;39;AGORA CTVM S/A
MDIA3;61;0,05%;109.030.197;Eletrônico D+1;23/07/2026;13:47:39;Novo (0);Regular (1);114;ITAU CV S/A;39;AGORA CTVM S/A
MDIA3;2.066;0,05%;109.030.203;Eletrônico D+1;23/07/2026;13:47:39;Novo (0);Regular (1);114;ITAU CV S/A;39;AGORA CTVM S/A
RENT3;44;0,30%;109.030.196;Eletrônico D+1;23/07/2026;13:47:39;Novo (0);Regular (1);114;ITAU CV S/A;39;AGORA CTVM S/A
JHSF3;12.097;2,44%;109.030.154;Eletrônico D+1;23/07/2026;13:47:39;Novo (0);Regular (1);114;ITAU CV S/A;39;AGORA CTVM S/A
MDIA3;402;0,05%;109.030.190;Eletrônico D+1;23/07/2026;13:47:39;Novo (0);Regular (1);114;ITAU CV S/A;39;AGORA CTVM S/A
MDIA3;600;0,05%;109.030.195;Eletrônico D+1;23/07/2026;13:47:39;Novo (0);Regular (1);114;ITAU CV S/A;39;AGORA CTVM S/A
MDIA3;454;0,05%;109.030.193;Eletrônico D+1;23/07/2026;13:47:39;Novo (0);Regular (1);114;ITAU CV S/A;39;AGORA CTVM S/A
RENT3;101;0,30%;109.030.199;Eletrônico D+1;23/07/2026;13:47:39;Novo (0);Regular (1);114;ITAU CV S/A;39;AGORA CTVM S/A
RENT3;48;0,30%;109.030.187;Eletrônico D+1;23/07/2026;13:47:39;Novo (0);Regular (1);114;ITAU CV S/A;39;AGORA CTVM S/A
JBSS32;50;0,16%;109.030.162;Eletrônico D+1;23/07/2026;13:47:39;Novo (0);Regular (1);114;ITAU CV S/A;39;AGORA CTVM S/A
RENT3;26;0,30%;109.030.192;Eletrônico D+1;23/07/2026;13:47:39;Novo (0);Regular (1);114;ITAU CV S/A;39;AGORA CTVM S/A
JBSS32;1;0,16%;109.030.194;Eletrônico D+1;23/07/2026;13:47:39;Novo (0);Regular (1);114;ITAU CV S/A;39;AGORA CTVM S/A
FLRY3;105;0,04%;109.030.157;Eletrônico D+1;23/07/2026;13:47:39;Novo (0);Regular (1);114;ITAU CV S/A;39;AGORA CTVM S/A
RENT3;705;0,30%;109.030.158;Eletrônico D+1;23/07/2026;13:47:39;Novo (0);Regular (1);114;ITAU CV S/A;39;AGORA CTVM S/A
JBSS32;50;0,16%;109.030.182;Eletrônico D+1;23/07/2026;13:47:39;Novo (0);Regular (1);114;ITAU CV S/A;39;AGORA CTVM S/A
JBSS32;1;0,16%;109.030.159;Eletrônico D+1;23/07/2026;13:47:39;Novo (0);Regular (1);114;ITAU CV S/A;39;AGORA CTVM S/A
FLRY3;1.350;0,04%;109.030.184;Eletrônico D+1;23/07/2026;13:47:39;Novo (0);Regular (1);114;ITAU CV S/A;39;AGORA CTVM S/A
MDIA3;779;0,05%;109.030.185;Eletrônico D+1;23/07/2026;13:47:39;Novo (0);Regular (1);114;ITAU CV S/A;39;AGORA CTVM S/A
FLRY3;2.021;0,04%;109.030.160;Eletrônico D+1;23/07/2026;13:47:39;Novo (0);Regular (1);114;ITAU CV S/A;39;AGORA CTVM S/A
JBSS32;192;0,16%;109.030.152;Eletrônico D+1;23/07/2026;13:47:39;Novo (0);Regular (1);114;ITAU CV S/A;39;AGORA CTVM S/A
RENT3;43;0,30%;109.030.150;Eletrônico D+1;23/07/2026;13:47:39;Novo (0);Regular (1);114;ITAU CV S/A;39;AGORA CTVM S/A
FLRY3;105;0,04%;109.030.153;Eletrônico D+1;23/07/2026;13:47:39;Novo (0);Regular (1);114;ITAU CV S/A;39;AGORA CTVM S/A
FLRY3;179;0,04%;109.030.145;Eletrônico D+1;23/07/2026;13:47:39;Novo (0);Regular (1);114;ITAU CV S/A;39;AGORA CTVM S/A
JHSF3;3;2,44%;109.030.181;Eletrônico D+1;23/07/2026;13:47:39;Novo (0);Regular (1);114;ITAU CV S/A;39;AGORA CTVM S/A
JBSS32;15;0,16%;109.030.148;Eletrônico D+1;23/07/2026;13:47:39;Novo (0);Regular (1);114;ITAU CV S/A;39;AGORA CTVM S/A
MDIA3;2.200;0,05%;109.030.156;Eletrônico D+1;23/07/2026;13:47:39;Novo (0);Regular (1);114;ITAU CV S/A;39;AGORA CTVM S/A
JBSS32;119;0,16%;109.030.146;Eletrônico D+1;23/07/2026;13:47:39;Novo (0);Regular (1);114;ITAU CV S/A;39;AGORA CTVM S/A
FLRY3;5.800;0,04%;109.030.144;Eletrônico D+1;23/07/2026;13:47:39;Novo (0);Regular (1);114;ITAU CV S/A;39;AGORA CTVM S/A
JBSS32;450;0,16%;109.030.143;Eletrônico D+1;23/07/2026;13:47:39;Novo (0);Regular (1);114;ITAU CV S/A;39;AGORA CTVM S/A
FLRY3;8.102;0,04%;109.030.142;Eletrônico D+1;23/07/2026;13:47:39;Novo (0);Regular (1);114;ITAU CV S/A;39;AGORA CTVM S/A
JBSS32;5;0,16%;109.030.180;Eletrônico D+1;23/07/2026;13:47:39;Novo (0);Regular (1);114;ITAU CV S/A;39;AGORA CTVM S/A
RENT3;100;0,30%;109.030.141;Eletrônico D+1;23/07/2026;13:47:39;Novo (0);Regular (1);114;ITAU CV S/A;39;AGORA CTVM S/A
FLRY3;7.250;0,04%;109.030.149;Eletrônico D+1;23/07/2026;13:47:39;Novo (0);Regular (1);114;ITAU CV S/A;39;AGORA CTVM S/A
RENT3;74;0,30%;109.030.179;Eletrônico D+1;23/07/2026;13:47:39;Novo (0);Regular (1);114;ITAU CV S/A;39;AGORA CTVM S/A
RENT3;113;0,30%;109.030.139;Eletrônico D+1;23/07/2026;13:47:39;Novo (0);Regular (1);114;ITAU CV S/A;39;AGORA CTVM S/A
JBSS32;424;0,16%;109.030.178;Eletrônico D+1;23/07/2026;13:47:38;Novo (0);Regular (1);114;ITAU CV S/A;39;AGORA CTVM S/A
JBSS32;750;0,16%;109.030.147;Eletrônico D+1;23/07/2026;13:47:38;Novo (0);Regular (1);114;ITAU CV S/A;39;AGORA CTVM S/A
FLRY3;480;0,04%;109.030.140;Eletrônico D+1;23/07/2026;13:47:38;Novo (0);Regular (1);114;ITAU CV S/A;39;AGORA CTVM S/A
BPAC11;2;0,01%;109.030.136;Eletrônico D+1;23/07/2026;13:47:38;Novo (0);Regular (1);114;ITAU CV S/A;39;AGORA CTVM S/A
MDIA3;1.000;0,05%;109.030.161;Eletrônico D+1;23/07/2026;13:47:38;Novo (0);Regular (1);114;ITAU CV S/A;39;AGORA CTVM S/A
FLRY3;1.895;0,04%;109.030.176;Eletrônico D+1;23/07/2026;13:47:38;Novo (0);Regular (1);114;ITAU CV S/A;39;AGORA CTVM S/A
JBSS32;800;0,16%;109.030.137;Eletrônico D+1;23/07/2026;13:47:38;Novo (0);Regular (1);114;ITAU CV S/A;39;AGORA CTVM S/A
JBSS32;300;0,16%;109.030.134;Eletrônico D+1;23/07/2026;13:47:38;Novo (0);Regular (1);114;ITAU CV S/A;39;AGORA CTVM S/A
RENT3;570;0,30%;109.030.177;Eletrônico D+1;23/07/2026;13:47:38;Novo (0);Regular (1);114;ITAU CV S/A;39;AGORA CTVM S/A
RENT3;960;0,30%;109.030.132;Eletrônico D+1;23/07/2026;13:47:38;Novo (0);Regular (1);114;ITAU CV S/A;39;AGORA CTVM S/A
JBSS32;400;0,16%;109.030.133;Eletrônico D+1;23/07/2026;13:47:38;Novo (0);Regular (1);114;ITAU CV S/A;39;AGORA CTVM S/A
RENT3;44;0,30%;109.030.151;Eletrônico D+1;23/07/2026;13:47:38;Novo (0);Regular (1);114;ITAU CV S/A;39;AGORA CTVM S/A
RENT3;103;0,30%;109.030.131;Eletrônico D+1;23/07/2026;13:47:38;Novo (0);Regular (1);114;ITAU CV S/A;39;AGORA CTVM S/A
JBSS32;450;0,16%;109.030.175;Eletrônico D+1;23/07/2026;13:47:38;Novo (0);Regular (1);114;ITAU CV S/A;39;AGORA CTVM S/A
FLRY3;700;0,04%;109.030.135;Eletrônico D+1;23/07/2026;13:47:38;Novo (0);Regular (1);114;ITAU CV S/A;39;AGORA CTVM S/A
FLRY3;2.200;0,04%;109.030.128;Eletrônico D+1;23/07/2026;13:47:38;Novo (0);Regular (1);114;ITAU CV S/A;39;AGORA CTVM S/A
JBSS32;100;0,16%;109.030.170;Eletrônico D+1;23/07/2026;13:47:38;Novo (0);Regular (1);114;ITAU CV S/A;39;AGORA CTVM S/A
BPAC11;140;0,01%;109.030.101;Eletrônico D+1;23/07/2026;13:47:37;Novo (0);Regular (1);114;ITAU CV S/A;39;AGORA CTVM S/A
JBSS32;94;0,16%;109.030.173;Eletrônico D+1;23/07/2026;13:47:37;Novo (0);Regular (1);114;ITAU CV S/A;39;AGORA CTVM S/A
BPAC11;3;0,01%;109.030.129;Eletrônico D+1;23/07/2026;13:47:37;Novo (0);Regular (1);114;ITAU CV S/A;39;AGORA CTVM S/A
BPAC11;20;0,01%;109.030.122;Eletrônico D+1;23/07/2026;13:47:37;Novo (0);Regular (1);114;ITAU CV S/A;39;AGORA CTVM S/A
FLRY3;2.730;0,04%;109.030.130;Eletrônico D+1;23/07/2026;13:47:37;Novo (0);Regular (1);114;ITAU CV S/A;39;AGORA CTVM S/A
JBSS32;100;0,16%;109.030.172;Eletrônico D+1;23/07/2026;13:47:37;Novo (0);Regular (1);114;ITAU CV S/A;39;AGORA CTVM S/A
JBSS32;50;0,16%;109.030.174;Eletrônico D+1;23/07/2026;13:47:37;Novo (0);Regular (1);114;ITAU CV S/A;39;AGORA CTVM S/A
RENT3;2.524;0,30%;109.030.127;Eletrônico D+1;23/07/2026;13:47:37;Novo (0);Regular (1);114;ITAU CV S/A;39;AGORA CTVM S/A
FLRY3;3.109;0,04%;109.030.168;Eletrônico D+1;23/07/2026;13:47:37;Novo (0);Regular (1);114;ITAU CV S/A;39;AGORA CTVM S/A
JBSS32;850;0,16%;109.030.125;Eletrônico D+1;23/07/2026;13:47:37;Novo (0);Regular (1);114;ITAU CV S/A;39;AGORA CTVM S/A
RENT3;70;0,30%;109.030.124;Eletrônico D+1;23/07/2026;13:47:37;Novo (0);Regular (1);114;ITAU CV S/A;39;AGORA CTVM S/A
FLRY3;100;0,04%;109.030.171;Eletrônico D+1;23/07/2026;13:47:37;Novo (0);Regular (1);114;ITAU CV S/A;39;AGORA CTVM S/A
RENT3;85;0,30%;109.030.169;Eletrônico D+1;23/07/2026;13:47:37;Novo (0);Regular (1);114;ITAU CV S/A;39;AGORA CTVM S/A
FLRY3;5;0,04%;109.030.123;Eletrônico D+1;23/07/2026;13:47:37;Novo (0);Regular (1);114;ITAU CV S/A;39;AGORA CTVM S/A
RENT3;116;0,30%;109.030.121;Eletrônico D+1;23/07/2026;13:47:37;Novo (0);Regular (1);114;ITAU CV S/A;39;AGORA CTVM S/A
FLRY3;1;0,04%;109.030.120;Eletrônico D+1;23/07/2026;13:47:37;Novo (0);Regular (1);114;ITAU CV S/A;39;AGORA CTVM S/A
RENT3;66;0,30%;109.030.117;Eletrônico D+1;23/07/2026;13:47:37;Novo (0);Regular (1);114;ITAU CV S/A;39;AGORA CTVM S/A
JBSS32;144;0,16%;109.030.165;Eletrônico D+1;23/07/2026;13:47:37;Novo (0);Regular (1);114;ITAU CV S/A;39;AGORA CTVM S/A
HYPE3;500;0,08%;109.030.119;Eletrônico D+1;23/07/2026;13:47:36;Novo (0);Regular (1);114;ITAU CV S/A;39;AGORA CTVM S/A
RENT3;700;0,30%;109.030.118;Eletrônico D+1;23/07/2026;13:47:36;Novo (0);Regular (1);114;ITAU CV S/A;39;AGORA CTVM S/A
RENT3;1.272;0,30%;109.030.163;Eletrônico D+1;23/07/2026;13:47:36;Novo (0);Regular (1);114;ITAU CV S/A;39;AGORA CTVM S/A
RENT3;81;0,30%;109.030.166;Eletrônico D+1;23/07/2026;13:47:36;Novo (0);Regular (1);114;ITAU CV S/A;39;AGORA CTVM S/A
FLRY3;80;0,04%;109.030.115;Eletrônico D+1;23/07/2026;13:47:36;Novo (0);Regular (1);114;ITAU CV S/A;39;AGORA CTVM S/A
FLRY3;100;0,04%;109.030.164;Eletrônico D+1;23/07/2026;13:47:36;Novo (0);Regular (1);114;ITAU CV S/A;39;AGORA CTVM S/A
RENT3;700;0,30%;109.030.113;Eletrônico D+1;23/07/2026;13:47:36;Novo (0);Regular (1);114;ITAU CV S/A;39;AGORA CTVM S/A
JBSS32;15;0,16%;109.030.095;Eletrônico D+1;23/07/2026;13:47:36;Novo (0);Regular (1);114;ITAU CV S/A;39;AGORA CTVM S/A
JBSS32;125;0,16%;109.030.098;Eletrônico D+1;23/07/2026;13:47:36;Novo (0);Regular (1);114;ITAU CV S/A;39;AGORA CTVM S/A
JBSS32;50;0,16%;109.030.116;Eletrônico D+1;23/07/2026;13:47:36;Novo (0);Regular (1);114;ITAU CV S/A;39;AGORA CTVM S/A
FLRY3;360;0,04%;109.030.167;Eletrônico D+1;23/07/2026;13:47:36;Novo (0);Regular (1);114;ITAU CV S/A;39;AGORA CTVM S/A
BPAC11;80;0,01%;109.030.114;Eletrônico D+1;23/07/2026;13:47:36;Novo (0);Regular (1);114;ITAU CV S/A;39;AGORA CTVM S/A
BPAC11;3;0,01%;109.030.112;Eletrônico D+1;23/07/2026;13:47:36;Novo (0);Regular (1);114;ITAU CV S/A;39;AGORA CTVM S/A
HYPE3;7.483;0,08%;109.030.108;Eletrônico D+1;23/07/2026;13:47:36;Novo (0);Regular (1);114;ITAU CV S/A;39;AGORA CTVM S/A
BPAC11;1.700;0,01%;109.030.103;Eletrônico D+1;23/07/2026;13:47:36;Novo (0);Regular (1);114;ITAU CV S/A;39;AGORA CTVM S/A
BPAC11;50;0,01%;109.030.126;Eletrônico D+1;23/07/2026;13:47:36;Novo (0);Regular (1);114;ITAU CV S/A;39;AGORA CTVM S/A
JBSS32;13;0,16%;109.030.110;Eletrônico D+1;23/07/2026;13:47:36;Novo (0);Regular (1);114;ITAU CV S/A;39;AGORA CTVM S/A
IVVB11;120;0,16%;109.030.111;Eletrônico D+1;23/07/2026;13:47:36;Novo (0);Regular (1);114;ITAU CV S/A;39;AGORA CTVM S/A
MDIA3;954;0,05%;109.030.155;Eletrônico D+1;23/07/2026;13:47:36;Novo (0);Regular (1);114;ITAU CV S/A;39;AGORA CTVM S/A
BPAC11;2;0,01%;109.030.106;Eletrônico D+1;23/07/2026;13:47:36;Novo (0);Regular (1);114;ITAU CV S/A;39;AGORA CTVM S/A
JBSS32;550;0,16%;109.030.107;Eletrônico D+1;23/07/2026;13:47:36;Novo (0);Regular (1);114;ITAU CV S/A;39;AGORA CTVM S/A
BPAC11;18;0,01%;109.030.109;Eletrônico D+1;23/07/2026;13:47:36;Novo (0);Regular (1);114;ITAU CV S/A;39;AGORA CTVM S/A
FLRY3;210;0,04%;109.030.100;Eletrônico D+1;23/07/2026;13:47:35;Novo (0);Regular (1);114;ITAU CV S/A;39;AGORA CTVM S/A
RENT3;800;0,30%;109.030.089;Eletrônico D+1;23/07/2026;13:47:35;Novo (0);Regular (1);114;ITAU CV S/A;39;AGORA CTVM S/A
RENT3;105;0,30%;109.030.104;Eletrônico D+1;23/07/2026;13:47:35;Novo (0);Regular (1);114;ITAU CV S/A;39;AGORA CTVM S/A
FLRY3;345;0,04%;109.030.094;Eletrônico D+1;23/07/2026;13:47:35;Novo (0);Regular (1);114;ITAU CV S/A;39;AGORA CTVM S/A
FLRY3;210;0,04%;109.030.096;Eletrônico D+1;23/07/2026;13:47:35;Novo (0);Regular (1);114;ITAU CV S/A;39;AGORA CTVM S/A
JBSS32;121;0,16%;109.030.090;Eletrônico D+1;23/07/2026;13:47:35;Novo (0);Regular (1);114;ITAU CV S/A;39;AGORA CTVM S/A
FLRY3;66;0,04%;109.030.105;Eletrônico D+1;23/07/2026;13:47:35;Novo (0);Regular (1);114;ITAU CV S/A;39;AGORA CTVM S/A
FLRY3;364;0,04%;109.030.085;Eletrônico D+1;23/07/2026;13:47:35;Novo (0);Regular (1);114;ITAU CV S/A;39;AGORA CTVM S/A
RENT3;98;0,30%;109.030.099;Eletrônico D+1;23/07/2026;13:47:35;Novo (0);Regular (1);114;ITAU CV S/A;39;AGORA CTVM S/A
JBSS32;300;0,16%;109.030.082;Eletrônico D+1;23/07/2026;13:47:35;Novo (0);Regular (1);114;ITAU CV S/A;39;AGORA CTVM S/A
FLRY3;581;0,04%;109.030.081;Eletrônico D+1;23/07/2026;13:47:35;Novo (0);Regular (1);114;ITAU CV S/A;39;AGORA CTVM S/A
RENT3;87;0,30%;109.030.092;Eletrônico D+1;23/07/2026;13:47:35;Novo (0);Regular (1);114;ITAU CV S/A;39;AGORA CTVM S/A
JBSS32;235;0,16%;109.030.097;Eletrônico D+1;23/07/2026;13:47:35;Novo (0);Regular (1);114;ITAU CV S/A;39;AGORA CTVM S/A
RENT3;834;0,30%;109.030.091;Eletrônico D+1;23/07/2026;13:47:35;Novo (0);Regular (1);114;ITAU CV S/A;39;AGORA CTVM S/A
RENT3;95;0,30%;109.030.093;Eletrônico D+1;23/07/2026;13:47:35;Novo (0);Regular (1);114;ITAU CV S/A;39;AGORA CTVM S/A
RENT3;101;0,30%;109.030.077;Eletrônico D+1;23/07/2026;13:47:35;Novo (0);Regular (1);114;ITAU CV S/A;39;AGORA CTVM S/A
FLRY3;974;0,04%;109.030.087;Eletrônico D+1;23/07/2026;13:47:35;Novo (0);Regular (1);114;ITAU CV S/A;39;AGORA CTVM S/A
JBSS32;200;0,16%;109.030.084;Eletrônico D+1;23/07/2026;13:47:35;Novo (0);Regular (1);114;ITAU CV S/A;39;AGORA CTVM S/A
JBSS32;187;0,16%;109.030.086;Eletrônico D+1;23/07/2026;13:47:35;Novo (0);Regular (1);114;ITAU CV S/A;39;AGORA CTVM S/A
RENT3;1.000;0,30%;109.030.088;Eletrônico D+1;23/07/2026;13:47:35;Novo (0);Regular (1);114;ITAU CV S/A;39;AGORA CTVM S/A
RENT3;100;0,30%;109.030.080;Eletrônico D+1;23/07/2026;13:47:34;Novo (0);Regular (1);114;ITAU CV S/A;39;AGORA CTVM S/A
RENT3;900;0,30%;109.030.079;Eletrônico D+1;23/07/2026;13:47:34;Novo (0);Regular (1);114;ITAU CV S/A;39;AGORA CTVM S/A
RENT3;100;0,30%;109.030.083;Eletrônico D+1;23/07/2026;13:47:34;Novo (0);Regular (1);114;ITAU CV S/A;39;AGORA CTVM S/A
JBSS32;16;0,16%;109.030.078;Eletrônico D+1;23/07/2026;13:47:34;Novo (0);Regular (1);114;ITAU CV S/A;39;AGORA CTVM S/A
FLRY3;2.026;0,04%;109.030.058;Eletrônico D+1;23/07/2026;13:47:34;Novo (0);Regular (1);114;ITAU CV S/A;39;AGORA CTVM S/A
RENT3;1.190;0,30%;109.030.067;Eletrônico D+1;23/07/2026;13:47:34;Novo (0);Regular (1);114;ITAU CV S/A;39;AGORA CTVM S/A
FLRY3;7.000;0,04%;109.030.066;Eletrônico D+1;23/07/2026;13:47:34;Novo (0);Regular (1);114;ITAU CV S/A;39;AGORA CTVM S/A
JBSS32;650;0,16%;109.030.065;Eletrônico D+1;23/07/2026;13:47:34;Novo (0);Regular (1);114;ITAU CV S/A;39;AGORA CTVM S/A
RENT3;106;0,30%;109.030.069;Eletrônico D+1;23/07/2026;13:47:34;Novo (0);Regular (1);114;ITAU CV S/A;39;AGORA CTVM S/A
RENT3;1.422;0,30%;109.030.061;Eletrônico D+1;23/07/2026;13:47:34;Novo (0);Regular (1);114;ITAU CV S/A;39;AGORA CTVM S/A
JBSS32;500;0,16%;109.030.068;Eletrônico D+1;23/07/2026;13:47:34;Novo (0);Regular (1);114;ITAU CV S/A;39;AGORA CTVM S/A
JBSS32;450;0,16%;109.030.057;Eletrônico D+1;23/07/2026;13:47:34;Novo (0);Regular (1);114;ITAU CV S/A;39;AGORA CTVM S/A
JBSS32;500;0,16%;109.030.064;Eletrônico D+1;23/07/2026;13:47:34;Novo (0);Regular (1);114;ITAU CV S/A;39;AGORA CTVM S/A
JBSS32;318;0,16%;109.030.062;Eletrônico D+1;23/07/2026;13:47:33;Novo (0);Regular (1);114;ITAU CV S/A;39;AGORA CTVM S/A
JBSS32;400;0,16%;109.030.059;Eletrônico D+1;23/07/2026;13:47:33;Novo (0);Regular (1);114;ITAU CV S/A;39;AGORA CTVM S/A
BPAC11;1;0,01%;109.030.063;Eletrônico D+1;23/07/2026;13:47:33;Novo (0);Regular (1);114;ITAU CV S/A;39;AGORA CTVM S/A
FLRY3;1.890;0,04%;109.030.060;Eletrônico D+1;23/07/2026;13:47:33;Novo (0);Regular (1);114;ITAU CV S/A;39;AGORA CTVM S/A
JBSS32;800;0,16%;109.030.056;Eletrônico D+1;23/07/2026;13:47:33;Novo (0);Regular (1);114;ITAU CV S/A;39;AGORA CTVM S/A
RENT3;2.318;0,30%;109.030.052;Eletrônico D+1;23/07/2026;13:47:33;Novo (0);Regular (1);114;ITAU CV S/A;39;AGORA CTVM S/A
RENT3;110;0,30%;109.030.055;Eletrônico D+1;23/07/2026;13:47:33;Novo (0);Regular (1);114;ITAU CV S/A;39;AGORA CTVM S/A
BPAC11;10;0,01%;109.030.051;Eletrônico D+1;23/07/2026;13:47:33;Novo (0);Regular (1);114;ITAU CV S/A;39;AGORA CTVM S/A
FLRY3;1.500;0,04%;109.030.073;Eletrônico D+1;23/07/2026;13:47:33;Novo (0);Regular (1);114;ITAU CV S/A;39;AGORA CTVM S/A
BPAC11;5;0,01%;109.030.050;Eletrônico D+1;23/07/2026;13:47:33;Novo (0);Regular (1);114;ITAU CV S/A;39;AGORA CTVM S/A
JBSS32;700;0,16%;109.030.054;Eletrônico D+1;23/07/2026;13:47:33;Novo (0);Regular (1);114;ITAU CV S/A;39;AGORA CTVM S/A
JBSS32;1.550;0,16%;109.030.053;Eletrônico D+1;23/07/2026;13:47:33;Novo (0);Regular (1);114;ITAU CV S/A;39;AGORA CTVM S/A
JBSS32;20;0,16%;109.030.074;Eletrônico D+1;23/07/2026;13:47:33;Novo (0);Regular (1);114;ITAU CV S/A;39;AGORA CTVM S/A
BPAC11;10;0,01%;109.030.049;Eletrônico D+1;23/07/2026;13:47:33;Novo (0);Regular (1);114;ITAU CV S/A;39;AGORA CTVM S/A
FLRY3;1.890;0,04%;109.030.076;Eletrônico D+1;23/07/2026;13:47:33;Novo (0);Regular (1);114;ITAU CV S/A;39;AGORA CTVM S/A
JBSS32;300;0,16%;109.030.072;Eletrônico D+1;23/07/2026;13:47:32;Novo (0);Regular (1);114;ITAU CV S/A;39;AGORA CTVM S/A
JBSS32;22;0,16%;109.030.048;Eletrônico D+1;23/07/2026;13:47:32;Novo (0);Regular (1);114;ITAU CV S/A;39;AGORA CTVM S/A
FLRY3;1.035;0,04%;109.030.075;Eletrônico D+1;23/07/2026;13:47:32;Novo (0);Regular (1);114;ITAU CV S/A;39;AGORA CTVM S/A
JBSS32;350;0,16%;109.030.071;Eletrônico D+1;23/07/2026;13:47:32;Novo (0);Regular (1);114;ITAU CV S/A;39;AGORA CTVM S/A
JBSS32;21;0,16%;109.030.070;Eletrônico D+1;23/07/2026;13:47:32;Novo (0);Regular (1);114;ITAU CV S/A;39;AGORA CTVM S/A
JBSS32;2.350;0,16%;109.030.037;Eletrônico D+1;23/07/2026;13:47:32;Novo (0);Regular (1);114;ITAU CV S/A;39;AGORA CTVM S/A
BPAC11;8;0,01%;109.030.038;Eletrônico D+1;23/07/2026;13:47:31;Novo (0);Regular (1);114;ITAU CV S/A;39;AGORA CTVM S/A
BPAC11;91;0,01%;109.030.046;Eletrônico D+1;23/07/2026;13:47:31;Novo (0);Regular (1);114;ITAU CV S/A;39;AGORA CTVM S/A
BPAC11;100;0,01%;109.030.043;Eletrônico D+1;23/07/2026;13:47:31;Novo (0);Regular (1);114;ITAU CV S/A;39;AGORA CTVM S/A
BPAC11;24;0,01%;109.030.047;Eletrônico D+1;23/07/2026;13:47:31;Novo (0);Regular (1);114;ITAU CV S/A;39;AGORA CTVM S/A
BPAC11;178;0,01%;109.030.040;Eletrônico D+1;23/07/2026;13:47:31;Novo (0);Regular (1);114;ITAU CV S/A;39;AGORA CTVM S/A
BPAC11;100;0,01%;109.030.045;Eletrônico D+1;23/07/2026;13:47:31;Novo (0);Regular (1);114;ITAU CV S/A;39;AGORA CTVM S/A
BPAC11;36;0,01%;109.030.042;Eletrônico D+1;23/07/2026;13:47:31;Novo (0);Regular (1);114;ITAU CV S/A;39;AGORA CTVM S/A
FLRY3;34;0,04%;109.030.044;Eletrônico D+1;23/07/2026;13:47:31;Novo (0);Regular (1);114;ITAU CV S/A;39;AGORA CTVM S/A
HYPE3;30;0,08%;109.030.039;Eletrônico D+1;23/07/2026;13:47:31;Novo (0);Regular (1);114;ITAU CV S/A;39;AGORA CTVM S/A
RENT3;1.666;0,30%;109.030.036;Eletrônico D+1;23/07/2026;13:47:31;Novo (0);Regular (1);114;ITAU CV S/A;39;AGORA CTVM S/A
FLRY3;39;0,04%;109.030.041;Eletrônico D+1;23/07/2026;13:47:31;Novo (0);Regular (1);114;ITAU CV S/A;39;AGORA CTVM S/A
FLRY3;23;0,04%;109.030.031;Eletrônico D+1;23/07/2026;13:47:31;Novo (0);Regular (1);114;ITAU CV S/A;39;AGORA CTVM S/A
BPAC11;27.428;0,01%;109.030.034;Eletrônico D+1;23/07/2026;13:47:31;Novo (0);Regular (1);114;ITAU CV S/A;39;AGORA CTVM S/A
BPAC11;842;0,01%;109.030.033;Eletrônico D+1;23/07/2026;13:47:31;Novo (0);Regular (1);114;ITAU CV S/A;39;AGORA CTVM S/A
FLRY3;29;0,04%;109.030.032;Eletrônico D+1;23/07/2026;13:47:31;Novo (0);Regular (1);114;ITAU CV S/A;39;AGORA CTVM S/A
HYPE3;1.166;0,08%;109.030.035;Eletrônico D+1;23/07/2026;13:47:31;Novo (0);Regular (1);114;ITAU CV S/A;39;AGORA CTVM S/A
CEAB3;71;0,12%;109.029.957;Eletrônico D+1;23/07/2026;13:41:08;Novo (0);Regular (1);39;AGORA CTVM S/A;39;AGORA CTVM S/A
CEAB3;24;0,12%;109.029.954;Eletrônico D+1;23/07/2026;13:41:07;Novo (0);Regular (1);39;AGORA CTVM S/A;39;AGORA CTVM S/A
CEAB3;17;0,12%;109.029.955;Eletrônico D+1;23/07/2026;13:41:07;Novo (0);Regular (1);39;AGORA CTVM S/A;39;AGORA CTVM S/A
CEAB3;61;0,12%;109.029.956;Eletrônico D+1;23/07/2026;13:41:07;Novo (0);Regular (1);39;AGORA CTVM S/A;39;AGORA CTVM S/A
CEAB3;14;0,12%;109.029.953;Eletrônico D+1;23/07/2026;13:41:07;Novo (0);Regular (1);39;AGORA CTVM S/A;39;AGORA CTVM S/A
CEAB3;29;0,12%;109.029.952;Eletrônico D+1;23/07/2026;13:41:07;Novo (0);Regular (1);39;AGORA CTVM S/A;39;AGORA CTVM S/A
CEAB3;19;0,12%;109.029.951;Eletrônico D+1;23/07/2026;13:41:06;Novo (0);Regular (1);39;AGORA CTVM S/A;39;AGORA CTVM S/A
MULT3;62;0,27%;109.029.950;Eletrônico D+1;23/07/2026;13:41:06;Novo (0);Regular (1);39;AGORA CTVM S/A;39;AGORA CTVM S/A
CEAB3;413;0,12%;109.029.949;Eletrônico D+1;23/07/2026;13:41:06;Novo (0);Regular (1);39;AGORA CTVM S/A;39;AGORA CTVM S/A
CEAB3;2;0,12%;109.029.948;Eletrônico D+1;23/07/2026;13:41:06;Novo (0);Regular (1);39;AGORA CTVM S/A;39;AGORA CTVM S/A
PSSA3;181;0,03%;109.029.945;Eletrônico D+1;23/07/2026;13:41:06;Novo (0);Regular (1);39;AGORA CTVM S/A;39;AGORA CTVM S/A
CEAB3;13;0,12%;109.029.944;Eletrônico D+1;23/07/2026;13:41:06;Novo (0);Regular (1);39;AGORA CTVM S/A;39;AGORA CTVM S/A
CEAB3;33;0,12%;109.029.946;Eletrônico D+1;23/07/2026;13:41:06;Novo (0);Regular (1);39;AGORA CTVM S/A;39;AGORA CTVM S/A
CEAB3;15;0,12%;109.029.947;Eletrônico D+1;23/07/2026;13:41:06;Novo (0);Regular (1);39;AGORA CTVM S/A;39;AGORA CTVM S/A
CEAB3;304;0,12%;109.029.939;Eletrônico D+1;23/07/2026;13:41:06;Novo (0);Regular (1);39;AGORA CTVM S/A;39;AGORA CTVM S/A
CEAB3;122;0,12%;109.029.942;Eletrônico D+1;23/07/2026;13:41:06;Novo (0);Regular (1);39;AGORA CTVM S/A;39;AGORA CTVM S/A
CEAB3;75;0,12%;109.029.943;Eletrônico D+1;23/07/2026;13:41:06;Novo (0);Regular (1);39;AGORA CTVM S/A;39;AGORA CTVM S/A
CEAB3;261;0,12%;109.029.941;Eletrônico D+1;23/07/2026;13:41:06;Novo (0);Regular (1);39;AGORA CTVM S/A;39;AGORA CTVM S/A
CEAB3;1.139;0,12%;109.029.940;Eletrônico D+1;23/07/2026;13:41:06;Novo (0);Regular (1);39;AGORA CTVM S/A;39;AGORA CTVM S/A
CEAB3;67;0,12%;109.029.934;Eletrônico D+1;23/07/2026;13:41:05;Novo (0);Regular (1);39;AGORA CTVM S/A;39;AGORA CTVM S/A
CEAB3;17;0,12%;109.029.938;Eletrônico D+1;23/07/2026;13:41:05;Novo (0);Regular (1);39;AGORA CTVM S/A;39;AGORA CTVM S/A
CEAB3;155;0,12%;109.029.937;Eletrônico D+1;23/07/2026;13:41:05;Novo (0);Regular (1);39;AGORA CTVM S/A;39;AGORA CTVM S/A
CEAB3;61;0,12%;109.029.931;Eletrônico D+1;23/07/2026;13:41:05;Novo (0);Regular (1);39;AGORA CTVM S/A;39;AGORA CTVM S/A
CEAB3;11;0,12%;109.029.933;Eletrônico D+1;23/07/2026;13:41:05;Novo (0);Regular (1);39;AGORA CTVM S/A;39;AGORA CTVM S/A
CEAB3;404;0,12%;109.029.935;Eletrônico D+1;23/07/2026;13:41:05;Novo (0);Regular (1);39;AGORA CTVM S/A;39;AGORA CTVM S/A
CEAB3;27;0,12%;109.029.936;Eletrônico D+1;23/07/2026;13:41:05;Novo (0);Regular (1);39;AGORA CTVM S/A;39;AGORA CTVM S/A
CEAB3;14;0,12%;109.029.930;Eletrônico D+1;23/07/2026;13:41:05;Novo (0);Regular (1);39;AGORA CTVM S/A;39;AGORA CTVM S/A
CEAB3;15;0,12%;109.029.928;Eletrônico D+1;23/07/2026;13:41:05;Novo (0);Regular (1);39;AGORA CTVM S/A;39;AGORA CTVM S/A
CEAB3;192;0,12%;109.029.929;Eletrônico D+1;23/07/2026;13:41:05;Novo (0);Regular (1);39;AGORA CTVM S/A;39;AGORA CTVM S/A
RADL3;936;0,10%;109.029.921;Balcão;23/07/2026;13:39:21;Novo (0);Regular (1);122;BGC LIQUIDEZ DTVM LTDA;122;BGC LIQUIDEZ DTVM LTDA
RADL3;1.986;0,10%;109.029.917;Balcão;23/07/2026;13:39:21;Novo (0);Regular (1);122;BGC LIQUIDEZ DTVM LTDA;122;BGC LIQUIDEZ DTVM LTDA
ITUB3;768;1,16%;109.029.922;Balcão;23/07/2026;13:39:21;Novo (0);Regular (1);122;BGC LIQUIDEZ DTVM LTDA;122;BGC LIQUIDEZ DTVM LTDA
RADL3;667;0,10%;109.029.923;Balcão;23/07/2026;13:39:21;Novo (0);Regular (1);122;BGC LIQUIDEZ DTVM LTDA;122;BGC LIQUIDEZ DTVM LTDA
ITUB3;261;1,16%;109.029.919;Balcão;23/07/2026;13:39:20;Novo (0);Regular (1);122;BGC LIQUIDEZ DTVM LTDA;122;BGC LIQUIDEZ DTVM LTDA
TEND3;110;0,14%;109.029.918;Balcão;23/07/2026;13:39:20;Novo (0);Regular (1);122;BGC LIQUIDEZ DTVM LTDA;122;BGC LIQUIDEZ DTVM LTDA
MDNE3;270;0,03%;109.029.678;Balcão;23/07/2026;13:36:31;Novo (0);Regular (1);122;BGC LIQUIDEZ DTVM LTDA;122;BGC LIQUIDEZ DTVM LTDA
TEND3;971;0,14%;109.029.691;Balcão;23/07/2026;13:36:31;Novo (0);Regular (1);122;BGC LIQUIDEZ DTVM LTDA;122;BGC LIQUIDEZ DTVM LTDA
MDNE3;122;0,03%;109.029.703;Balcão;23/07/2026;13:36:30;Novo (0);Regular (1);122;BGC LIQUIDEZ DTVM LTDA;122;BGC LIQUIDEZ DTVM LTDA
MDNE3;218;0,03%;109.029.698;Balcão;23/07/2026;13:36:30;Novo (0);Regular (1);122;BGC LIQUIDEZ DTVM LTDA;122;BGC LIQUIDEZ DTVM LTDA
MDNE3;390;0,03%;109.029.693;Balcão;23/07/2026;13:36:30;Novo (0);Regular (1);122;BGC LIQUIDEZ DTVM LTDA;122;BGC LIQUIDEZ DTVM LTDA
TEND3;1.368;0,14%;109.029.694;Balcão;23/07/2026;13:36:30;Novo (0);Regular (1);122;BGC LIQUIDEZ DTVM LTDA;122;BGC LIQUIDEZ DTVM LTDA
TEND3;401;0,14%;109.029.688;Balcão;23/07/2026;13:36:30;Novo (0);Regular (1);122;BGC LIQUIDEZ DTVM LTDA;122;BGC LIQUIDEZ DTVM LTDA
CXSE3;100;0,09%;109.029.914;Eletrônico D+1;23/07/2026;13:36:01;Novo (0);Regular (1);39;AGORA CTVM S/A;122;BGC LIQUIDEZ DTVM LTDA
CXSE3;17;0,09%;109.029.912;Eletrônico D+1;23/07/2026;13:36:01;Novo (0);Regular (1);39;AGORA CTVM S/A;122;BGC LIQUIDEZ DTVM LTDA
CXSE3;22;0,09%;109.029.885;Eletrônico D+1;23/07/2026;13:36:01;Novo (0);Regular (1);39;AGORA CTVM S/A;122;BGC LIQUIDEZ DTVM LTDA
CXSE3;97;0,09%;109.029.909;Eletrônico D+1;23/07/2026;13:36:01;Novo (0);Regular (1);39;AGORA CTVM S/A;122;BGC LIQUIDEZ DTVM LTDA
CXSE3;100;0,09%;109.029.915;Eletrônico D+1;23/07/2026;13:36:01;Novo (0);Regular (1);39;AGORA CTVM S/A;122;BGC LIQUIDEZ DTVM LTDA
CXSE3;30;0,09%;109.029.906;Eletrônico D+1;23/07/2026;13:36:01;Novo (0);Regular (1);39;AGORA CTVM S/A;122;BGC LIQUIDEZ DTVM LTDA
CXSE3;30;0,09%;109.029.910;Eletrônico D+1;23/07/2026;13:36:01;Novo (0);Regular (1);39;AGORA CTVM S/A;122;BGC LIQUIDEZ DTVM LTDA
CXSE3;94;0,09%;109.029.916;Eletrônico D+1;23/07/2026;13:36:01;Novo (0);Regular (1);39;AGORA CTVM S/A;122;BGC LIQUIDEZ DTVM LTDA
CXSE3;50;0,09%;109.029.903;Eletrônico D+1;23/07/2026;13:36:01;Novo (0);Regular (1);39;AGORA CTVM S/A;122;BGC LIQUIDEZ DTVM LTDA
CXSE3;100;0,09%;109.029.911;Eletrônico D+1;23/07/2026;13:36:01;Novo (0);Regular (1);39;AGORA CTVM S/A;122;BGC LIQUIDEZ DTVM LTDA
CXSE3;17;0,09%;109.029.913;Eletrônico D+1;23/07/2026;13:36:01;Novo (0);Regular (1);39;AGORA CTVM S/A;122;BGC LIQUIDEZ DTVM LTDA
CXSE3;17;0,09%;109.029.907;Eletrônico D+1;23/07/2026;13:36:01;Novo (0);Regular (1);39;AGORA CTVM S/A;122;BGC LIQUIDEZ DTVM LTDA
CXSE3;100;0,09%;109.029.908;Eletrônico D+1;23/07/2026;13:36:01;Novo (0);Regular (1);39;AGORA CTVM S/A;122;BGC LIQUIDEZ DTVM LTDA
CXSE3;30;0,09%;109.029.900;Eletrônico D+1;23/07/2026;13:36:01;Novo (0);Regular (1);39;AGORA CTVM S/A;122;BGC LIQUIDEZ DTVM LTDA
CXSE3;30;0,09%;109.029.905;Eletrônico D+1;23/07/2026;13:36:01;Novo (0);Regular (1);39;AGORA CTVM S/A;122;BGC LIQUIDEZ DTVM LTDA
CXSE3;94;0,09%;109.029.886;Eletrônico D+1;23/07/2026;13:36:00;Novo (0);Regular (1);39;AGORA CTVM S/A;122;BGC LIQUIDEZ DTVM LTDA
CXSE3;100;0,09%;109.029.898;Eletrônico D+1;23/07/2026;13:36:00;Novo (0);Regular (1);39;AGORA CTVM S/A;122;BGC LIQUIDEZ DTVM LTDA
CXSE3;30;0,09%;109.029.882;Eletrônico D+1;23/07/2026;13:36:00;Novo (0);Regular (1);39;AGORA CTVM S/A;122;BGC LIQUIDEZ DTVM LTDA
CXSE3;16;0,09%;109.029.904;Eletrônico D+1;23/07/2026;13:36:00;Novo (0);Regular (1);39;AGORA CTVM S/A;122;BGC LIQUIDEZ DTVM LTDA
CXSE3;95;0,09%;109.029.881;Eletrônico D+1;23/07/2026;13:36:00;Novo (0);Regular (1);39;AGORA CTVM S/A;122;BGC LIQUIDEZ DTVM LTDA
CXSE3;90;0,09%;109.029.899;Eletrônico D+1;23/07/2026;13:36:00;Novo (0);Regular (1);39;AGORA CTVM S/A;122;BGC LIQUIDEZ DTVM LTDA
CXSE3;120;0,09%;109.029.897;Eletrônico D+1;23/07/2026;13:36:00;Novo (0);Regular (1);39;AGORA CTVM S/A;122;BGC LIQUIDEZ DTVM LTDA
CXSE3;110;0,09%;109.029.896;Eletrônico D+1;23/07/2026;13:36:00;Novo (0);Regular (1);39;AGORA CTVM S/A;122;BGC LIQUIDEZ DTVM LTDA
CXSE3;110;0,09%;109.029.895;Eletrônico D+1;23/07/2026;13:36:00;Novo (0);Regular (1);39;AGORA CTVM S/A;122;BGC LIQUIDEZ DTVM LTDA
CXSE3;110;0,09%;109.029.902;Eletrônico D+1;23/07/2026;13:36:00;Novo (0);Regular (1);39;AGORA CTVM S/A;122;BGC LIQUIDEZ DTVM LTDA
CXSE3;60;0,09%;109.029.874;Eletrônico D+1;23/07/2026;13:36:00;Novo (0);Regular (1);39;AGORA CTVM S/A;122;BGC LIQUIDEZ DTVM LTDA
CXSE3;37;0,09%;109.029.875;Eletrônico D+1;23/07/2026;13:36:00;Novo (0);Regular (1);39;AGORA CTVM S/A;122;BGC LIQUIDEZ DTVM LTDA
CXSE3;17;0,09%;109.029.901;Eletrônico D+1;23/07/2026;13:36:00;Novo (0);Regular (1);39;AGORA CTVM S/A;122;BGC LIQUIDEZ DTVM LTDA
CXSE3;124;0,09%;109.029.894;Eletrônico D+1;23/07/2026;13:36:00;Novo (0);Regular (1);39;AGORA CTVM S/A;122;BGC LIQUIDEZ DTVM LTDA
CXSE3;31;0,09%;109.029.883;Eletrônico D+1;23/07/2026;13:36:00;Novo (0);Regular (1);39;AGORA CTVM S/A;122;BGC LIQUIDEZ DTVM LTDA
CXSE3;34;0,09%;109.029.876;Eletrônico D+1;23/07/2026;13:36:00;Novo (0);Regular (1);39;AGORA CTVM S/A;122;BGC LIQUIDEZ DTVM LTDA
CXSE3;100;0,09%;109.029.892;Eletrônico D+1;23/07/2026;13:36:00;Novo (0);Regular (1);39;AGORA CTVM S/A;122;BGC LIQUIDEZ DTVM LTDA
CXSE3;100;0,09%;109.029.893;Eletrônico D+1;23/07/2026;13:36:00;Novo (0);Regular (1);39;AGORA CTVM S/A;122;BGC LIQUIDEZ DTVM LTDA
CXSE3;20;0,09%;109.029.891;Eletrônico D+1;23/07/2026;13:36:00;Novo (0);Regular (1);39;AGORA CTVM S/A;122;BGC LIQUIDEZ DTVM LTDA
CXSE3;110;0,09%;109.029.889;Eletrônico D+1;23/07/2026;13:36:00;Novo (0);Regular (1);39;AGORA CTVM S/A;122;BGC LIQUIDEZ DTVM LTDA
CXSE3;50;0,09%;109.029.888;Eletrônico D+1;23/07/2026;13:36:00;Novo (0);Regular (1);39;AGORA CTVM S/A;122;BGC LIQUIDEZ DTVM LTDA
CXSE3;16;0,09%;109.029.887;Eletrônico D+1;23/07/2026;13:35:59;Novo (0);Regular (1);39;AGORA CTVM S/A;122;BGC LIQUIDEZ DTVM LTDA
CXSE3;34;0,09%;109.029.890;Eletrônico D+1;23/07/2026;13:35:59;Novo (0);Regular (1);39;AGORA CTVM S/A;122;BGC LIQUIDEZ DTVM LTDA
CXSE3;100;0,09%;109.029.880;Eletrônico D+1;23/07/2026;13:35:59;Novo (0);Regular (1);39;AGORA CTVM S/A;122;BGC LIQUIDEZ DTVM LTDA
CXSE3;165;0,09%;109.029.878;Eletrônico D+1;23/07/2026;13:35:59;Novo (0);Regular (1);39;AGORA CTVM S/A;122;BGC LIQUIDEZ DTVM LTDA
CXSE3;19;0,09%;109.029.884;Eletrônico D+1;23/07/2026;13:35:59;Novo (0);Regular (1);39;AGORA CTVM S/A;122;BGC LIQUIDEZ DTVM LTDA
CXSE3;21;0,09%;109.029.856;Eletrônico D+1;23/07/2026;13:35:59;Novo (0);Regular (1);39;AGORA CTVM S/A;122;BGC LIQUIDEZ DTVM LTDA
CXSE3;100;0,09%;109.029.871;Eletrônico D+1;23/07/2026;13:35:59;Novo (0);Regular (1);39;AGORA CTVM S/A;122;BGC LIQUIDEZ DTVM LTDA
CXSE3;20;0,09%;109.029.869;Eletrônico D+1;23/07/2026;13:35:59;Novo (0);Regular (1);39;AGORA CTVM S/A;122;BGC LIQUIDEZ DTVM LTDA
CXSE3;100;0,09%;109.029.879;Eletrônico D+1;23/07/2026;13:35:59;Novo (0);Regular (1);39;AGORA CTVM S/A;122;BGC LIQUIDEZ DTVM LTDA
CXSE3;55;0,09%;109.029.868;Eletrônico D+1;23/07/2026;13:35:59;Novo (0);Regular (1);39;AGORA CTVM S/A;122;BGC LIQUIDEZ DTVM LTDA
CXSE3;20;0,09%;109.029.867;Eletrônico D+1;23/07/2026;13:35:59;Novo (0);Regular (1);39;AGORA CTVM S/A;122;BGC LIQUIDEZ DTVM LTDA
CXSE3;20;0,09%;109.029.877;Eletrônico D+1;23/07/2026;13:35:59;Novo (0);Regular (1);39;AGORA CTVM S/A;122;BGC LIQUIDEZ DTVM LTDA
CXSE3;36;0,09%;109.029.872;Eletrônico D+1;23/07/2026;13:35:59;Novo (0);Regular (1);39;AGORA CTVM S/A;122;BGC LIQUIDEZ DTVM LTDA
CXSE3;60;0,09%;109.029.850;Eletrônico D+1;23/07/2026;13:35:59;Novo (0);Regular (1);39;AGORA CTVM S/A;122;BGC LIQUIDEZ DTVM LTDA
CXSE3;56;0,09%;109.029.873;Eletrônico D+1;23/07/2026;13:35:59;Novo (0);Regular (1);39;AGORA CTVM S/A;122;BGC LIQUIDEZ DTVM LTDA
CXSE3;17;0,09%;109.029.863;Eletrônico D+1;23/07/2026;13:35:59;Novo (0);Regular (1);39;AGORA CTVM S/A;122;BGC LIQUIDEZ DTVM LTDA
CXSE3;110;0,09%;109.029.865;Eletrônico D+1;23/07/2026;13:35:58;Novo (0);Regular (1);39;AGORA CTVM S/A;122;BGC LIQUIDEZ DTVM LTDA
CXSE3;100;0,09%;109.029.870;Eletrônico D+1;23/07/2026;13:35:58;Novo (0);Regular (1);39;AGORA CTVM S/A;122;BGC LIQUIDEZ DTVM LTDA
CXSE3;100;0,09%;109.029.849;Eletrônico D+1;23/07/2026;13:35:58;Novo (0);Regular (1);39;AGORA CTVM S/A;122;BGC LIQUIDEZ DTVM LTDA
CXSE3;59;0,09%;109.029.860;Eletrônico D+1;23/07/2026;13:35:58;Novo (0);Regular (1);39;AGORA CTVM S/A;122;BGC LIQUIDEZ DTVM LTDA
CXSE3;121;0,09%;109.029.866;Eletrônico D+1;23/07/2026;13:35:58;Novo (0);Regular (1);39;AGORA CTVM S/A;122;BGC LIQUIDEZ DTVM LTDA
CXSE3;36;0,09%;109.029.851;Eletrônico D+1;23/07/2026;13:35:58;Novo (0);Regular (1);39;AGORA CTVM S/A;122;BGC LIQUIDEZ DTVM LTDA
CXSE3;31;0,09%;109.029.840;Eletrônico D+1;23/07/2026;13:35:58;Novo (0);Regular (1);39;AGORA CTVM S/A;122;BGC LIQUIDEZ DTVM LTDA
CXSE3;30;0,09%;109.029.857;Eletrônico D+1;23/07/2026;13:35:58;Novo (0);Regular (1);39;AGORA CTVM S/A;122;BGC LIQUIDEZ DTVM LTDA
CXSE3;130;0,09%;109.029.861;Eletrônico D+1;23/07/2026;13:35:58;Novo (0);Regular (1);39;AGORA CTVM S/A;122;BGC LIQUIDEZ DTVM LTDA
CXSE3;110;0,09%;109.029.858;Eletrônico D+1;23/07/2026;13:35:58;Novo (0);Regular (1);39;AGORA CTVM S/A;122;BGC LIQUIDEZ DTVM LTDA
CXSE3;52;0,09%;109.029.864;Eletrônico D+1;23/07/2026;13:35:58;Novo (0);Regular (1);39;AGORA CTVM S/A;122;BGC LIQUIDEZ DTVM LTDA
CXSE3;50;0,09%;109.029.859;Eletrônico D+1;23/07/2026;13:35:58;Novo (0);Regular (1);39;AGORA CTVM S/A;122;BGC LIQUIDEZ DTVM LTDA
CXSE3;33;0,09%;109.029.855;Eletrônico D+1;23/07/2026;13:35:58;Novo (0);Regular (1);39;AGORA CTVM S/A;122;BGC LIQUIDEZ DTVM LTDA
CXSE3;100;0,09%;109.029.862;Eletrônico D+1;23/07/2026;13:35:58;Novo (0);Regular (1);39;AGORA CTVM S/A;122;BGC LIQUIDEZ DTVM LTDA
CXSE3;20;0,09%;109.029.853;Eletrônico D+1;23/07/2026;13:35:58;Novo (0);Regular (1);39;AGORA CTVM S/A;122;BGC LIQUIDEZ DTVM LTDA
CXSE3;20;0,09%;109.029.854;Eletrônico D+1;23/07/2026;13:35:58;Novo (0);Regular (1);39;AGORA CTVM S/A;122;BGC LIQUIDEZ DTVM LTDA
CXSE3;60;0,09%;109.029.852;Eletrônico D+1;23/07/2026;13:35:58;Novo (0);Regular (1);39;AGORA CTVM S/A;122;BGC LIQUIDEZ DTVM LTDA
CXSE3;100;0,09%;109.029.845;Eletrônico D+1;23/07/2026;13:35:58;Novo (0);Regular (1);39;AGORA CTVM S/A;122;BGC LIQUIDEZ DTVM LTDA
CXSE3;55;0,09%;109.029.844;Eletrônico D+1;23/07/2026;13:35:57;Novo (0);Regular (1);39;AGORA CTVM S/A;122;BGC LIQUIDEZ DTVM LTDA
CXSE3;20;0,09%;109.029.841;Eletrônico D+1;23/07/2026;13:35:57;Novo (0);Regular (1);39;AGORA CTVM S/A;122;BGC LIQUIDEZ DTVM LTDA
CXSE3;55;0,09%;109.029.838;Eletrônico D+1;23/07/2026;13:35:57;Novo (0);Regular (1);39;AGORA CTVM S/A;122;BGC LIQUIDEZ DTVM LTDA
CXSE3;35;0,09%;109.029.836;Eletrônico D+1;23/07/2026;13:35:57;Novo (0);Regular (1);39;AGORA CTVM S/A;122;BGC LIQUIDEZ DTVM LTDA
CXSE3;17;0,09%;109.029.848;Eletrônico D+1;23/07/2026;13:35:57;Novo (0);Regular (1);39;AGORA CTVM S/A;122;BGC LIQUIDEZ DTVM LTDA
CXSE3;30;0,09%;109.029.846;Eletrônico D+1;23/07/2026;13:35:57;Novo (0);Regular (1);39;AGORA CTVM S/A;122;BGC LIQUIDEZ DTVM LTDA
CXSE3;17;0,09%;109.029.847;Eletrônico D+1;23/07/2026;13:35:57;Novo (0);Regular (1);39;AGORA CTVM S/A;122;BGC LIQUIDEZ DTVM LTDA
CXSE3;31;0,09%;109.029.842;Eletrônico D+1;23/07/2026;13:35:57;Novo (0);Regular (1);39;AGORA CTVM S/A;122;BGC LIQUIDEZ DTVM LTDA
CXSE3;100;0,09%;109.029.794;Eletrônico D+1;23/07/2026;13:35:57;Novo (0);Regular (1);39;AGORA CTVM S/A;122;BGC LIQUIDEZ DTVM LTDA
CXSE3;60;0,09%;109.029.795;Eletrônico D+1;23/07/2026;13:35:57;Novo (0);Regular (1);39;AGORA CTVM S/A;122;BGC LIQUIDEZ DTVM LTDA
CXSE3;58;0,09%;109.029.843;Eletrônico D+1;23/07/2026;13:35:57;Novo (0);Regular (1);39;AGORA CTVM S/A;122;BGC LIQUIDEZ DTVM LTDA
CXSE3;121;0,09%;109.029.832;Eletrônico D+1;23/07/2026;13:35:57;Novo (0);Regular (1);39;AGORA CTVM S/A;122;BGC LIQUIDEZ DTVM LTDA
CXSE3;20;0,09%;109.029.839;Eletrônico D+1;23/07/2026;13:35:57;Novo (0);Regular (1);39;AGORA CTVM S/A;122;BGC LIQUIDEZ DTVM LTDA
CXSE3;20;0,09%;109.029.831;Eletrônico D+1;23/07/2026;13:35:57;Novo (0);Regular (1);39;AGORA CTVM S/A;122;BGC LIQUIDEZ DTVM LTDA
CXSE3;162;0,09%;109.029.808;Eletrônico D+1;23/07/2026;13:35:57;Novo (0);Regular (1);39;AGORA CTVM S/A;122;BGC LIQUIDEZ DTVM LTDA
CXSE3;54;0,09%;109.029.807;Eletrônico D+1;23/07/2026;13:35:57;Novo (0);Regular (1);39;AGORA CTVM S/A;122;BGC LIQUIDEZ DTVM LTDA
CXSE3;20;0,09%;109.029.837;Eletrônico D+1;23/07/2026;13:35:57;Novo (0);Regular (1);39;AGORA CTVM S/A;122;BGC LIQUIDEZ DTVM LTDA
CXSE3;40;0,09%;109.029.829;Eletrônico D+1;23/07/2026;13:35:57;Novo (0);Regular (1);39;AGORA CTVM S/A;122;BGC LIQUIDEZ DTVM LTDA
CXSE3;100;0,09%;109.029.796;Eletrônico D+1;23/07/2026;13:35:57;Novo (0);Regular (1);39;AGORA CTVM S/A;122;BGC LIQUIDEZ DTVM LTDA
CXSE3;170;0,09%;109.029.803;Eletrônico D+1;23/07/2026;13:35:57;Novo (0);Regular (1);39;AGORA CTVM S/A;122;BGC LIQUIDEZ DTVM LTDA
CXSE3;136;0,09%;109.029.830;Eletrônico D+1;23/07/2026;13:35:56;Novo (0);Regular (1);39;AGORA CTVM S/A;122;BGC LIQUIDEZ DTVM LTDA
CXSE3;53;0,09%;109.029.805;Eletrônico D+1;23/07/2026;13:35:56;Novo (0);Regular (1);39;AGORA CTVM S/A;122;BGC LIQUIDEZ DTVM LTDA
SMAL11;120;9,92%;109.029.804;Eletrônico D+1;23/07/2026;13:35:56;Novo (0);Regular (1);39;AGORA CTVM S/A;122;BGC LIQUIDEZ DTVM LTDA
CXSE3;60;0,09%;109.029.828;Eletrônico D+1;23/07/2026;13:35:56;Novo (0);Regular (1);39;AGORA CTVM S/A;122;BGC LIQUIDEZ DTVM LTDA
CXSE3;100;0,09%;109.029.835;Eletrônico D+1;23/07/2026;13:35:56;Novo (0);Regular (1);39;AGORA CTVM S/A;122;BGC LIQUIDEZ DTVM LTDA
CXSE3;60;0,09%;109.029.833;Eletrônico D+1;23/07/2026;13:35:56;Novo (0);Regular (1);39;AGORA CTVM S/A;122;BGC LIQUIDEZ DTVM LTDA
CXSE3;100;0,09%;109.029.834;Eletrônico D+1;23/07/2026;13:35:56;Novo (0);Regular (1);39;AGORA CTVM S/A;122;BGC LIQUIDEZ DTVM LTDA
CXSE3;21;0,09%;109.029.802;Eletrônico D+1;23/07/2026;13:35:56;Novo (0);Regular (1);39;AGORA CTVM S/A;122;BGC LIQUIDEZ DTVM LTDA
CXSE3;145;0,09%;109.029.809;Eletrônico D+1;23/07/2026;13:35:56;Novo (0);Regular (1);39;AGORA CTVM S/A;122;BGC LIQUIDEZ DTVM LTDA
CXSE3;9;0,09%;109.029.806;Eletrônico D+1;23/07/2026;13:35:56;Novo (0);Regular (1);39;AGORA CTVM S/A;122;BGC LIQUIDEZ DTVM LTDA
CXSE3;75;0,09%;109.029.798;Eletrônico D+1;23/07/2026;13:35:56;Novo (0);Regular (1);39;AGORA CTVM S/A;122;BGC LIQUIDEZ DTVM LTDA
CXSE3;20;0,09%;109.029.797;Eletrônico D+1;23/07/2026;13:35:56;Novo (0);Regular (1);39;AGORA CTVM S/A;122;BGC LIQUIDEZ DTVM LTDA
CXSE3;143;0,09%;109.029.827;Eletrônico D+1;23/07/2026;13:35:56;Novo (0);Regular (1);39;AGORA CTVM S/A;122;BGC LIQUIDEZ DTVM LTDA
CXSE3;100;0,09%;109.029.826;Eletrônico D+1;23/07/2026;13:35:56;Novo (0);Regular (1);39;AGORA CTVM S/A;122;BGC LIQUIDEZ DTVM LTDA
CXSE3;38;0,09%;109.029.824;Eletrônico D+1;23/07/2026;13:35:56;Novo (0);Regular (1);39;AGORA CTVM S/A;122;BGC LIQUIDEZ DTVM LTDA
CXSE3;71;0,09%;109.029.822;Eletrônico D+1;23/07/2026;13:35:56;Novo (0);Regular (1);39;AGORA CTVM S/A;122;BGC LIQUIDEZ DTVM LTDA
CXSE3;150;0,09%;109.029.821;Eletrônico D+1;23/07/2026;13:35:56;Novo (0);Regular (1);39;AGORA CTVM S/A;122;BGC LIQUIDEZ DTVM LTDA
CXSE3;171;0,09%;109.029.823;Eletrônico D+1;23/07/2026;13:35:56;Novo (0);Regular (1);39;AGORA CTVM S/A;122;BGC LIQUIDEZ DTVM LTDA
CXSE3;100;0,09%;109.029.819;Eletrônico D+1;23/07/2026;13:35:56;Novo (0);Regular (1);39;AGORA CTVM S/A;122;BGC LIQUIDEZ DTVM LTDA
CXSE3;70;0,09%;109.029.820;Eletrônico D+1;23/07/2026;13:35:56;Novo (0);Regular (1);39;AGORA CTVM S/A;122;BGC LIQUIDEZ DTVM LTDA
CXSE3;136;0,09%;109.029.825;Eletrônico D+1;23/07/2026;13:35:56;Novo (0);Regular (1);39;AGORA CTVM S/A;122;BGC LIQUIDEZ DTVM LTDA
CXSE3;200;0,09%;109.029.793;Eletrônico D+1;23/07/2026;13:35:56;Novo (0);Regular (1);39;AGORA CTVM S/A;122;BGC LIQUIDEZ DTVM LTDA
CXSE3;80;0,09%;109.029.791;Eletrônico D+1;23/07/2026;13:35:56;Novo (0);Regular (1);39;AGORA CTVM S/A;122;BGC LIQUIDEZ DTVM LTDA
CXSE3;41;0,09%;109.029.801;Eletrônico D+1;23/07/2026;13:35:56;Novo (0);Regular (1);39;AGORA CTVM S/A;122;BGC LIQUIDEZ DTVM LTDA
CXSE3;100;0,09%;109.029.789;Eletrônico D+1;23/07/2026;13:35:56;Novo (0);Regular (1);39;AGORA CTVM S/A;122;BGC LIQUIDEZ DTVM LTDA
CXSE3;39;0,09%;109.029.800;Eletrônico D+1;23/07/2026;13:35:56;Novo (0);Regular (1);39;AGORA CTVM S/A;122;BGC LIQUIDEZ DTVM LTDA
CXSE3;41;0,09%;109.029.788;Eletrônico D+1;23/07/2026;13:35:56;Novo (0);Regular (1);39;AGORA CTVM S/A;122;BGC LIQUIDEZ DTVM LTDA
CXSE3;30;0,09%;109.029.818;Eletrônico D+1;23/07/2026;13:35:56;Novo (0);Regular (1);39;AGORA CTVM S/A;122;BGC LIQUIDEZ DTVM LTDA
CXSE3;72;0,09%;109.029.799;Eletrônico D+1;23/07/2026;13:35:56;Novo (0);Regular (1);39;AGORA CTVM S/A;122;BGC LIQUIDEZ DTVM LTDA
CXSE3;100;0,09%;109.029.810;Eletrônico D+1;23/07/2026;13:35:56;Novo (0);Regular (1);39;AGORA CTVM S/A;122;BGC LIQUIDEZ DTVM LTDA
CXSE3;100;0,09%;109.029.783;Eletrônico D+1;23/07/2026;13:35:56;Novo (0);Regular (1);39;AGORA CTVM S/A;122;BGC LIQUIDEZ DTVM LTDA
CXSE3;18;0,09%;109.029.814;Eletrônico D+1;23/07/2026;13:35:56;Novo (0);Regular (1);39;AGORA CTVM S/A;122;BGC LIQUIDEZ DTVM LTDA
CXSE3;40;0,09%;109.029.811;Eletrônico D+1;23/07/2026;13:35:56;Novo (0);Regular (1);39;AGORA CTVM S/A;122;BGC LIQUIDEZ DTVM LTDA
CXSE3;135;0,09%;109.029.815;Eletrônico D+1;23/07/2026;13:35:56;Novo (0);Regular (1);39;AGORA CTVM S/A;122;BGC LIQUIDEZ DTVM LTDA
CXSE3;100;0,09%;109.029.785;Eletrônico D+1;23/07/2026;13:35:56;Novo (0);Regular (1);39;AGORA CTVM S/A;122;BGC LIQUIDEZ DTVM LTDA
CXSE3;200;0,09%;109.029.790;Eletrônico D+1;23/07/2026;13:35:56;Novo (0);Regular (1);39;AGORA CTVM S/A;122;BGC LIQUIDEZ DTVM LTDA
CXSE3;20;0,09%;109.029.813;Eletrônico D+1;23/07/2026;13:35:56;Novo (0);Regular (1);39;AGORA CTVM S/A;122;BGC LIQUIDEZ DTVM LTDA
CXSE3;176;0,09%;109.029.812;Eletrônico D+1;23/07/2026;13:35:56;Novo (0);Regular (1);39;AGORA CTVM S/A;122;BGC LIQUIDEZ DTVM LTDA
CXSE3;31;0,09%;109.029.784;Eletrônico D+1;23/07/2026;13:35:56;Novo (0);Regular (1);39;AGORA CTVM S/A;122;BGC LIQUIDEZ DTVM LTDA
CXSE3;76;0,09%;109.029.792;Eletrônico D+1;23/07/2026;13:35:56;Novo (0);Regular (1);39;AGORA CTVM S/A;122;BGC LIQUIDEZ DTVM LTDA
CXSE3;32;0,09%;109.029.787;Eletrônico D+1;23/07/2026;13:35:55;Novo (0);Regular (1);39;AGORA CTVM S/A;122;BGC LIQUIDEZ DTVM LTDA
CXSE3;150;0,09%;109.029.817;Eletrônico D+1;23/07/2026;13:35:55;Novo (0);Regular (1);39;AGORA CTVM S/A;122;BGC LIQUIDEZ DTVM LTDA
CXSE3;35;0,09%;109.029.816;Eletrônico D+1;23/07/2026;13:35:55;Novo (0);Regular (1);39;AGORA CTVM S/A;122;BGC LIQUIDEZ DTVM LTDA
CXSE3;53;0,09%;109.029.786;Eletrônico D+1;23/07/2026;13:35:55;Novo (0);Regular (1);39;AGORA CTVM S/A;122;BGC LIQUIDEZ DTVM LTDA
CXSE3;72;0,09%;109.029.775;Eletrônico D+1;23/07/2026;13:35:55;Novo (0);Regular (1);39;AGORA CTVM S/A;122;BGC LIQUIDEZ DTVM LTDA
CXSE3;56;0,09%;109.029.782;Eletrônico D+1;23/07/2026;13:35:55;Novo (0);Regular (1);39;AGORA CTVM S/A;122;BGC LIQUIDEZ DTVM LTDA
CXSE3;40;0,09%;109.029.781;Eletrônico D+1;23/07/2026;13:35:55;Novo (0);Regular (1);39;AGORA CTVM S/A;122;BGC LIQUIDEZ DTVM LTDA
CXSE3;36;0,09%;109.029.780;Eletrônico D+1;23/07/2026;13:35:55;Novo (0);Regular (1);39;AGORA CTVM S/A;122;BGC LIQUIDEZ DTVM LTDA
CXSE3;200;0,09%;109.029.773;Eletrônico D+1;23/07/2026;13:35:55;Novo (0);Regular (1);39;AGORA CTVM S/A;122;BGC LIQUIDEZ DTVM LTDA
CXSE3;42;0,09%;109.029.779;Eletrônico D+1;23/07/2026;13:35:55;Novo (0);Regular (1);39;AGORA CTVM S/A;122;BGC LIQUIDEZ DTVM LTDA
CXSE3;43;0,09%;109.029.766;Eletrônico D+1;23/07/2026;13:35:55;Novo (0);Regular (1);39;AGORA CTVM S/A;122;BGC LIQUIDEZ DTVM LTDA
CXSE3;100;0,09%;109.029.774;Eletrônico D+1;23/07/2026;13:35:55;Novo (0);Regular (1);39;AGORA CTVM S/A;122;BGC LIQUIDEZ DTVM LTDA
CXSE3;200;0,09%;109.029.768;Eletrônico D+1;23/07/2026;13:35:55;Novo (0);Regular (1);39;AGORA CTVM S/A;122;BGC LIQUIDEZ DTVM LTDA
CXSE3;200;0,09%;109.029.767;Eletrônico D+1;23/07/2026;13:35:55;Novo (0);Regular (1);39;AGORA CTVM S/A;122;BGC LIQUIDEZ DTVM LTDA
CXSE3;42;0,09%;109.029.776;Eletrônico D+1;23/07/2026;13:35:55;Novo (0);Regular (1);39;AGORA CTVM S/A;122;BGC LIQUIDEZ DTVM LTDA
CXSE3;22;0,09%;109.029.772;Eletrônico D+1;23/07/2026;13:35:55;Novo (0);Regular (1);39;AGORA CTVM S/A;122;BGC LIQUIDEZ DTVM LTDA
CXSE3;200;0,09%;109.029.777;Eletrônico D+1;23/07/2026;13:35:55;Novo (0);Regular (1);39;AGORA CTVM S/A;122;BGC LIQUIDEZ DTVM LTDA
CXSE3;20;0,09%;109.029.778;Eletrônico D+1;23/07/2026;13:35:55;Novo (0);Regular (1);39;AGORA CTVM S/A;122;BGC LIQUIDEZ DTVM LTDA
CXSE3;22;0,09%;109.029.771;Eletrônico D+1;23/07/2026;13:35:55;Novo (0);Regular (1);39;AGORA CTVM S/A;122;BGC LIQUIDEZ DTVM LTDA
CXSE3;200;0,09%;109.029.739;Eletrônico D+1;23/07/2026;13:35:55;Novo (0);Regular (1);39;AGORA CTVM S/A;122;BGC LIQUIDEZ DTVM LTDA
CXSE3;47;0,09%;109.029.757;Eletrônico D+1;23/07/2026;13:35:55;Novo (0);Regular (1);39;AGORA CTVM S/A;122;BGC LIQUIDEZ DTVM LTDA
CXSE3;103;0,09%;109.029.763;Eletrônico D+1;23/07/2026;13:35:55;Novo (0);Regular (1);39;AGORA CTVM S/A;122;BGC LIQUIDEZ DTVM LTDA
CXSE3;200;0,09%;109.029.742;Eletrônico D+1;23/07/2026;13:35:54;Novo (0);Regular (1);39;AGORA CTVM S/A;122;BGC LIQUIDEZ DTVM LTDA
CXSE3;100;0,09%;109.029.748;Eletrônico D+1;23/07/2026;13:35:54;Novo (0);Regular (1);39;AGORA CTVM S/A;122;BGC LIQUIDEZ DTVM LTDA
CXSE3;102;0,09%;109.029.769;Eletrônico D+1;23/07/2026;13:35:54;Novo (0);Regular (1);39;AGORA CTVM S/A;122;BGC LIQUIDEZ DTVM LTDA
CXSE3;45;0,09%;109.029.762;Eletrônico D+1;23/07/2026;13:35:54;Novo (0);Regular (1);39;AGORA CTVM S/A;122;BGC LIQUIDEZ DTVM LTDA
CXSE3;80;0,09%;109.029.764;Eletrônico D+1;23/07/2026;13:35:54;Novo (0);Regular (1);39;AGORA CTVM S/A;122;BGC LIQUIDEZ DTVM LTDA
CXSE3;25;0,09%;109.029.753;Eletrônico D+1;23/07/2026;13:35:54;Novo (0);Regular (1);39;AGORA CTVM S/A;122;BGC LIQUIDEZ DTVM LTDA
CXSE3;80;0,09%;109.029.770;Eletrônico D+1;23/07/2026;13:35:54;Novo (0);Regular (1);39;AGORA CTVM S/A;122;BGC LIQUIDEZ DTVM LTDA
CXSE3;200;0,09%;109.029.749;Eletrônico D+1;23/07/2026;13:35:54;Novo (0);Regular (1);39;AGORA CTVM S/A;122;BGC LIQUIDEZ DTVM LTDA
CXSE3;191;0,09%;109.029.750;Eletrônico D+1;23/07/2026;13:35:54;Novo (0);Regular (1);39;AGORA CTVM S/A;122;BGC LIQUIDEZ DTVM LTDA
CXSE3;84;0,09%;109.029.738;Eletrônico D+1;23/07/2026;13:35:54;Novo (0);Regular (1);39;AGORA CTVM S/A;122;BGC LIQUIDEZ DTVM LTDA
CXSE3;23;0,09%;109.029.756;Eletrônico D+1;23/07/2026;13:35:54;Novo (0);Regular (1);39;AGORA CTVM S/A;122;BGC LIQUIDEZ DTVM LTDA
CXSE3;80;0,09%;109.029.755;Eletrônico D+1;23/07/2026;13:35:54;Novo (0);Regular (1);39;AGORA CTVM S/A;122;BGC LIQUIDEZ DTVM LTDA
CXSE3;80;0,09%;109.029.765;Eletrônico D+1;23/07/2026;13:35:54;Novo (0);Regular (1);39;AGORA CTVM S/A;122;BGC LIQUIDEZ DTVM LTDA
CXSE3;60;0,09%;109.029.746;Eletrônico D+1;23/07/2026;13:35:54;Novo (0);Regular (1);39;AGORA CTVM S/A;122;BGC LIQUIDEZ DTVM LTDA
CXSE3;100;0,09%;109.029.747;Eletrônico D+1;23/07/2026;13:35:54;Novo (0);Regular (1);39;AGORA CTVM S/A;122;BGC LIQUIDEZ DTVM LTDA
CXSE3;103;0,09%;109.029.761;Eletrônico D+1;23/07/2026;13:35:54;Novo (0);Regular (1);39;AGORA CTVM S/A;122;BGC LIQUIDEZ DTVM LTDA
CXSE3;49;0,09%;109.029.752;Eletrônico D+1;23/07/2026;13:35:54;Novo (0);Regular (1);39;AGORA CTVM S/A;122;BGC LIQUIDEZ DTVM LTDA
CXSE3;200;0,09%;109.029.754;Eletrônico D+1;23/07/2026;13:35:54;Novo (0);Regular (1);39;AGORA CTVM S/A;122;BGC LIQUIDEZ DTVM LTDA
CXSE3;81;0,09%;109.029.751;Eletrônico D+1;23/07/2026;13:35:54;Novo (0);Regular (1);39;AGORA CTVM S/A;122;BGC LIQUIDEZ DTVM LTDA
CXSE3;200;0,09%;109.029.760;Eletrônico D+1;23/07/2026;13:35:54;Novo (0);Regular (1);39;AGORA CTVM S/A;122;BGC LIQUIDEZ DTVM LTDA
CXSE3;45;0,09%;109.029.758;Eletrônico D+1;23/07/2026;13:35:54;Novo (0);Regular (1);39;AGORA CTVM S/A;122;BGC LIQUIDEZ DTVM LTDA
CXSE3;23;0,09%;109.029.759;Eletrônico D+1;23/07/2026;13:35:54;Novo (0);Regular (1);39;AGORA CTVM S/A;122;BGC LIQUIDEZ DTVM LTDA
CXSE3;200;0,09%;109.029.744;Eletrônico D+1;23/07/2026;13:35:54;Novo (0);Regular (1);39;AGORA CTVM S/A;122;BGC LIQUIDEZ DTVM LTDA
CXSE3;50;0,09%;109.029.736;Eletrônico D+1;23/07/2026;13:35:54;Novo (0);Regular (1);39;AGORA CTVM S/A;122;BGC LIQUIDEZ DTVM LTDA
CXSE3;20;0,09%;109.029.733;Eletrônico D+1;23/07/2026;13:35:54;Novo (0);Regular (1);39;AGORA CTVM S/A;122;BGC LIQUIDEZ DTVM LTDA
CXSE3;20;0,09%;109.029.741;Eletrônico D+1;23/07/2026;13:35:54;Novo (0);Regular (1);39;AGORA CTVM S/A;122;BGC LIQUIDEZ DTVM LTDA
CXSE3;77;0,09%;109.029.745;Eletrônico D+1;23/07/2026;13:35:54;Novo (0);Regular (1);39;AGORA CTVM S/A;122;BGC LIQUIDEZ DTVM LTDA
CXSE3;100;0,09%;109.029.743;Eletrônico D+1;23/07/2026;13:35:54;Novo (0);Regular (1);39;AGORA CTVM S/A;122;BGC LIQUIDEZ DTVM LTDA
CXSE3;28;0,09%;109.029.740;Eletrônico D+1;23/07/2026;13:35:54;Novo (0);Regular (1);39;AGORA CTVM S/A;122;BGC LIQUIDEZ DTVM LTDA
CXSE3;50;0,09%;109.029.735;Eletrônico D+1;23/07/2026;13:35:53;Novo (0);Regular (1);39;AGORA CTVM S/A;122;BGC LIQUIDEZ DTVM LTDA
CXSE3;200;0,09%;109.029.731;Eletrônico D+1;23/07/2026;13:35:53;Novo (0);Regular (1);39;AGORA CTVM S/A;122;BGC LIQUIDEZ DTVM LTDA
CXSE3;200;0,09%;109.029.737;Eletrônico D+1;23/07/2026;13:35:53;Novo (0);Regular (1);39;AGORA CTVM S/A;122;BGC LIQUIDEZ DTVM LTDA
CXSE3;100;0,09%;109.029.734;Eletrônico D+1;23/07/2026;13:35:53;Novo (0);Regular (1);39;AGORA CTVM S/A;122;BGC LIQUIDEZ DTVM LTDA
CXSE3;27;0,09%;109.029.732;Eletrônico D+1;23/07/2026;13:35:53;Novo (0);Regular (1);39;AGORA CTVM S/A;122;BGC LIQUIDEZ DTVM LTDA
CXSE3;78;0,09%;109.029.730;Eletrônico D+1;23/07/2026;13:35:53;Novo (0);Regular (1);39;AGORA CTVM S/A;122;BGC LIQUIDEZ DTVM LTDA
CXSE3;78;0,09%;109.029.729;Eletrônico D+1;23/07/2026;13:35:53;Novo (0);Regular (1);39;AGORA CTVM S/A;122;BGC LIQUIDEZ DTVM LTDA
CXSE3;50;0,09%;109.029.728;Eletrônico D+1;23/07/2026;13:35:53;Novo (0);Regular (1);39;AGORA CTVM S/A;122;BGC LIQUIDEZ DTVM LTDA
CXSE3;107;0,09%;109.029.727;Eletrônico D+1;23/07/2026;13:35:53;Novo (0);Regular (1);39;AGORA CTVM S/A;122;BGC LIQUIDEZ DTVM LTDA
CXSE3;85;0,09%;109.029.726;Eletrônico D+1;23/07/2026;13:35:53;Novo (0);Regular (1);39;AGORA CTVM S/A;122;BGC LIQUIDEZ DTVM LTDA
CXSE3;84;0,09%;109.029.724;Eletrônico D+1;23/07/2026;13:35:53;Novo (0);Regular (1);39;AGORA CTVM S/A;122;BGC LIQUIDEZ DTVM LTDA
CXSE3;88;0,09%;109.029.722;Eletrônico D+1;23/07/2026;13:35:53;Novo (0);Regular (1);39;AGORA CTVM S/A;122;BGC LIQUIDEZ DTVM LTDA
CXSE3;28;0,09%;109.029.723;Eletrônico D+1;23/07/2026;13:35:53;Novo (0);Regular (1);39;AGORA CTVM S/A;122;BGC LIQUIDEZ DTVM LTDA
CXSE3;108;0,09%;109.029.725;Eletrônico D+1;23/07/2026;13:35:53;Novo (0);Regular (1);39;AGORA CTVM S/A;122;BGC LIQUIDEZ DTVM LTDA
CXSE3;104;0,09%;109.029.719;Eletrônico D+1;23/07/2026;13:35:53;Novo (0);Regular (1);39;AGORA CTVM S/A;122;BGC LIQUIDEZ DTVM LTDA
CXSE3;200;0,09%;109.029.720;Eletrônico D+1;23/07/2026;13:35:53;Novo (0);Regular (1);39;AGORA CTVM S/A;122;BGC LIQUIDEZ DTVM LTDA
CURY3;100;1,21%;109.029.718;Eletrônico D+1;23/07/2026;13:35:53;Novo (0);Regular (1);39;AGORA CTVM S/A;122;BGC LIQUIDEZ DTVM LTDA
CXSE3;25;0,09%;109.029.714;Eletrônico D+1;23/07/2026;13:35:53;Novo (0);Regular (1);39;AGORA CTVM S/A;122;BGC LIQUIDEZ DTVM LTDA
CXSE3;108;0,09%;109.029.715;Eletrônico D+1;23/07/2026;13:35:53;Novo (0);Regular (1);39;AGORA CTVM S/A;122;BGC LIQUIDEZ DTVM LTDA
CXSE3;105;0,09%;109.029.716;Eletrônico D+1;23/07/2026;13:35:53;Novo (0);Regular (1);39;AGORA CTVM S/A;122;BGC LIQUIDEZ DTVM LTDA
CXSE3;200;0,09%;109.029.721;Eletrônico D+1;23/07/2026;13:35:53;Novo (0);Regular (1);39;AGORA CTVM S/A;122;BGC LIQUIDEZ DTVM LTDA
CXSE3;88;0,09%;109.029.717;Eletrônico D+1;23/07/2026;13:35:53;Novo (0);Regular (1);39;AGORA CTVM S/A;122;BGC LIQUIDEZ DTVM LTDA
CXSE3;28;0,09%;109.029.713;Eletrônico D+1;23/07/2026;13:35:52;Novo (0);Regular (1);39;AGORA CTVM S/A;122;BGC LIQUIDEZ DTVM LTDA
CXSE3;25;0,09%;109.029.712;Eletrônico D+1;23/07/2026;13:35:51;Novo (0);Regular (1);39;AGORA CTVM S/A;122;BGC LIQUIDEZ DTVM LTDA
BBSE3;7;0,88%;109.029.707;Eletrônico D+1;23/07/2026;13:35:50;Novo (0);Regular (1);39;AGORA CTVM S/A;122;BGC LIQUIDEZ DTVM LTDA
CXSE3;50;0,09%;109.029.710;Eletrônico D+1;23/07/2026;13:35:50;Novo (0);Regular (1);39;AGORA CTVM S/A;122;BGC LIQUIDEZ DTVM LTDA
CXSE3;90;0,09%;109.029.711;Eletrônico D+1;23/07/2026;13:35:50;Novo (0);Regular (1);39;AGORA CTVM S/A;122;BGC LIQUIDEZ DTVM LTDA
CXSE3;48;0,09%;109.029.709;Eletrônico D+1;23/07/2026;13:35:50;Novo (0);Regular (1);39;AGORA CTVM S/A;122;BGC LIQUIDEZ DTVM LTDA
CXSE3;50;0,09%;109.029.708;Eletrônico D+1;23/07/2026;13:35:50;Novo (0);Regular (1);39;AGORA CTVM S/A;122;BGC LIQUIDEZ DTVM LTDA
GMAT3;236;2,34%;109.029.697;Balcão;23/07/2026;13:30:52;Novo (0);Regular (1);122;BGC LIQUIDEZ DTVM LTDA;122;BGC LIQUIDEZ DTVM LTDA
PGMN3;125;0,07%;109.029.704;Balcão;23/07/2026;13:30:52;Novo (0);Regular (1);122;BGC LIQUIDEZ DTVM LTDA;122;BGC LIQUIDEZ DTVM LTDA
VULC3;111;0,12%;109.029.705;Balcão;23/07/2026;13:30:51;Novo (0);Regular (1);122;BGC LIQUIDEZ DTVM LTDA;122;BGC LIQUIDEZ DTVM LTDA
PGMN3;875;0,07%;109.029.706;Balcão;23/07/2026;13:30:51;Novo (0);Regular (1);122;BGC LIQUIDEZ DTVM LTDA;122;BGC LIQUIDEZ DTVM LTDA
AURE3;885;0,04%;109.029.702;Balcão;23/07/2026;13:30:51;Novo (0);Regular (1);122;BGC LIQUIDEZ DTVM LTDA;122;BGC LIQUIDEZ DTVM LTDA
CYRE3;581;0,08%;109.029.699;Balcão;23/07/2026;13:30:51;Novo (0);Regular (1);122;BGC LIQUIDEZ DTVM LTDA;122;BGC LIQUIDEZ DTVM LTDA
CYRE3;176;0,08%;109.029.701;Balcão;23/07/2026;13:30:51;Novo (0);Regular (1);122;BGC LIQUIDEZ DTVM LTDA;122;BGC LIQUIDEZ DTVM LTDA
GMAT3;764;2,34%;109.029.685;Balcão;23/07/2026;13:30:50;Novo (0);Regular (1);122;BGC LIQUIDEZ DTVM LTDA;122;BGC LIQUIDEZ DTVM LTDA
RECV3;300;1,89%;109.029.692;Balcão;23/07/2026;13:30:50;Novo (0);Regular (1);122;BGC LIQUIDEZ DTVM LTDA;122;BGC LIQUIDEZ DTVM LTDA
CYRE3;243;0,08%;109.029.687;Balcão;23/07/2026;13:30:50;Novo (0);Regular (1);122;BGC LIQUIDEZ DTVM LTDA;122;BGC LIQUIDEZ DTVM LTDA
VULC3;185;0,12%;109.029.684;Balcão;23/07/2026;13:30:50;Novo (0);Regular (1);122;BGC LIQUIDEZ DTVM LTDA;122;BGC LIQUIDEZ DTVM LTDA
VULC3;309;0,12%;109.029.682;Balcão;23/07/2026;13:30:49;Novo (0);Regular (1);122;BGC LIQUIDEZ DTVM LTDA;122;BGC LIQUIDEZ DTVM LTDA
ASAI3;501;18,34%;109.023.970;Balcão;23/07/2026;13:30:47;Novo (0);Regular (1);39;AGORA CTVM S/A;39;AGORA CTVM S/A
ASAI3;691;18,34%;109.023.925;Balcão;23/07/2026;13:30:47;Novo (0);Regular (1);39;AGORA CTVM S/A;39;AGORA CTVM S/A
ASAI3;426;18,34%;109.023.937;Balcão;23/07/2026;13:30:47;Novo (0);Regular (1);39;AGORA CTVM S/A;39;AGORA CTVM S/A
ASAI3;448;18,34%;109.023.986;Balcão;23/07/2026;13:30:47;Novo (0);Regular (1);39;AGORA CTVM S/A;39;AGORA CTVM S/A
ASAI3;130;18,34%;109.023.983;Balcão;23/07/2026;13:30:47;Novo (0);Regular (1);39;AGORA CTVM S/A;39;AGORA CTVM S/A
ASAI3;4.194;18,34%;109.023.965;Balcão;23/07/2026;13:30:46;Novo (0);Regular (1);39;AGORA CTVM S/A;39;AGORA CTVM S/A
ASAI3;177;18,34%;109.023.964;Balcão;23/07/2026;13:30:46;Novo (0);Regular (1);39;AGORA CTVM S/A;39;AGORA CTVM S/A
ASAI3;2.445;18,34%;109.023.979;Balcão;23/07/2026;13:30:46;Novo (0);Regular (1);39;AGORA CTVM S/A;39;AGORA CTVM S/A
ASAI3;250;18,34%;109.023.960;Balcão;23/07/2026;13:30:46;Novo (0);Regular (1);39;AGORA CTVM S/A;39;AGORA CTVM S/A
ASAI3;596;18,34%;109.023.957;Balcão;23/07/2026;13:30:46;Novo (0);Regular (1);39;AGORA CTVM S/A;39;AGORA CTVM S/A
AURE3;1.115;0,04%;109.029.681;Balcão;23/07/2026;13:30:45;Novo (0);Regular (1);122;BGC LIQUIDEZ DTVM LTDA;122;BGC LIQUIDEZ DTVM LTDA
VULC3;395;0,12%;109.029.679;Balcão;23/07/2026;13:30:45;Novo (0);Regular (1);122;BGC LIQUIDEZ DTVM LTDA;122;BGC LIQUIDEZ DTVM LTDA
UGPA3;593;0,11%;109.029.680;Balcão;23/07/2026;13:30:45;Novo (0);Regular (1);122;BGC LIQUIDEZ DTVM LTDA;122;BGC LIQUIDEZ DTVM LTDA
HAPV3;155;0,24%;109.024.042;Balcão;23/07/2026;13:30:41;Novo (0);Regular (1);39;AGORA CTVM S/A;39;AGORA CTVM S/A
HAPV3;167;0,24%;109.023.993;Balcão;23/07/2026;13:30:40;Novo (0);Regular (1);39;AGORA CTVM S/A;39;AGORA CTVM S/A
HAPV3;104;0,24%;109.024.017;Balcão;23/07/2026;13:30:40;Novo (0);Regular (1);39;AGORA CTVM S/A;39;AGORA CTVM S/A
HAPV3;137;0,24%;109.024.005;Balcão;23/07/2026;13:30:40;Novo (0);Regular (1);39;AGORA CTVM S/A;39;AGORA CTVM S/A
HAPV3;157;0,24%;109.024.000;Balcão;23/07/2026;13:30:40;Novo (0);Regular (1);39;AGORA CTVM S/A;39;AGORA CTVM S/A
HAPV3;237;0,24%;109.024.026;Balcão;23/07/2026;13:30:40;Novo (0);Regular (1);39;AGORA CTVM S/A;39;AGORA CTVM S/A
HAPV3;342;0,24%;109.023.998;Balcão;23/07/2026;13:30:40;Novo (0);Regular (1);39;AGORA CTVM S/A;39;AGORA CTVM S/A
HAPV3;4.421;0,24%;109.023.981;Balcão;23/07/2026;13:30:37;Novo (0);Regular (1);39;AGORA CTVM S/A;39;AGORA CTVM S/A
HAPV3;1.004;0,24%;109.023.989;Balcão;23/07/2026;13:30:37;Novo (0);Regular (1);39;AGORA CTVM S/A;39;AGORA CTVM S/A
VIVT3;659;0,10%;109.027.115;Eletrônico D+1;23/07/2026;13:27:46;Novo (0);Regular (1);122;BGC LIQUIDEZ DTVM LTDA;122;BGC LIQUIDEZ DTVM LTDA
VIVT3;305;0,10%;109.027.107;Eletrônico D+1;23/07/2026;13:27:45;Novo (0);Regular (1);122;BGC LIQUIDEZ DTVM LTDA;122;BGC LIQUIDEZ DTVM LTDA
VIVT3;10.365;0,10%;109.027.117;Eletrônico D+1;23/07/2026;13:27:45;Novo (0);Regular (1);122;BGC LIQUIDEZ DTVM LTDA;122;BGC LIQUIDEZ DTVM LTDA
VIVT3;776;0,10%;109.027.112;Eletrônico D+1;23/07/2026;13:27:45;Novo (0);Regular (1);122;BGC LIQUIDEZ DTVM LTDA;122;BGC LIQUIDEZ DTVM LTDA
VIVT3;605;0,10%;109.027.119;Eletrônico D+1;23/07/2026;13:27:45;Novo (0);Regular (1);122;BGC LIQUIDEZ DTVM LTDA;122;BGC LIQUIDEZ DTVM LTDA
VIVT3;542;0,10%;109.027.114;Eletrônico D+1;23/07/2026;13:27:42;Novo (0);Regular (1);122;BGC LIQUIDEZ DTVM LTDA;122;BGC LIQUIDEZ DTVM LTDA
VIVT3;5.178;0,10%;109.027.116;Eletrônico D+1;23/07/2026;13:27:42;Novo (0);Regular (1);122;BGC LIQUIDEZ DTVM LTDA;122;BGC LIQUIDEZ DTVM LTDA
VIVT3;2.693;0,10%;109.027.108;Eletrônico D+1;23/07/2026;13:27:42;Novo (0);Regular (1);122;BGC LIQUIDEZ DTVM LTDA;122;BGC LIQUIDEZ DTVM LTDA
VIVT3;4.930;0,10%;109.027.105;Eletrônico D+1;23/07/2026;13:27:42;Novo (0);Regular (1);122;BGC LIQUIDEZ DTVM LTDA;122;BGC LIQUIDEZ DTVM LTDA
VIVT3;51.110;0,10%;109.027.106;Eletrônico D+1;23/07/2026;13:27:42;Novo (0);Regular (1);122;BGC LIQUIDEZ DTVM LTDA;122;BGC LIQUIDEZ DTVM LTDA
VIVT3;2.996;0,10%;109.027.118;Eletrônico D+1;23/07/2026;13:27:42;Novo (0);Regular (1);122;BGC LIQUIDEZ DTVM LTDA;122;BGC LIQUIDEZ DTVM LTDA
VIVT3;3.142;0,10%;109.027.110;Eletrônico D+1;23/07/2026;13:27:41;Novo (0);Regular (1);122;BGC LIQUIDEZ DTVM LTDA;122;BGC LIQUIDEZ DTVM LTDA
VIVT3;9.204;0,10%;109.027.111;Eletrônico D+1;23/07/2026;13:27:41;Novo (0);Regular (1);122;BGC LIQUIDEZ DTVM LTDA;122;BGC LIQUIDEZ DTVM LTDA
VIVT3;570;0,10%;109.027.109;Eletrônico D+1;23/07/2026;13:27:41;Novo (0);Regular (1);122;BGC LIQUIDEZ DTVM LTDA;122;BGC LIQUIDEZ DTVM LTDA
VIVT3;6.925;0,10%;109.027.113;Eletrônico D+1;23/07/2026;13:27:41;Novo (0);Regular (1);122;BGC LIQUIDEZ DTVM LTDA;122;BGC LIQUIDEZ DTVM LTDA
TOTS3;42.342;0,06%;109.027.104;Eletrônico D+1;23/07/2026;13:27:33;Novo (0);Regular (1);39;AGORA CTVM S/A;39;AGORA CTVM S/A
TOTS3;5.395;0,06%;109.027.102;Eletrônico D+1;23/07/2026;13:27:33;Novo (0);Regular (1);39;AGORA CTVM S/A;39;AGORA CTVM S/A
TOTS3;1.410;0,06%;109.027.103;Eletrônico D+1;23/07/2026;13:27:33;Novo (0);Regular (1);39;AGORA CTVM S/A;39;AGORA CTVM S/A
TOTS3;2.370;0,06%;109.027.093;Eletrônico D+1;23/07/2026;13:27:32;Novo (0);Regular (1);39;AGORA CTVM S/A;39;AGORA CTVM S/A
SMFT3;382;0,07%;109.027.094;Eletrônico D+1;23/07/2026;13:27:32;Novo (0);Regular (1);39;AGORA CTVM S/A;39;AGORA CTVM S/A
BRKM5;3.301;18,15%;109.025.877;Eletrônico D+1;23/07/2026;13:25:57;Novo (0);Regular (1);39;AGORA CTVM S/A;39;AGORA CTVM S/A
B3SA3;2;0,02%;109.025.911;Eletrônico D+1;23/07/2026;13:25:49;Novo (0);Regular (1);39;AGORA CTVM S/A;39;AGORA CTVM S/A
VAMO3;600;0,07%;109.025.908;Eletrônico D+1;23/07/2026;13:25:49;Novo (0);Regular (1);39;AGORA CTVM S/A;39;AGORA CTVM S/A
CXSE3;18.603;0,09%;109.025.904;Eletrônico D+1;23/07/2026;13:25:48;Novo (0);Regular (1);39;AGORA CTVM S/A;39;AGORA CTVM S/A
ALOS3;103;0,06%;109.025.721;Eletrônico D+1;23/07/2026;13:24:44;Novo (0);Regular (1);39;AGORA CTVM S/A;39;AGORA CTVM S/A
CSAN3;128.570;3,11%;109.025.720;Eletrônico D+1;23/07/2026;13:24:44;Novo (0);Regular (1);39;AGORA CTVM S/A;39;AGORA CTVM S/A
B3SA3;189.329;0,02%;109.025.716;Eletrônico D+1;23/07/2026;13:24:43;Novo (0);Regular (1);39;AGORA CTVM S/A;39;AGORA CTVM S/A
AZZA3;100.000;24,00%;109.025.719;Eletrônico D+1;23/07/2026;13:24:43;Novo (0);Regular (1);39;AGORA CTVM S/A;39;AGORA CTVM S/A
BRAV3;29;12,76%;109.025.717;Eletrônico D+1;23/07/2026;13:24:43;Novo (0);Regular (1);39;AGORA CTVM S/A;39;AGORA CTVM S/A
B3SA3;460.120;0,02%;109.025.718;Eletrônico D+1;23/07/2026;13:24:43;Novo (0);Regular (1);39;AGORA CTVM S/A;39;AGORA CTVM S/A
CXSE3;23.680;0,09%;109.025.704;Eletrônico D+1;23/07/2026;13:24:42;Novo (0);Regular (1);39;AGORA CTVM S/A;39;AGORA CTVM S/A
SMFT3;5.085;0,07%;109.025.205;Eletrônico D+1;23/07/2026;13:24:09;Novo (0);Regular (1);39;AGORA CTVM S/A;39;AGORA CTVM S/A
RADL3;116.086;0,10%;109.025.174;Eletrônico D+1;23/07/2026;13:24:09;Novo (0);Regular (1);39;AGORA CTVM S/A;39;AGORA CTVM S/A
RADL3;100.414;0,10%;109.025.170;Eletrônico D+1;23/07/2026;13:24:09;Novo (0);Regular (1);39;AGORA CTVM S/A;39;AGORA CTVM S/A
RENT3;74.784;0,30%;109.025.168;Eletrônico D+1;23/07/2026;13:24:09;Novo (0);Regular (1);39;AGORA CTVM S/A;39;AGORA CTVM S/A
SMFT3;51.224;0,07%;109.025.169;Eletrônico D+1;23/07/2026;13:24:09;Novo (0);Regular (1);39;AGORA CTVM S/A;39;AGORA CTVM S/A
RENT3;90.108;0,30%;109.025.167;Eletrônico D+1;23/07/2026;13:24:09;Novo (0);Regular (1);39;AGORA CTVM S/A;39;AGORA CTVM S/A
RADL3;54.794;0,10%;109.025.149;Eletrônico D+1;23/07/2026;13:24:08;Novo (0);Regular (1);39;AGORA CTVM S/A;39;AGORA CTVM S/A
RENT3;40.814;0,30%;109.025.134;Eletrônico D+1;23/07/2026;13:24:08;Novo (0);Regular (1);39;AGORA CTVM S/A;39;AGORA CTVM S/A
ALOS3;36.592;0,06%;109.024.136;Eletrônico D+1;23/07/2026;13:23:38;Novo (0);Regular (1);39;AGORA CTVM S/A;39;AGORA CTVM S/A
ALOS3;20.343;0,06%;109.024.135;Eletrônico D+1;23/07/2026;13:23:38;Novo (0);Regular (1);39;AGORA CTVM S/A;39;AGORA CTVM S/A
ALOS3;49.361;0,06%;109.024.131;Eletrônico D+1;23/07/2026;13:23:38;Novo (0);Regular (1);39;AGORA CTVM S/A;39;AGORA CTVM S/A
BHIA3;1.673;39,00%;109.024.078;Balcão;23/07/2026;13:21:27;Novo (0);Regular (1);1099;INTER DISTRIBUIDORA DE TITULOS E VALORES MOBILIARIOS LTDA;6003;C6 CORRETORA DE TITULOS E VALORES MOBILIARIOS LTDA
BHIA3;3.556;39,00%;109.024.084;Balcão;23/07/2026;13:21:27;Novo (0);Regular (1);1099;INTER DISTRIBUIDORA DE TITULOS E VALORES MOBILIARIOS LTDA;6003;C6 CORRETORA DE TITULOS E VALORES MOBILIARIOS LTDA
ABEV3;81;2,88%;109.024.081;Balcão;23/07/2026;13:21:27;Novo (0);Regular (1);1099;INTER DISTRIBUIDORA DE TITULOS E VALORES MOBILIARIOS LTDA;6003;C6 CORRETORA DE TITULOS E VALORES MOBILIARIOS LTDA
ABEV3;419;2,88%;109.024.080;Balcão;23/07/2026;13:21:26;Novo (0);Regular (1);1099;INTER DISTRIBUIDORA DE TITULOS E VALORES MOBILIARIOS LTDA;6003;C6 CORRETORA DE TITULOS E VALORES MOBILIARIOS LTDA
ABEV3;208;2,88%;109.024.098;Balcão;23/07/2026;13:21:26;Novo (0);Regular (1);1099;INTER DISTRIBUIDORA DE TITULOS E VALORES MOBILIARIOS LTDA;6003;C6 CORRETORA DE TITULOS E VALORES MOBILIARIOS LTDA
CSAN3;6.000;3,11%;109.024.088;Balcão;23/07/2026;13:20:00;Novo (0);Regular (1);1099;INTER DISTRIBUIDORA DE TITULOS E VALORES MOBILIARIOS LTDA;122;BGC LIQUIDEZ DTVM LTDA
CSAN3;5.800;3,11%;109.024.091;Balcão;23/07/2026;13:20:00;Novo (0);Regular (1);1099;INTER DISTRIBUIDORA DE TITULOS E VALORES MOBILIARIOS LTDA;122;BGC LIQUIDEZ DTVM LTDA
BRAV3;5.496;12,76%;109.024.087;Balcão;23/07/2026;13:19:59;Novo (0);Regular (1);1099;INTER DISTRIBUIDORA DE TITULOS E VALORES MOBILIARIOS LTDA;122;BGC LIQUIDEZ DTVM LTDA
BRAP4;2.789;0,02%;109.024.095;Balcão;23/07/2026;13:19:59;Novo (0);Regular (1);1099;INTER DISTRIBUIDORA DE TITULOS E VALORES MOBILIARIOS LTDA;122;BGC LIQUIDEZ DTVM LTDA
CSAN3;5.000;3,11%;109.024.083;Balcão;23/07/2026;13:19:59;Novo (0);Regular (1);1099;INTER DISTRIBUIDORA DE TITULOS E VALORES MOBILIARIOS LTDA;122;BGC LIQUIDEZ DTVM LTDA
BRAV3;13.023;12,76%;109.024.092;Balcão;23/07/2026;13:19:59;Novo (0);Regular (1);1099;INTER DISTRIBUIDORA DE TITULOS E VALORES MOBILIARIOS LTDA;122;BGC LIQUIDEZ DTVM LTDA
CSAN3;1.043;3,11%;109.024.086;Balcão;23/07/2026;13:19:59;Novo (0);Regular (1);1099;INTER DISTRIBUIDORA DE TITULOS E VALORES MOBILIARIOS LTDA;122;BGC LIQUIDEZ DTVM LTDA
KLBN4;5;0,02%;109.024.113;Balcão;23/07/2026;13:19:19;Novo (0);Regular (1);1099;INTER DISTRIBUIDORA DE TITULOS E VALORES MOBILIARIOS LTDA;4090;TORO CTVM SA
MXRF11;1;0,11%;109.024.112;Balcão;23/07/2026;13:19:19;Novo (0);Regular (1);1099;INTER DISTRIBUIDORA DE TITULOS E VALORES MOBILIARIOS LTDA;4090;TORO CTVM SA
PRIO3;18;0,02%;109.024.114;Balcão;23/07/2026;13:19:19;Novo (0);Regular (1);1099;INTER DISTRIBUIDORA DE TITULOS E VALORES MOBILIARIOS LTDA;4090;TORO CTVM SA
ABCB4;1.700;0,01%;109.024.093;Balcão;23/07/2026;13:19:19;Novo (0);Regular (1);1099;INTER DISTRIBUIDORA DE TITULOS E VALORES MOBILIARIOS LTDA;346;DAYCOVAL CTVM LTDA
PRIO3;10;0,02%;109.024.109;Balcão;23/07/2026;13:19:19;Novo (0);Regular (1);1099;INTER DISTRIBUIDORA DE TITULOS E VALORES MOBILIARIOS LTDA;4090;TORO CTVM SA
MRVE3;50;0,15%;109.024.111;Balcão;23/07/2026;13:19:19;Novo (0);Regular (1);1099;INTER DISTRIBUIDORA DE TITULOS E VALORES MOBILIARIOS LTDA;4090;TORO CTVM SA
PTBL3;2.300;0,15%;109.024.110;Balcão;23/07/2026;13:19:19;Novo (0);Regular (1);1099;INTER DISTRIBUIDORA DE TITULOS E VALORES MOBILIARIOS LTDA;4090;TORO CTVM SA
AURE3;1.000;0,01%;109.024.079;Balcão;23/07/2026;13:19:18;Novo (0);Regular (1);1099;INTER DISTRIBUIDORA DE TITULOS E VALORES MOBILIARIOS LTDA;346;DAYCOVAL CTVM LTDA
ITSA4;75;0,01%;109.024.104;Balcão;23/07/2026;13:19:18;Novo (0);Regular (1);1099;INTER DISTRIBUIDORA DE TITULOS E VALORES MOBILIARIOS LTDA;4090;TORO CTVM SA
TAEE11;1;0,17%;109.024.105;Balcão;23/07/2026;13:19:18;Novo (0);Regular (1);1099;INTER DISTRIBUIDORA DE TITULOS E VALORES MOBILIARIOS LTDA;4090;TORO CTVM SA
AURA33;5;0,13%;109.024.106;Balcão;23/07/2026;13:19:18;Novo (0);Regular (1);1099;INTER DISTRIBUIDORA DE TITULOS E VALORES MOBILIARIOS LTDA;4090;TORO CTVM SA
M1TA34;7;0,29%;109.024.108;Balcão;23/07/2026;13:19:18;Novo (0);Regular (1);1099;INTER DISTRIBUIDORA DE TITULOS E VALORES MOBILIARIOS LTDA;4090;TORO CTVM SA
KNCR11;2;0,15%;109.024.100;Balcão;23/07/2026;13:19:18;Novo (0);Regular (1);1099;INTER DISTRIBUIDORA DE TITULOS E VALORES MOBILIARIOS LTDA;4090;TORO CTVM SA
YDUQ3;96;0,10%;109.024.099;Balcão;23/07/2026;13:19:18;Novo (0);Regular (1);1099;INTER DISTRIBUIDORA DE TITULOS E VALORES MOBILIARIOS LTDA;4090;TORO CTVM SA
LOGG3;1.900;0,02%;109.024.097;Balcão;23/07/2026;13:19:18;Novo (0);Regular (1);1099;INTER DISTRIBUIDORA DE TITULOS E VALORES MOBILIARIOS LTDA;346;DAYCOVAL CTVM LTDA
SLCE3;1;0,12%;109.024.103;Balcão;23/07/2026;13:19:18;Novo (0);Regular (1);1099;INTER DISTRIBUIDORA DE TITULOS E VALORES MOBILIARIOS LTDA;4090;TORO CTVM SA
PDTC3;200;12,90%;109.024.102;Balcão;23/07/2026;13:19:18;Novo (0);Regular (1);1099;INTER DISTRIBUIDORA DE TITULOS E VALORES MOBILIARIOS LTDA;4090;TORO CTVM SA
ABEV3;20;2,88%;109.024.101;Balcão;23/07/2026;13:19:18;Novo (0);Regular (1);1099;INTER DISTRIBUIDORA DE TITULOS E VALORES MOBILIARIOS LTDA;4090;TORO CTVM SA
CPFE3;500;0,02%;109.024.077;Balcão;23/07/2026;13:19:17;Novo (0);Regular (1);1099;INTER DISTRIBUIDORA DE TITULOS E VALORES MOBILIARIOS LTDA;346;DAYCOVAL CTVM LTDA
TUPY3;3;0,11%;109.024.094;Balcão;23/07/2026;13:19:17;Novo (0);Regular (1);1099;INTER DISTRIBUIDORA DE TITULOS E VALORES MOBILIARIOS LTDA;4090;TORO CTVM SA
BBDC4;50;0,02%;109.024.096;Balcão;23/07/2026;13:19:17;Novo (0);Regular (1);1099;INTER DISTRIBUIDORA DE TITULOS E VALORES MOBILIARIOS LTDA;4090;TORO CTVM SA
LUPA3;4.500;13,00%;109.024.082;Balcão;23/07/2026;13:19:17;Novo (0);Regular (1);1099;INTER DISTRIBUIDORA DE TITULOS E VALORES MOBILIARIOS LTDA;4090;TORO CTVM SA
CVCB3;11.000;3,97%;109.024.090;Balcão;23/07/2026;13:19:17;Novo (0);Regular (1);1099;INTER DISTRIBUIDORA DE TITULOS E VALORES MOBILIARIOS LTDA;4090;TORO CTVM SA
ECOR3;7;0,06%;109.024.089;Balcão;23/07/2026;13:19:17;Novo (0);Regular (1);1099;INTER DISTRIBUIDORA DE TITULOS E VALORES MOBILIARIOS LTDA;4090;TORO CTVM SA
AAPL34;51;0,30%;109.024.085;Balcão;23/07/2026;13:19:17;Novo (0);Regular (1);1099;INTER DISTRIBUIDORA DE TITULOS E VALORES MOBILIARIOS LTDA;4090;TORO CTVM SA
EQTL3;300;0,05%;109.024.070;Balcão;23/07/2026;13:16:45;Novo (0);Regular (1);147;ATIVA INVESTIMENTOS S/A CTCV;147;ATIVA INVESTIMENTOS S/A CTCV
GGBR4;330;0,02%;109.024.071;Balcão;23/07/2026;13:16:45;Novo (0);Regular (1);147;ATIVA INVESTIMENTOS S/A CTCV;147;ATIVA INVESTIMENTOS S/A CTCV
SBSP3;500;0,07%;109.024.073;Balcão;23/07/2026;13:16:45;Novo (0);Regular (1);147;ATIVA INVESTIMENTOS S/A CTCV;147;ATIVA INVESTIMENTOS S/A CTCV
IVVB11;5;0,16%;109.024.072;Balcão;23/07/2026;13:16:45;Novo (0);Regular (1);147;ATIVA INVESTIMENTOS S/A CTCV;147;ATIVA INVESTIMENTOS S/A CTCV
PRIO3;100;0,02%;109.024.075;Balcão;23/07/2026;13:16:44;Novo (0);Regular (1);147;ATIVA INVESTIMENTOS S/A CTCV;147;ATIVA INVESTIMENTOS S/A CTCV
AXIA3;100;0,02%;109.024.076;Balcão;23/07/2026;13:16:44;Novo (0);Regular (1);147;ATIVA INVESTIMENTOS S/A CTCV;147;ATIVA INVESTIMENTOS S/A CTCV
UGPA3;200;0,11%;109.024.074;Balcão;23/07/2026;13:16:44;Novo (0);Regular (1);147;ATIVA INVESTIMENTOS S/A CTCV;147;ATIVA INVESTIMENTOS S/A CTCV
CMIN3;200;42,73%;109.024.068;Balcão;23/07/2026;13:16:44;Novo (0);Regular (1);147;ATIVA INVESTIMENTOS S/A CTCV;147;ATIVA INVESTIMENTOS S/A CTCV
EMBJ3;500;0,06%;109.024.067;Balcão;23/07/2026;13:16:44;Novo (0);Regular (1);147;ATIVA INVESTIMENTOS S/A CTCV;147;ATIVA INVESTIMENTOS S/A CTCV
RDOR3;300;0,08%;109.024.069;Balcão;23/07/2026;13:16:44;Novo (0);Regular (1);147;ATIVA INVESTIMENTOS S/A CTCV;147;ATIVA INVESTIMENTOS S/A CTCV
BBAS3;26.595;0,02%;109.023.777;Balcão;23/07/2026;13:15:27;Novo (0);Regular (1);39;AGORA CTVM S/A;39;AGORA CTVM S/A
B3SA3;5.844;0,02%;109.023.742;Balcão;23/07/2026;13:15:27;Novo (0);Regular (1);39;AGORA CTVM S/A;39;AGORA CTVM S/A
AXIA3;9.078;0,02%;109.023.723;Balcão;23/07/2026;13:15:27;Novo (0);Regular (1);39;AGORA CTVM S/A;39;AGORA CTVM S/A
BBAS3;2.000;0,02%;109.023.795;Balcão;23/07/2026;13:15:27;Novo (0);Regular (1);39;AGORA CTVM S/A;39;AGORA CTVM S/A
AZZA3;3.990;29,29%;109.023.759;Balcão;23/07/2026;13:15:27;Novo (0);Regular (1);39;AGORA CTVM S/A;39;AGORA CTVM S/A
B3SA3;180;0,02%;109.023.733;Balcão;23/07/2026;13:15:27;Novo (0);Regular (1);39;AGORA CTVM S/A;39;AGORA CTVM S/A
CXSE3;74.300;0,09%;109.023.787;Balcão;23/07/2026;13:15:27;Novo (0);Regular (1);39;AGORA CTVM S/A;39;AGORA CTVM S/A
B3SA3;14.200;0,02%;109.023.762;Balcão;23/07/2026;13:15:27;Novo (0);Regular (1);39;AGORA CTVM S/A;39;AGORA CTVM S/A
ITUB4;900;0,03%;109.023.874;Balcão;23/07/2026;13:15:27;Novo (0);Regular (1);39;AGORA CTVM S/A;39;AGORA CTVM S/A
EMBJ3;5.922;0,06%;109.023.825;Balcão;23/07/2026;13:15:27;Novo (0);Regular (1);39;AGORA CTVM S/A;39;AGORA CTVM S/A
BBAS3;945;0,02%;109.023.744;Balcão;23/07/2026;13:15:26;Novo (0);Regular (1);39;AGORA CTVM S/A;39;AGORA CTVM S/A
BBAS3;1.608;0,02%;109.023.819;Balcão;23/07/2026;13:15:26;Novo (0);Regular (1);39;AGORA CTVM S/A;39;AGORA CTVM S/A
FLRY3;206;0,04%;109.023.890;Balcão;23/07/2026;13:15:26;Novo (0);Regular (1);39;AGORA CTVM S/A;39;AGORA CTVM S/A
EGIE3;1.400;7,59%;109.023.790;Balcão;23/07/2026;13:15:26;Novo (0);Regular (1);39;AGORA CTVM S/A;39;AGORA CTVM S/A
BBAS3;5.300;0,02%;109.023.736;Balcão;23/07/2026;13:15:26;Novo (0);Regular (1);39;AGORA CTVM S/A;39;AGORA CTVM S/A
B3SA3;27.501;0,02%;109.023.721;Balcão;23/07/2026;13:15:26;Novo (0);Regular (1);39;AGORA CTVM S/A;39;AGORA CTVM S/A
AAPL34;1.100;0,30%;109.023.746;Balcão;23/07/2026;13:15:26;Novo (0);Regular (1);39;AGORA CTVM S/A;39;AGORA CTVM S/A
B3SA3;72.200;0,02%;109.023.760;Balcão;23/07/2026;13:15:26;Novo (0);Regular (1);39;AGORA CTVM S/A;39;AGORA CTVM S/A
BBDC3;59.913;0,03%;109.023.824;Balcão;23/07/2026;13:15:25;Novo (0);Regular (1);39;AGORA CTVM S/A;39;AGORA CTVM S/A
BBAS3;8.640;0,02%;109.023.741;Balcão;23/07/2026;13:15:25;Novo (0);Regular (1);39;AGORA CTVM S/A;39;AGORA CTVM S/A
ITSA4;20.308;0,01%;109.023.882;Balcão;23/07/2026;13:15:25;Novo (0);Regular (1);39;AGORA CTVM S/A;39;AGORA CTVM S/A
GGBR4;2.880;0,02%;109.023.839;Balcão;23/07/2026;13:15:25;Novo (0);Regular (1);39;AGORA CTVM S/A;39;AGORA CTVM S/A
BBAS3;500;0,02%;109.023.788;Balcão;23/07/2026;13:15:25;Novo (0);Regular (1);39;AGORA CTVM S/A;39;AGORA CTVM S/A
EMBJ3;365;0,06%;109.023.871;Balcão;23/07/2026;13:15:25;Novo (0);Regular (1);39;AGORA CTVM S/A;39;AGORA CTVM S/A
BBDC4;118.047;0,02%;109.023.827;Balcão;23/07/2026;13:15:24;Novo (0);Regular (1);39;AGORA CTVM S/A;39;AGORA CTVM S/A
GOAU4;35.338;0,04%;109.023.881;Balcão;23/07/2026;13:15:24;Novo (0);Regular (1);39;AGORA CTVM S/A;39;AGORA CTVM S/A
KLBN11;2.823;0,66%;109.023.906;Balcão;23/07/2026;13:15:24;Novo (0);Regular (1);39;AGORA CTVM S/A;39;AGORA CTVM S/A
CPFE3;5.200;0,08%;109.023.830;Balcão;23/07/2026;13:15:24;Novo (0);Regular (1);39;AGORA CTVM S/A;39;AGORA CTVM S/A
ITUB4;800;0,03%;109.023.900;Balcão;23/07/2026;13:15:24;Novo (0);Regular (1);39;AGORA CTVM S/A;39;AGORA CTVM S/A
PSSA3;80;0,03%;109.023.953;Balcão;23/07/2026;13:15:24;Novo (0);Regular (1);39;AGORA CTVM S/A;39;AGORA CTVM S/A
CXSE3;2.506;0,09%;109.023.834;Balcão;23/07/2026;13:15:24;Novo (0);Regular (1);39;AGORA CTVM S/A;39;AGORA CTVM S/A
GGBR4;6.800;0,02%;109.023.855;Balcão;23/07/2026;13:15:24;Novo (0);Regular (1);39;AGORA CTVM S/A;39;AGORA CTVM S/A
PSSA3;51;0,03%;109.023.943;Balcão;23/07/2026;13:15:24;Novo (0);Regular (1);39;AGORA CTVM S/A;39;AGORA CTVM S/A
PETR3;920;0,02%;109.023.973;Balcão;23/07/2026;13:15:24;Novo (0);Regular (1);39;AGORA CTVM S/A;39;AGORA CTVM S/A
EGIE3;1.300;7,59%;109.023.856;Balcão;23/07/2026;13:15:24;Novo (0);Regular (1);39;AGORA CTVM S/A;39;AGORA CTVM S/A
ECOR3;10.893;0,06%;109.023.837;Balcão;23/07/2026;13:15:24;Novo (0);Regular (1);39;AGORA CTVM S/A;39;AGORA CTVM S/A
ITUB4;257;0,03%;109.023.901;Balcão;23/07/2026;13:15:24;Novo (0);Regular (1);39;AGORA CTVM S/A;39;AGORA CTVM S/A
UNIP6;100;0,02%;109.024.044;Balcão;23/07/2026;13:15:24;Novo (0);Regular (1);39;AGORA CTVM S/A;39;AGORA CTVM S/A
EMBJ3;4.723;0,06%;109.023.876;Balcão;23/07/2026;13:15:24;Novo (0);Regular (1);39;AGORA CTVM S/A;39;AGORA CTVM S/A
PETR3;35.700;0,02%;109.023.927;Balcão;23/07/2026;13:15:24;Novo (0);Regular (1);39;AGORA CTVM S/A;39;AGORA CTVM S/A
PETR3;400;0,02%;109.023.956;Balcão;23/07/2026;13:15:24;Novo (0);Regular (1);39;AGORA CTVM S/A;39;AGORA CTVM S/A
GGBR4;363;0,02%;109.023.902;Balcão;23/07/2026;13:15:24;Novo (0);Regular (1);39;AGORA CTVM S/A;39;AGORA CTVM S/A
SBFG3;665;0,01%;109.024.024;Balcão;23/07/2026;13:15:24;Novo (0);Regular (1);39;AGORA CTVM S/A;39;AGORA CTVM S/A
KLBN11;1.535;0,66%;109.023.931;Balcão;23/07/2026;13:15:24;Novo (0);Regular (1);39;AGORA CTVM S/A;39;AGORA CTVM S/A
PETR3;800;0,02%;109.023.938;Balcão;23/07/2026;13:15:24;Novo (0);Regular (1);39;AGORA CTVM S/A;39;AGORA CTVM S/A
USIM5;289;0,04%;109.024.004;Balcão;23/07/2026;13:15:23;Novo (0);Regular (1);39;AGORA CTVM S/A;39;AGORA CTVM S/A
PETR3;8.000;0,02%;109.023.947;Balcão;23/07/2026;13:15:23;Novo (0);Regular (1);39;AGORA CTVM S/A;39;AGORA CTVM S/A
PSSA3;474;0,03%;109.023.969;Balcão;23/07/2026;13:15:23;Novo (0);Regular (1);39;AGORA CTVM S/A;39;AGORA CTVM S/A
VIVT3;238;0,10%;109.024.055;Balcão;23/07/2026;13:15:23;Novo (0);Regular (1);39;AGORA CTVM S/A;39;AGORA CTVM S/A
PETR3;2.900;0,02%;109.023.962;Balcão;23/07/2026;13:15:23;Novo (0);Regular (1);39;AGORA CTVM S/A;39;AGORA CTVM S/A
PETR3;14.000;0,02%;109.023.939;Balcão;23/07/2026;13:15:23;Novo (0);Regular (1);39;AGORA CTVM S/A;39;AGORA CTVM S/A
PETR3;3.400;0,02%;109.023.923;Balcão;23/07/2026;13:15:23;Novo (0);Regular (1);39;AGORA CTVM S/A;39;AGORA CTVM S/A
SUZB3;494;0,03%;109.023.991;Balcão;23/07/2026;13:15:22;Novo (0);Regular (1);39;AGORA CTVM S/A;39;AGORA CTVM S/A
ALPA4;5.900;0,14%;109.023.716;Balcão;23/07/2026;13:15:05;Novo (0);Regular (1);39;AGORA CTVM S/A;39;AGORA CTVM S/A
DIRR3;118;0,08%;109.024.039;Balcão;23/07/2026;13:14:53;Novo (0);Regular (1);39;AGORA CTVM S/A;39;AGORA CTVM S/A
BRAV3;1.798;12,76%;109.024.065;Balcão;23/07/2026;13:14:52;Novo (0);Regular (1);39;AGORA CTVM S/A;39;AGORA CTVM S/A
RADL3;1.992;0,10%;109.023.905;Balcão;23/07/2026;13:14:52;Novo (0);Regular (1);39;AGORA CTVM S/A;39;AGORA CTVM S/A
DIRR3;238;0,08%;109.023.996;Balcão;23/07/2026;13:14:52;Novo (0);Regular (1);39;AGORA CTVM S/A;39;AGORA CTVM S/A
RBRP11;331;3,27%;109.023.952;Balcão;23/07/2026;13:14:52;Novo (0);Regular (1);39;AGORA CTVM S/A;39;AGORA CTVM S/A
RADL3;534;0,10%;109.023.944;Balcão;23/07/2026;13:14:52;Novo (0);Regular (1);39;AGORA CTVM S/A;39;AGORA CTVM S/A
RADL3;350;0,10%;109.024.009;Balcão;23/07/2026;13:14:52;Novo (0);Regular (1);39;AGORA CTVM S/A;39;AGORA CTVM S/A
RADL3;4.205;0,10%;109.023.859;Balcão;23/07/2026;13:14:50;Novo (0);Regular (1);39;AGORA CTVM S/A;39;AGORA CTVM S/A
DIRR3;701;0,08%;109.023.959;Balcão;23/07/2026;13:14:50;Novo (0);Regular (1);39;AGORA CTVM S/A;39;AGORA CTVM S/A
MRVE3;80;0,15%;109.023.897;Balcão;23/07/2026;13:14:50;Novo (0);Regular (1);39;AGORA CTVM S/A;39;AGORA CTVM S/A
RBRX11;1.728;1,65%;109.023.935;Balcão;23/07/2026;13:14:50;Novo (0);Regular (1);39;AGORA CTVM S/A;39;AGORA CTVM S/A
RADL3;18.453;0,10%;109.023.880;Balcão;23/07/2026;13:14:49;Novo (0);Regular (1);39;AGORA CTVM S/A;39;AGORA CTVM S/A
BRAV3;372;12,76%;109.024.027;Balcão;23/07/2026;13:14:49;Novo (0);Regular (1);39;AGORA CTVM S/A;39;AGORA CTVM S/A
RADL3;424;0,10%;109.023.948;Balcão;23/07/2026;13:14:49;Novo (0);Regular (1);39;AGORA CTVM S/A;39;AGORA CTVM S/A
RADL3;5.702;0,10%;109.023.886;Balcão;23/07/2026;13:14:49;Novo (0);Regular (1);39;AGORA CTVM S/A;39;AGORA CTVM S/A
MGLU3;251;14,36%;109.023.838;Balcão;23/07/2026;13:14:49;Novo (0);Regular (1);39;AGORA CTVM S/A;39;AGORA CTVM S/A
RADL3;2.995;0,10%;109.023.914;Balcão;23/07/2026;13:14:49;Novo (0);Regular (1);39;AGORA CTVM S/A;39;AGORA CTVM S/A
MRVE3;27;0,15%;109.023.877;Balcão;23/07/2026;13:14:49;Novo (0);Regular (1);39;AGORA CTVM S/A;39;AGORA CTVM S/A
MRVE3;238;0,15%;109.023.853;Balcão;23/07/2026;13:14:49;Novo (0);Regular (1);39;AGORA CTVM S/A;39;AGORA CTVM S/A
MGLU3;8;14,36%;109.023.857;Balcão;23/07/2026;13:14:49;Novo (0);Regular (1);39;AGORA CTVM S/A;39;AGORA CTVM S/A
MRVE3;142;0,15%;109.023.872;Balcão;23/07/2026;13:14:49;Novo (0);Regular (1);39;AGORA CTVM S/A;39;AGORA CTVM S/A
MRVE3;1.030;0,15%;109.023.862;Balcão;23/07/2026;13:14:49;Novo (0);Regular (1);39;AGORA CTVM S/A;39;AGORA CTVM S/A
MRVE3;230;0,15%;109.023.866;Balcão;23/07/2026;13:14:47;Novo (0);Regular (1);39;AGORA CTVM S/A;39;AGORA CTVM S/A
MGLU3;233;14,36%;109.023.823;Balcão;23/07/2026;13:14:47;Novo (0);Regular (1);39;AGORA CTVM S/A;39;AGORA CTVM S/A
MGLU3;169;14,36%;109.023.831;Balcão;23/07/2026;13:14:47;Novo (0);Regular (1);39;AGORA CTVM S/A;39;AGORA CTVM S/A
MRVE3;1.733;0,15%;109.023.835;Balcão;23/07/2026;13:14:47;Novo (0);Regular (1);39;AGORA CTVM S/A;39;AGORA CTVM S/A
MRVE3;1.663;0,15%;109.023.836;Balcão;23/07/2026;13:14:47;Novo (0);Regular (1);39;AGORA CTVM S/A;39;AGORA CTVM S/A
MRVE3;68;0,15%;109.023.889;Balcão;23/07/2026;13:14:47;Novo (0);Regular (1);39;AGORA CTVM S/A;39;AGORA CTVM S/A
MXRF11;13.743;0,11%;109.023.849;Balcão;23/07/2026;13:14:47;Novo (0);Regular (1);39;AGORA CTVM S/A;39;AGORA CTVM S/A
MGLU3;623;14,36%;109.023.818;Balcão;23/07/2026;13:14:47;Novo (0);Regular (1);39;AGORA CTVM S/A;39;AGORA CTVM S/A
MRVE3;1.262;0,15%;109.023.851;Balcão;23/07/2026;13:14:47;Novo (0);Regular (1);39;AGORA CTVM S/A;39;AGORA CTVM S/A
MGLU3;410;14,36%;109.023.847;Balcão;23/07/2026;13:14:47;Novo (0);Regular (1);39;AGORA CTVM S/A;39;AGORA CTVM S/A
MGLU3;127;14,36%;109.023.844;Balcão;23/07/2026;13:14:46;Novo (0);Regular (1);39;AGORA CTVM S/A;39;AGORA CTVM S/A
INTB3;1.518;0,08%;109.023.782;Balcão;23/07/2026;13:14:46;Novo (0);Regular (1);39;AGORA CTVM S/A;39;AGORA CTVM S/A
INTB3;948;0,08%;109.023.785;Balcão;23/07/2026;13:14:46;Novo (0);Regular (1);39;AGORA CTVM S/A;39;AGORA CTVM S/A
INTB3;369;0,08%;109.023.809;Balcão;23/07/2026;13:14:46;Novo (0);Regular (1);39;AGORA CTVM S/A;39;AGORA CTVM S/A
MGLU3;196;14,36%;109.023.803;Balcão;23/07/2026;13:14:46;Novo (0);Regular (1);39;AGORA CTVM S/A;39;AGORA CTVM S/A
MRVE3;2.566;0,15%;109.023.802;Balcão;23/07/2026;13:14:46;Novo (0);Regular (1);39;AGORA CTVM S/A;39;AGORA CTVM S/A
MGLU3;391;14,36%;109.023.784;Balcão;23/07/2026;13:14:46;Novo (0);Regular (1);39;AGORA CTVM S/A;39;AGORA CTVM S/A
MRVE3;83;0,15%;109.023.794;Balcão;23/07/2026;13:14:46;Novo (0);Regular (1);39;AGORA CTVM S/A;39;AGORA CTVM S/A
MDIA3;217;0,05%;109.023.810;Balcão;23/07/2026;13:14:46;Novo (0);Regular (1);39;AGORA CTVM S/A;39;AGORA CTVM S/A
ARML3;292;0,10%;109.023.773;Balcão;23/07/2026;13:14:46;Novo (0);Regular (1);39;AGORA CTVM S/A;39;AGORA CTVM S/A
INTB3;366;0,08%;109.023.738;Balcão;23/07/2026;13:14:46;Novo (0);Regular (1);39;AGORA CTVM S/A;39;AGORA CTVM S/A
INTB3;2.317;0,08%;109.023.797;Balcão;23/07/2026;13:14:46;Novo (0);Regular (1);39;AGORA CTVM S/A;39;AGORA CTVM S/A
ARML3;1.110;0,10%;109.023.763;Balcão;23/07/2026;13:14:46;Novo (0);Regular (1);39;AGORA CTVM S/A;39;AGORA CTVM S/A
MELI34;154;0,10%;109.023.739;Balcão;23/07/2026;13:14:46;Novo (0);Regular (1);39;AGORA CTVM S/A;39;AGORA CTVM S/A
INTB3;206;0,08%;109.023.728;Balcão;23/07/2026;13:14:46;Novo (0);Regular (1);39;AGORA CTVM S/A;39;AGORA CTVM S/A
SBFG3;6.877;0,01%;109.023.752;Balcão;23/07/2026;13:14:46;Novo (0);Regular (1);39;AGORA CTVM S/A;39;AGORA CTVM S/A
INTB3;176;0,08%;109.023.765;Balcão;23/07/2026;13:14:46;Novo (0);Regular (1);39;AGORA CTVM S/A;39;AGORA CTVM S/A
MDIA3;279;0,05%;109.023.745;Balcão;23/07/2026;13:14:46;Novo (0);Regular (1);39;AGORA CTVM S/A;39;AGORA CTVM S/A
SBFG3;291;0,01%;109.023.756;Balcão;23/07/2026;13:14:43;Novo (0);Regular (1);39;AGORA CTVM S/A;39;AGORA CTVM S/A
SBFG3;8.761;0,01%;109.023.726;Balcão;23/07/2026;13:14:43;Novo (0);Regular (1);39;AGORA CTVM S/A;39;AGORA CTVM S/A
BRAV3;30;12,76%;109.023.725;Balcão;23/07/2026;13:14:43;Novo (0);Regular (1);39;AGORA CTVM S/A;39;AGORA CTVM S/A
SBFG3;313;0,01%;109.023.732;Balcão;23/07/2026;13:14:43;Novo (0);Regular (1);39;AGORA CTVM S/A;39;AGORA CTVM S/A
ISAE4;1;0,43%;109.023.747;Balcão;23/07/2026;13:14:43;Novo (0);Regular (1);39;AGORA CTVM S/A;39;AGORA CTVM S/A
ISAE4;30.000;0,43%;109.023.652;Balcão;23/07/2026;13:12:45;Novo (0);Regular (1);1099;INTER DISTRIBUIDORA DE TITULOS E VALORES MOBILIARIOS LTDA;39;AGORA CTVM S/A
ABEV3;5.691;2,88%;109.023.653;Balcão;23/07/2026;13:12:45;Novo (0);Regular (1);1099;INTER DISTRIBUIDORA DE TITULOS E VALORES MOBILIARIOS LTDA;346;DAYCOVAL CTVM LTDA
ISAE4;20.000;0,43%;109.023.651;Balcão;23/07/2026;13:12:45;Novo (0);Regular (1);1099;INTER DISTRIBUIDORA DE TITULOS E VALORES MOBILIARIOS LTDA;39;AGORA CTVM S/A
KLBN11;1.275;0,65%;109.023.649;Balcão;23/07/2026;13:10:40;Novo (0);Regular (1);3;XP INVESTIMENTOS CCTVM S/A;3;XP INVESTIMENTOS CCTVM S/A
SMAL11;17;9,92%;109.023.185;Balcão;23/07/2026;13:00:28;Novo (0);Regular (1);88;CM CAPITAL MARKETS CORRETORA DE CÂMBIO  TÍTULOS E VALORES MO;88;CM CAPITAL MARKETS CORRETORA DE CÂMBIO  TÍTULOS E VALORES MO
WEGE3;11.798;0,03%;109.023.184;Balcão;23/07/2026;12:58:05;Novo (0);Regular (1);2659;BANCO DO BRASIL S/A;262;MIRAE ASSET WEALTH MANAGEMENT (BRASIL) CCTVM LTDA.
WEGE3;43.426;0,03%;109.023.182;Balcão;23/07/2026;12:58:00;Novo (0);Regular (1);2659;BANCO DO BRASIL S/A;262;MIRAE ASSET WEALTH MANAGEMENT (BRASIL) CCTVM LTDA.
WEGE3;44.776;0,03%;109.023.183;Balcão;23/07/2026;12:57:59;Novo (0);Regular (1);2659;BANCO DO BRASIL S/A;262;MIRAE ASSET WEALTH MANAGEMENT (BRASIL) CCTVM LTDA.
SANB3;200;0,15%;109.023.181;Balcão;23/07/2026;12:56:31;Novo (0);Regular (1);88;CM CAPITAL MARKETS CORRETORA DE CÂMBIO  TÍTULOS E VALORES MO;88;CM CAPITAL MARKETS CORRETORA DE CÂMBIO  TÍTULOS E VALORES MO
QUAL3;6;0,05%;109.023.180;Balcão;23/07/2026;12:56:19;Novo (0);Regular (1);88;CM CAPITAL MARKETS CORRETORA DE CÂMBIO  TÍTULOS E VALORES MO;88;CM CAPITAL MARKETS CORRETORA DE CÂMBIO  TÍTULOS E VALORES MO
MGLU3;2.000;14,36%;109.023.167;Balcão;23/07/2026;12:53:21;Novo (0);Regular (1);88;CM CAPITAL MARKETS CORRETORA DE CÂMBIO  TÍTULOS E VALORES MO;88;CM CAPITAL MARKETS CORRETORA DE CÂMBIO  TÍTULOS E VALORES MO
MGLU3;2.000;14,36%;109.023.166;Balcão;23/07/2026;12:53:20;Novo (0);Regular (1);88;CM CAPITAL MARKETS CORRETORA DE CÂMBIO  TÍTULOS E VALORES MO;88;CM CAPITAL MARKETS CORRETORA DE CÂMBIO  TÍTULOS E VALORES MO
KLBN11;2.511;0,66%;109.023.165;Balcão;23/07/2026;12:53:04;Novo (0);Regular (1);88;CM CAPITAL MARKETS CORRETORA DE CÂMBIO  TÍTULOS E VALORES MO;88;CM CAPITAL MARKETS CORRETORA DE CÂMBIO  TÍTULOS E VALORES MO
ITSA3;1;0,08%;109.023.164;Balcão;23/07/2026;12:49:31;Novo (0);Regular (1);88;CM CAPITAL MARKETS CORRETORA DE CÂMBIO  TÍTULOS E VALORES MO;88;CM CAPITAL MARKETS CORRETORA DE CÂMBIO  TÍTULOS E VALORES MO
HBOR3;46;1,00%;109.023.162;Balcão;23/07/2026;12:49:01;Novo (0);Regular (1);88;CM CAPITAL MARKETS CORRETORA DE CÂMBIO  TÍTULOS E VALORES MO;88;CM CAPITAL MARKETS CORRETORA DE CÂMBIO  TÍTULOS E VALORES MO
HBOR3;1.000;1,00%;109.023.163;Balcão;23/07/2026;12:49:01;Novo (0);Regular (1);88;CM CAPITAL MARKETS CORRETORA DE CÂMBIO  TÍTULOS E VALORES MO;88;CM CAPITAL MARKETS CORRETORA DE CÂMBIO  TÍTULOS E VALORES MO
HBOR3;30;1,00%;109.023.161;Balcão;23/07/2026;12:49:01;Novo (0);Regular (1);88;CM CAPITAL MARKETS CORRETORA DE CÂMBIO  TÍTULOS E VALORES MO;88;CM CAPITAL MARKETS CORRETORA DE CÂMBIO  TÍTULOS E VALORES MO
HBOR3;18;1,00%;109.023.154;Balcão;23/07/2026;12:49:01;Novo (0);Regular (1);88;CM CAPITAL MARKETS CORRETORA DE CÂMBIO  TÍTULOS E VALORES MO;88;CM CAPITAL MARKETS CORRETORA DE CÂMBIO  TÍTULOS E VALORES MO
HBOR3;19;1,00%;109.023.157;Balcão;23/07/2026;12:49:00;Novo (0);Regular (1);88;CM CAPITAL MARKETS CORRETORA DE CÂMBIO  TÍTULOS E VALORES MO;88;CM CAPITAL MARKETS CORRETORA DE CÂMBIO  TÍTULOS E VALORES MO
HBOR3;100;1,00%;109.023.153;Balcão;23/07/2026;12:49:00;Novo (0);Regular (1);88;CM CAPITAL MARKETS CORRETORA DE CÂMBIO  TÍTULOS E VALORES MO;88;CM CAPITAL MARKETS CORRETORA DE CÂMBIO  TÍTULOS E VALORES MO
HBOR3;70;1,00%;109.023.159;Balcão;23/07/2026;12:49:00;Novo (0);Regular (1);88;CM CAPITAL MARKETS CORRETORA DE CÂMBIO  TÍTULOS E VALORES MO;88;CM CAPITAL MARKETS CORRETORA DE CÂMBIO  TÍTULOS E VALORES MO
HBOR3;400;1,00%;109.023.160;Balcão;23/07/2026;12:49:00;Novo (0);Regular (1);88;CM CAPITAL MARKETS CORRETORA DE CÂMBIO  TÍTULOS E VALORES MO;88;CM CAPITAL MARKETS CORRETORA DE CÂMBIO  TÍTULOS E VALORES MO
HBOR3;1.000;1,00%;109.023.155;Balcão;23/07/2026;12:49:00;Novo (0);Regular (1);88;CM CAPITAL MARKETS CORRETORA DE CÂMBIO  TÍTULOS E VALORES MO;88;CM CAPITAL MARKETS CORRETORA DE CÂMBIO  TÍTULOS E VALORES MO
HBOR3;101;1,00%;109.023.156;Balcão;23/07/2026;12:49:00;Novo (0);Regular (1);88;CM CAPITAL MARKETS CORRETORA DE CÂMBIO  TÍTULOS E VALORES MO;88;CM CAPITAL MARKETS CORRETORA DE CÂMBIO  TÍTULOS E VALORES MO
HBOR3;7;1,00%;109.023.158;Balcão;23/07/2026;12:49:00;Novo (0);Regular (1);88;CM CAPITAL MARKETS CORRETORA DE CÂMBIO  TÍTULOS E VALORES MO;88;CM CAPITAL MARKETS CORRETORA DE CÂMBIO  TÍTULOS E VALORES MO
HBOR3;600;1,00%;109.023.151;Balcão;23/07/2026;12:48:59;Novo (0);Regular (1);88;CM CAPITAL MARKETS CORRETORA DE CÂMBIO  TÍTULOS E VALORES MO;88;CM CAPITAL MARKETS CORRETORA DE CÂMBIO  TÍTULOS E VALORES MO
HBOR3;18;1,00%;109.023.152;Balcão;23/07/2026;12:48:59;Novo (0);Regular (1);88;CM CAPITAL MARKETS CORRETORA DE CÂMBIO  TÍTULOS E VALORES MO;88;CM CAPITAL MARKETS CORRETORA DE CÂMBIO  TÍTULOS E VALORES MO
ETHE11;40;0,10%;109.023.150;Balcão;23/07/2026;12:47:30;Novo (0);Regular (1);88;CM CAPITAL MARKETS CORRETORA DE CÂMBIO  TÍTULOS E VALORES MO;88;CM CAPITAL MARKETS CORRETORA DE CÂMBIO  TÍTULOS E VALORES MO
CVCB3;300;3,97%;109.023.149;Balcão;23/07/2026;12:45:52;Novo (0);Regular (1);88;CM CAPITAL MARKETS CORRETORA DE CÂMBIO  TÍTULOS E VALORES MO;88;CM CAPITAL MARKETS CORRETORA DE CÂMBIO  TÍTULOS E VALORES MO
CVCB3;500;3,97%;109.023.148;Balcão;23/07/2026;12:45:52;Novo (0);Regular (1);88;CM CAPITAL MARKETS CORRETORA DE CÂMBIO  TÍTULOS E VALORES MO;88;CM CAPITAL MARKETS CORRETORA DE CÂMBIO  TÍTULOS E VALORES MO
CSAN3;200;3,11%;109.023.147;Balcão;23/07/2026;12:45:00;Novo (0);Regular (1);88;CM CAPITAL MARKETS CORRETORA DE CÂMBIO  TÍTULOS E VALORES MO;88;CM CAPITAL MARKETS CORRETORA DE CÂMBIO  TÍTULOS E VALORES MO
COGN3;4.100;0,02%;109.023.146;Balcão;23/07/2026;12:44:36;Novo (0);Regular (1);88;CM CAPITAL MARKETS CORRETORA DE CÂMBIO  TÍTULOS E VALORES MO;88;CM CAPITAL MARKETS CORRETORA DE CÂMBIO  TÍTULOS E VALORES MO
CMIN3;26;42,73%;109.023.144;Balcão;23/07/2026;12:44:15;Novo (0);Regular (1);88;CM CAPITAL MARKETS CORRETORA DE CÂMBIO  TÍTULOS E VALORES MO;88;CM CAPITAL MARKETS CORRETORA DE CÂMBIO  TÍTULOS E VALORES MO
CMIN3;2;42,73%;109.023.145;Balcão;23/07/2026;12:44:15;Novo (0);Regular (1);88;CM CAPITAL MARKETS CORRETORA DE CÂMBIO  TÍTULOS E VALORES MO;88;CM CAPITAL MARKETS CORRETORA DE CÂMBIO  TÍTULOS E VALORES MO
CMIN3;9;42,73%;109.023.143;Balcão;23/07/2026;12:44:15;Novo (0);Regular (1);88;CM CAPITAL MARKETS CORRETORA DE CÂMBIO  TÍTULOS E VALORES MO;88;CM CAPITAL MARKETS CORRETORA DE CÂMBIO  TÍTULOS E VALORES MO
CMIN3;100;42,73%;109.023.142;Balcão;23/07/2026;12:44:15;Novo (0);Regular (1);88;CM CAPITAL MARKETS CORRETORA DE CÂMBIO  TÍTULOS E VALORES MO;88;CM CAPITAL MARKETS CORRETORA DE CÂMBIO  TÍTULOS E VALORES MO
CMIN3;5;42,73%;109.023.138;Balcão;23/07/2026;12:44:15;Novo (0);Regular (1);88;CM CAPITAL MARKETS CORRETORA DE CÂMBIO  TÍTULOS E VALORES MO;88;CM CAPITAL MARKETS CORRETORA DE CÂMBIO  TÍTULOS E VALORES MO
CMIN3;2;42,73%;109.023.137;Balcão;23/07/2026;12:44:15;Novo (0);Regular (1);88;CM CAPITAL MARKETS CORRETORA DE CÂMBIO  TÍTULOS E VALORES MO;88;CM CAPITAL MARKETS CORRETORA DE CÂMBIO  TÍTULOS E VALORES MO
CMIN3;1;42,73%;109.023.140;Balcão;23/07/2026;12:44:15;Novo (0);Regular (1);88;CM CAPITAL MARKETS CORRETORA DE CÂMBIO  TÍTULOS E VALORES MO;88;CM CAPITAL MARKETS CORRETORA DE CÂMBIO  TÍTULOS E VALORES MO
CMIN3;10;42,73%;109.023.139;Balcão;23/07/2026;12:44:15;Novo (0);Regular (1);88;CM CAPITAL MARKETS CORRETORA DE CÂMBIO  TÍTULOS E VALORES MO;88;CM CAPITAL MARKETS CORRETORA DE CÂMBIO  TÍTULOS E VALORES MO
CMIN3;10;42,73%;109.023.141;Balcão;23/07/2026;12:44:15;Novo (0);Regular (1);88;CM CAPITAL MARKETS CORRETORA DE CÂMBIO  TÍTULOS E VALORES MO;88;CM CAPITAL MARKETS CORRETORA DE CÂMBIO  TÍTULOS E VALORES MO
CMIN3;200;42,73%;109.023.136;Balcão;23/07/2026;12:44:15;Novo (0);Regular (1);88;CM CAPITAL MARKETS CORRETORA DE CÂMBIO  TÍTULOS E VALORES MO;88;CM CAPITAL MARKETS CORRETORA DE CÂMBIO  TÍTULOS E VALORES MO
YDUQ3;2.178;0,10%;109.014.747;Balcão;23/07/2026;12:43:58;Novo (0);Regular (1);39;AGORA CTVM S/A;39;AGORA CTVM S/A
CMIG3;411;0,06%;109.023.135;Balcão;23/07/2026;12:43:57;Novo (0);Regular (1);88;CM CAPITAL MARKETS CORRETORA DE CÂMBIO  TÍTULOS E VALORES MO;88;CM CAPITAL MARKETS CORRETORA DE CÂMBIO  TÍTULOS E VALORES MO
TSMC34;100;0,08%;109.023.102;Balcão;23/07/2026;12:41:49;Novo (0);Regular (1);39;AGORA CTVM S/A;4090;TORO CTVM SA
M1TA34;59;0,29%;109.023.103;Balcão;23/07/2026;12:41:49;Novo (0);Regular (1);39;AGORA CTVM S/A;4090;TORO CTVM SA
BBSE3;4;0,88%;109.023.134;Balcão;23/07/2026;12:40:43;Novo (0);Regular (1);88;CM CAPITAL MARKETS CORRETORA DE CÂMBIO  TÍTULOS E VALORES MO;88;CM CAPITAL MARKETS CORRETORA DE CÂMBIO  TÍTULOS E VALORES MO
BBSE3;6;0,88%;109.023.133;Balcão;23/07/2026;12:40:43;Novo (0);Regular (1);88;CM CAPITAL MARKETS CORRETORA DE CÂMBIO  TÍTULOS E VALORES MO;88;CM CAPITAL MARKETS CORRETORA DE CÂMBIO  TÍTULOS E VALORES MO
ANIM3;99;0,39%;109.023.131;Balcão;23/07/2026;12:38:18;Novo (0);Regular (1);88;CM CAPITAL MARKETS CORRETORA DE CÂMBIO  TÍTULOS E VALORES MO;88;CM CAPITAL MARKETS CORRETORA DE CÂMBIO  TÍTULOS E VALORES MO
ANIM3;100;0,39%;109.023.130;Balcão;23/07/2026;12:38:18;Novo (0);Regular (1);88;CM CAPITAL MARKETS CORRETORA DE CÂMBIO  TÍTULOS E VALORES MO;88;CM CAPITAL MARKETS CORRETORA DE CÂMBIO  TÍTULOS E VALORES MO
AMBP3;130;5,00%;109.023.128;Balcão;23/07/2026;12:37:35;Novo (0);Regular (1);88;CM CAPITAL MARKETS CORRETORA DE CÂMBIO  TÍTULOS E VALORES MO;88;CM CAPITAL MARKETS CORRETORA DE CÂMBIO  TÍTULOS E VALORES MO
AMBP3;10;5,00%;109.023.129;Balcão;23/07/2026;12:37:35;Novo (0);Regular (1);88;CM CAPITAL MARKETS CORRETORA DE CÂMBIO  TÍTULOS E VALORES MO;88;CM CAPITAL MARKETS CORRETORA DE CÂMBIO  TÍTULOS E VALORES MO
AMBP3;28;5,00%;109.023.127;Balcão;23/07/2026;12:37:35;Novo (0);Regular (1);88;CM CAPITAL MARKETS CORRETORA DE CÂMBIO  TÍTULOS E VALORES MO;88;CM CAPITAL MARKETS CORRETORA DE CÂMBIO  TÍTULOS E VALORES MO
AMBP3;3.600;5,00%;109.023.126;Balcão;23/07/2026;12:37:35;Novo (0);Regular (1);88;CM CAPITAL MARKETS CORRETORA DE CÂMBIO  TÍTULOS E VALORES MO;88;CM CAPITAL MARKETS CORRETORA DE CÂMBIO  TÍTULOS E VALORES MO
AMBP3;4;5,00%;109.023.124;Balcão;23/07/2026;12:37:35;Novo (0);Regular (1);88;CM CAPITAL MARKETS CORRETORA DE CÂMBIO  TÍTULOS E VALORES MO;88;CM CAPITAL MARKETS CORRETORA DE CÂMBIO  TÍTULOS E VALORES MO
AMBP3;320;5,00%;109.023.125;Balcão;23/07/2026;12:37:35;Novo (0);Regular (1);88;CM CAPITAL MARKETS CORRETORA DE CÂMBIO  TÍTULOS E VALORES MO;88;CM CAPITAL MARKETS CORRETORA DE CÂMBIO  TÍTULOS E VALORES MO
AMBP3;40;5,00%;109.023.123;Balcão;23/07/2026;12:37:35;Novo (0);Regular (1);88;CM CAPITAL MARKETS CORRETORA DE CÂMBIO  TÍTULOS E VALORES MO;88;CM CAPITAL MARKETS CORRETORA DE CÂMBIO  TÍTULOS E VALORES MO
AMBP3;2.079;5,00%;109.023.116;Balcão;23/07/2026;12:37:35;Novo (0);Regular (1);88;CM CAPITAL MARKETS CORRETORA DE CÂMBIO  TÍTULOS E VALORES MO;88;CM CAPITAL MARKETS CORRETORA DE CÂMBIO  TÍTULOS E VALORES MO
AMBP3;4.000;5,00%;109.023.119;Balcão;23/07/2026;12:37:35;Novo (0);Regular (1);88;CM CAPITAL MARKETS CORRETORA DE CÂMBIO  TÍTULOS E VALORES MO;88;CM CAPITAL MARKETS CORRETORA DE CÂMBIO  TÍTULOS E VALORES MO
AMBP3;500;5,00%;109.023.121;Balcão;23/07/2026;12:37:35;Novo (0);Regular (1);88;CM CAPITAL MARKETS CORRETORA DE CÂMBIO  TÍTULOS E VALORES MO;88;CM CAPITAL MARKETS CORRETORA DE CÂMBIO  TÍTULOS E VALORES MO
AMBP3;100;5,00%;109.023.118;Balcão;23/07/2026;12:37:35;Novo (0);Regular (1);88;CM CAPITAL MARKETS CORRETORA DE CÂMBIO  TÍTULOS E VALORES MO;88;CM CAPITAL MARKETS CORRETORA DE CÂMBIO  TÍTULOS E VALORES MO
AMBP3;1.300;5,00%;109.023.120;Balcão;23/07/2026;12:37:35;Novo (0);Regular (1);88;CM CAPITAL MARKETS CORRETORA DE CÂMBIO  TÍTULOS E VALORES MO;88;CM CAPITAL MARKETS CORRETORA DE CÂMBIO  TÍTULOS E VALORES MO
AMBP3;10;5,00%;109.023.117;Balcão;23/07/2026;12:37:35;Novo (0);Regular (1);88;CM CAPITAL MARKETS CORRETORA DE CÂMBIO  TÍTULOS E VALORES MO;88;CM CAPITAL MARKETS CORRETORA DE CÂMBIO  TÍTULOS E VALORES MO
AMBP3;1.439;5,00%;109.023.115;Balcão;23/07/2026;12:37:35;Novo (0);Regular (1);88;CM CAPITAL MARKETS CORRETORA DE CÂMBIO  TÍTULOS E VALORES MO;88;CM CAPITAL MARKETS CORRETORA DE CÂMBIO  TÍTULOS E VALORES MO
AMBP3;3.839;5,00%;109.023.122;Balcão;23/07/2026;12:37:35;Novo (0);Regular (1);88;CM CAPITAL MARKETS CORRETORA DE CÂMBIO  TÍTULOS E VALORES MO;88;CM CAPITAL MARKETS CORRETORA DE CÂMBIO  TÍTULOS E VALORES MO
AMBP3;3.100;5,00%;109.023.109;Balcão;23/07/2026;12:37:33;Novo (0);Regular (1);88;CM CAPITAL MARKETS CORRETORA DE CÂMBIO  TÍTULOS E VALORES MO;88;CM CAPITAL MARKETS CORRETORA DE CÂMBIO  TÍTULOS E VALORES MO
AMBP3;2.400;5,00%;109.023.105;Balcão;23/07/2026;12:37:33;Novo (0);Regular (1);88;CM CAPITAL MARKETS CORRETORA DE CÂMBIO  TÍTULOS E VALORES MO;88;CM CAPITAL MARKETS CORRETORA DE CÂMBIO  TÍTULOS E VALORES MO
AMBP3;200;5,00%;109.023.112;Balcão;23/07/2026;12:37:33;Novo (0);Regular (1);88;CM CAPITAL MARKETS CORRETORA DE CÂMBIO  TÍTULOS E VALORES MO;88;CM CAPITAL MARKETS CORRETORA DE CÂMBIO  TÍTULOS E VALORES MO
AMBP3;400;5,00%;109.023.107;Balcão;23/07/2026;12:37:33;Novo (0);Regular (1);88;CM CAPITAL MARKETS CORRETORA DE CÂMBIO  TÍTULOS E VALORES MO;88;CM CAPITAL MARKETS CORRETORA DE CÂMBIO  TÍTULOS E VALORES MO
AMBP3;1.561;5,00%;109.023.113;Balcão;23/07/2026;12:37:33;Novo (0);Regular (1);88;CM CAPITAL MARKETS CORRETORA DE CÂMBIO  TÍTULOS E VALORES MO;88;CM CAPITAL MARKETS CORRETORA DE CÂMBIO  TÍTULOS E VALORES MO
AMBP3;50;5,00%;109.023.110;Balcão;23/07/2026;12:37:32;Novo (0);Regular (1);88;CM CAPITAL MARKETS CORRETORA DE CÂMBIO  TÍTULOS E VALORES MO;88;CM CAPITAL MARKETS CORRETORA DE CÂMBIO  TÍTULOS E VALORES MO
AMBP3;8;5,00%;109.023.114;Balcão;23/07/2026;12:37:32;Novo (0);Regular (1);88;CM CAPITAL MARKETS CORRETORA DE CÂMBIO  TÍTULOS E VALORES MO;88;CM CAPITAL MARKETS CORRETORA DE CÂMBIO  TÍTULOS E VALORES MO
AMBP3;800;5,00%;109.023.108;Balcão;23/07/2026;12:37:32;Novo (0);Regular (1);88;CM CAPITAL MARKETS CORRETORA DE CÂMBIO  TÍTULOS E VALORES MO;88;CM CAPITAL MARKETS CORRETORA DE CÂMBIO  TÍTULOS E VALORES MO
AMBP3;900;5,00%;109.023.111;Balcão;23/07/2026;12:37:32;Novo (0);Regular (1);88;CM CAPITAL MARKETS CORRETORA DE CÂMBIO  TÍTULOS E VALORES MO;88;CM CAPITAL MARKETS CORRETORA DE CÂMBIO  TÍTULOS E VALORES MO
AMBP3;4.000;5,00%;109.023.106;Balcão;23/07/2026;12:37:32;Novo (0);Regular (1);88;CM CAPITAL MARKETS CORRETORA DE CÂMBIO  TÍTULOS E VALORES MO;88;CM CAPITAL MARKETS CORRETORA DE CÂMBIO  TÍTULOS E VALORES MO
ACWI11;77;0,14%;109.023.104;Balcão;23/07/2026;12:37:07;Novo (0);Regular (1);88;CM CAPITAL MARKETS CORRETORA DE CÂMBIO  TÍTULOS E VALORES MO;88;CM CAPITAL MARKETS CORRETORA DE CÂMBIO  TÍTULOS E VALORES MO
YDUQ3;1.316;0,10%;109.014.737;Balcão;23/07/2026;12:30:24;Novo (0);Regular (1);39;AGORA CTVM S/A;39;AGORA CTVM S/A
YDUQ3;4.080;0,10%;109.014.742;Balcão;23/07/2026;12:30:24;Novo (0);Regular (1);39;AGORA CTVM S/A;39;AGORA CTVM S/A
VIVA3;436;5,00%;109.020.580;Balcão;23/07/2026;12:11:08;Novo (0);Regular (1);346;DAYCOVAL CTVM LTDA;85;BTG PACTUAL CTVM S/A
YDUQ3;6.745;0,10%;109.014.739;Balcão;23/07/2026;11:45:05;Novo (0);Regular (1);39;AGORA CTVM S/A;39;AGORA CTVM S/A
YDUQ3;63.472;0,10%;109.014.738;Balcão;23/07/2026;11:29:09;Novo (0);Regular (1);39;AGORA CTVM S/A;39;AGORA CTVM S/A
YDUQ3;767;0,10%;109.014.744;Balcão;23/07/2026;11:29:09;Novo (0);Regular (1);39;AGORA CTVM S/A;39;AGORA CTVM S/A
YDUQ3;33.156;0,10%;109.014.743;Balcão;23/07/2026;11:29:09;Novo (0);Regular (1);39;AGORA CTVM S/A;39;AGORA CTVM S/A
YDUQ3;889;0,10%;109.014.740;Balcão;23/07/2026;11:29:09;Novo (0);Regular (1);39;AGORA CTVM S/A;39;AGORA CTVM S/A
YDUQ3;677;0,10%;109.014.741;Balcão;23/07/2026;11:29:09;Novo (0);Regular (1);39;AGORA CTVM S/A;39;AGORA CTVM S/A
YDUQ3;1.039;0,10%;109.014.746;Balcão;23/07/2026;11:29:07;Novo (0);Regular (1);39;AGORA CTVM S/A;39;AGORA CTVM S/A
SOLH11;940;7,95%;109.014.297;Balcão;23/07/2026;11:18:09;Novo (0);Regular (1);3;XP INVESTIMENTOS CCTVM S/A;688;ABN AMRO CORRETORA DE TITULOS E VALORES MOBILIARIOS LTDA
QSOL11;16;14,45%;109.014.296;Balcão;23/07/2026;11:17:56;Novo (0);Regular (1);3;XP INVESTIMENTOS CCTVM S/A;688;ABN AMRO CORRETORA DE TITULOS E VALORES MOBILIARIOS LTDA
QSOL11;800;14,45%;109.014.295;Balcão;23/07/2026;11:17:56;Novo (0);Regular (1);3;XP INVESTIMENTOS CCTVM S/A;688;ABN AMRO CORRETORA DE TITULOS E VALORES MOBILIARIOS LTDA
BEEF3;200;1,88%;109.014.294;Balcão;23/07/2026;11:14:54;Novo (0);Regular (1);85;BTG PACTUAL CTVM S/A;85;BTG PACTUAL CTVM S/A
BEEF3;100;1,88%;109.014.293;Balcão;23/07/2026;11:14:54;Novo (0);Regular (1);85;BTG PACTUAL CTVM S/A;85;BTG PACTUAL CTVM S/A
ABEV3;23.291;2,88%;109.014.292;Balcão;23/07/2026;11:12:45;Novo (0);Regular (1);59;SAFRA CORRETORA DE VALORES E CAMBIO LTDA;59;SAFRA CORRETORA DE VALORES E CAMBIO LTDA
LIGT3;25.000;42,00%;109.014.291;Balcão;23/07/2026;11:11:39;Novo (0);Regular (1);85;BTG PACTUAL CTVM S/A;85;BTG PACTUAL CTVM S/A
LIGT3;250.000;42,00%;109.014.289;Balcão;23/07/2026;11:11:39;Novo (0);Regular (1);85;BTG PACTUAL CTVM S/A;85;BTG PACTUAL CTVM S/A
LIGT3;25.000;42,00%;109.014.290;Balcão;23/07/2026;11:11:38;Novo (0);Regular (1);85;BTG PACTUAL CTVM S/A;85;BTG PACTUAL CTVM S/A
BBSE3;1.133;0,88%;109.014.086;Balcão;23/07/2026;11:10:21;Novo (0);Regular (1);3;XP INVESTIMENTOS CCTVM S/A;127;TULLETT PREBON BRASIL CVC LTDA.
BBSE3;1.124;0,88%;109.014.109;Balcão;23/07/2026;11:10:21;Novo (0);Regular (1);3;XP INVESTIMENTOS CCTVM S/A;127;TULLETT PREBON BRASIL CVC LTDA.
BBSE3;1.130;0,88%;109.014.075;Balcão;23/07/2026;11:10:21;Novo (0);Regular (1);3;XP INVESTIMENTOS CCTVM S/A;127;TULLETT PREBON BRASIL CVC LTDA.
BBSE3;1.125;0,88%;109.014.104;Balcão;23/07/2026;11:10:21;Novo (0);Regular (1);3;XP INVESTIMENTOS CCTVM S/A;127;TULLETT PREBON BRASIL CVC LTDA.
BBSE3;1.124;0,88%;109.014.113;Balcão;23/07/2026;11:10:21;Novo (0);Regular (1);3;XP INVESTIMENTOS CCTVM S/A;127;TULLETT PREBON BRASIL CVC LTDA.
BBSE3;1.131;0,88%;109.014.063;Balcão;23/07/2026;11:10:20;Novo (0);Regular (1);3;XP INVESTIMENTOS CCTVM S/A;127;TULLETT PREBON BRASIL CVC LTDA.
BBSE3;1.128;0,88%;109.014.083;Balcão;23/07/2026;11:10:20;Novo (0);Regular (1);3;XP INVESTIMENTOS CCTVM S/A;127;TULLETT PREBON BRASIL CVC LTDA.
BBSE3;1.125;0,88%;109.014.069;Balcão;23/07/2026;11:10:20;Novo (0);Regular (1);3;XP INVESTIMENTOS CCTVM S/A;127;TULLETT PREBON BRASIL CVC LTDA.
BBSE3;1.130;0,88%;109.014.067;Balcão;23/07/2026;11:10:20;Novo (0);Regular (1);3;XP INVESTIMENTOS CCTVM S/A;127;TULLETT PREBON BRASIL CVC LTDA.
BBSE3;1.125;0,88%;109.014.072;Balcão;23/07/2026;11:10:20;Novo (0);Regular (1);3;XP INVESTIMENTOS CCTVM S/A;127;TULLETT PREBON BRASIL CVC LTDA.
BBSE3;1.122;0,88%;109.014.107;Balcão;23/07/2026;11:10:20;Novo (0);Regular (1);3;XP INVESTIMENTOS CCTVM S/A;127;TULLETT PREBON BRASIL CVC LTDA.
BBSE3;1.125;0,88%;109.014.089;Balcão;23/07/2026;11:10:20;Novo (0);Regular (1);3;XP INVESTIMENTOS CCTVM S/A;127;TULLETT PREBON BRASIL CVC LTDA.
BBSE3;1.130;0,88%;109.014.082;Balcão;23/07/2026;11:10:20;Novo (0);Regular (1);3;XP INVESTIMENTOS CCTVM S/A;127;TULLETT PREBON BRASIL CVC LTDA.
BBSE3;1.120;0,88%;109.014.117;Balcão;23/07/2026;11:10:20;Novo (0);Regular (1);3;XP INVESTIMENTOS CCTVM S/A;127;TULLETT PREBON BRASIL CVC LTDA.
BBSE3;1.120;0,88%;109.014.070;Balcão;23/07/2026;11:10:20;Novo (0);Regular (1);3;XP INVESTIMENTOS CCTVM S/A;127;TULLETT PREBON BRASIL CVC LTDA.
BBSE3;1.124;0,88%;109.014.092;Balcão;23/07/2026;11:10:20;Novo (0);Regular (1);3;XP INVESTIMENTOS CCTVM S/A;127;TULLETT PREBON BRASIL CVC LTDA.
BBSE3;1.115;0,88%;109.014.085;Balcão;23/07/2026;11:10:20;Novo (0);Regular (1);3;XP INVESTIMENTOS CCTVM S/A;127;TULLETT PREBON BRASIL CVC LTDA.
BBSE3;1.119;0,88%;109.014.138;Balcão;23/07/2026;11:10:20;Novo (0);Regular (1);3;XP INVESTIMENTOS CCTVM S/A;127;TULLETT PREBON BRASIL CVC LTDA.
BBSE3;1.120;0,88%;109.014.126;Balcão;23/07/2026;11:10:20;Novo (0);Regular (1);3;XP INVESTIMENTOS CCTVM S/A;127;TULLETT PREBON BRASIL CVC LTDA.
BBSE3;1.123;0,88%;109.014.106;Balcão;23/07/2026;11:10:20;Novo (0);Regular (1);3;XP INVESTIMENTOS CCTVM S/A;127;TULLETT PREBON BRASIL CVC LTDA.
BBSE3;1.128;0,88%;109.014.065;Balcão;23/07/2026;11:10:20;Novo (0);Regular (1);3;XP INVESTIMENTOS CCTVM S/A;127;TULLETT PREBON BRASIL CVC LTDA.
BBSE3;1.130;0,88%;109.014.078;Balcão;23/07/2026;11:10:20;Novo (0);Regular (1);3;XP INVESTIMENTOS CCTVM S/A;127;TULLETT PREBON BRASIL CVC LTDA.
BBSE3;1.125;0,88%;109.014.068;Balcão;23/07/2026;11:10:20;Novo (0);Regular (1);3;XP INVESTIMENTOS CCTVM S/A;127;TULLETT PREBON BRASIL CVC LTDA.
BBSE3;1.113;0,88%;109.014.094;Balcão;23/07/2026;11:10:20;Novo (0);Regular (1);3;XP INVESTIMENTOS CCTVM S/A;127;TULLETT PREBON BRASIL CVC LTDA.
BBSE3;1.117;0,88%;109.014.128;Balcão;23/07/2026;11:10:20;Novo (0);Regular (1);3;XP INVESTIMENTOS CCTVM S/A;127;TULLETT PREBON BRASIL CVC LTDA.
BBSE3;1.116;0,88%;109.014.130;Balcão;23/07/2026;11:10:19;Novo (0);Regular (1);3;XP INVESTIMENTOS CCTVM S/A;127;TULLETT PREBON BRASIL CVC LTDA.
BBSE3;1.129;0,88%;109.014.066;Balcão;23/07/2026;11:10:19;Novo (0);Regular (1);3;XP INVESTIMENTOS CCTVM S/A;127;TULLETT PREBON BRASIL CVC LTDA.
BBSE3;1.120;0,88%;109.014.127;Balcão;23/07/2026;11:10:19;Novo (0);Regular (1);3;XP INVESTIMENTOS CCTVM S/A;127;TULLETT PREBON BRASIL CVC LTDA.
BBSE3;1.114;0,88%;109.014.087;Balcão;23/07/2026;11:10:19;Novo (0);Regular (1);3;XP INVESTIMENTOS CCTVM S/A;127;TULLETT PREBON BRASIL CVC LTDA.
BBSE3;1.120;0,88%;109.014.131;Balcão;23/07/2026;11:10:19;Novo (0);Regular (1);3;XP INVESTIMENTOS CCTVM S/A;127;TULLETT PREBON BRASIL CVC LTDA.
BBSE3;254;0,88%;109.014.111;Balcão;23/07/2026;11:10:19;Novo (0);Regular (1);3;XP INVESTIMENTOS CCTVM S/A;127;TULLETT PREBON BRASIL CVC LTDA.
BBSE3;1.131;0,88%;109.014.088;Balcão;23/07/2026;11:10:19;Novo (0);Regular (1);3;XP INVESTIMENTOS CCTVM S/A;127;TULLETT PREBON BRASIL CVC LTDA.
BBSE3;1.125;0,88%;109.014.071;Balcão;23/07/2026;11:10:19;Novo (0);Regular (1);3;XP INVESTIMENTOS CCTVM S/A;127;TULLETT PREBON BRASIL CVC LTDA.
BBSE3;1.120;0,88%;109.014.114;Balcão;23/07/2026;11:10:19;Novo (0);Regular (1);3;XP INVESTIMENTOS CCTVM S/A;127;TULLETT PREBON BRASIL CVC LTDA.
BBSE3;1.122;0,88%;109.014.079;Balcão;23/07/2026;11:10:18;Novo (0);Regular (1);3;XP INVESTIMENTOS CCTVM S/A;127;TULLETT PREBON BRASIL CVC LTDA.
BBSE3;1.114;0,88%;109.014.112;Balcão;23/07/2026;11:10:18;Novo (0);Regular (1);3;XP INVESTIMENTOS CCTVM S/A;127;TULLETT PREBON BRASIL CVC LTDA.
BBSE3;1.120;0,88%;109.014.123;Balcão;23/07/2026;11:10:18;Novo (0);Regular (1);3;XP INVESTIMENTOS CCTVM S/A;127;TULLETT PREBON BRASIL CVC LTDA.
BBSE3;1.118;0,88%;109.014.135;Balcão;23/07/2026;11:10:18;Novo (0);Regular (1);3;XP INVESTIMENTOS CCTVM S/A;127;TULLETT PREBON BRASIL CVC LTDA.
BBSE3;1.114;0,88%;109.014.103;Balcão;23/07/2026;11:10:18;Novo (0);Regular (1);3;XP INVESTIMENTOS CCTVM S/A;127;TULLETT PREBON BRASIL CVC LTDA.
BBSE3;1.120;0,88%;109.014.129;Balcão;23/07/2026;11:10:18;Novo (0);Regular (1);3;XP INVESTIMENTOS CCTVM S/A;127;TULLETT PREBON BRASIL CVC LTDA.
BBSE3;1.123;0,88%;109.014.096;Balcão;23/07/2026;11:10:18;Novo (0);Regular (1);3;XP INVESTIMENTOS CCTVM S/A;127;TULLETT PREBON BRASIL CVC LTDA.
BBSE3;1.120;0,88%;109.014.116;Balcão;23/07/2026;11:10:18;Novo (0);Regular (1);3;XP INVESTIMENTOS CCTVM S/A;127;TULLETT PREBON BRASIL CVC LTDA.
BBSE3;1.117;0,88%;109.014.140;Balcão;23/07/2026;11:10:18;Novo (0);Regular (1);3;XP INVESTIMENTOS CCTVM S/A;127;TULLETT PREBON BRASIL CVC LTDA.
BBSE3;1.112;0,88%;109.014.101;Balcão;23/07/2026;11:10:18;Novo (0);Regular (1);3;XP INVESTIMENTOS CCTVM S/A;127;TULLETT PREBON BRASIL CVC LTDA.
BBSE3;316;0,88%;109.014.110;Balcão;23/07/2026;11:10:18;Novo (0);Regular (1);3;XP INVESTIMENTOS CCTVM S/A;127;TULLETT PREBON BRASIL CVC LTDA.
BBSE3;1.116;0,88%;109.014.132;Balcão;23/07/2026;11:10:18;Novo (0);Regular (1);3;XP INVESTIMENTOS CCTVM S/A;127;TULLETT PREBON BRASIL CVC LTDA.
BBSE3;1.113;0,88%;109.014.097;Balcão;23/07/2026;11:10:18;Novo (0);Regular (1);3;XP INVESTIMENTOS CCTVM S/A;127;TULLETT PREBON BRASIL CVC LTDA.
BBSE3;1.115;0,88%;109.014.077;Balcão;23/07/2026;11:10:18;Novo (0);Regular (1);3;XP INVESTIMENTOS CCTVM S/A;127;TULLETT PREBON BRASIL CVC LTDA.
BBSE3;1.116;0,88%;109.014.125;Balcão;23/07/2026;11:10:18;Novo (0);Regular (1);3;XP INVESTIMENTOS CCTVM S/A;127;TULLETT PREBON BRASIL CVC LTDA.
BBSE3;1.124;0,88%;109.014.064;Balcão;23/07/2026;11:10:18;Novo (0);Regular (1);3;XP INVESTIMENTOS CCTVM S/A;127;TULLETT PREBON BRASIL CVC LTDA.
BBSE3;1.120;0,88%;109.014.121;Balcão;23/07/2026;11:10:18;Novo (0);Regular (1);3;XP INVESTIMENTOS CCTVM S/A;127;TULLETT PREBON BRASIL CVC LTDA.
BBSE3;1.119;0,88%;109.014.134;Balcão;23/07/2026;11:10:18;Novo (0);Regular (1);3;XP INVESTIMENTOS CCTVM S/A;127;TULLETT PREBON BRASIL CVC LTDA.
BBSE3;1.121;0,88%;109.014.122;Balcão;23/07/2026;11:10:18;Novo (0);Regular (1);3;XP INVESTIMENTOS CCTVM S/A;127;TULLETT PREBON BRASIL CVC LTDA.
BBSE3;1.113;0,88%;109.014.100;Balcão;23/07/2026;11:10:17;Novo (0);Regular (1);3;XP INVESTIMENTOS CCTVM S/A;127;TULLETT PREBON BRASIL CVC LTDA.
BBSE3;1.112;0,88%;109.014.105;Balcão;23/07/2026;11:10:17;Novo (0);Regular (1);3;XP INVESTIMENTOS CCTVM S/A;127;TULLETT PREBON BRASIL CVC LTDA.
BOVA11;2;2,00%;109.014.286;Balcão;23/07/2026;11:09:34;Novo (0);Regular (1);3;XP INVESTIMENTOS CCTVM S/A;4090;TORO CTVM SA
BOVA11;90;2,00%;109.014.287;Balcão;23/07/2026;11:09:33;Novo (0);Regular (1);3;XP INVESTIMENTOS CCTVM S/A;4090;TORO CTVM SA
BOVA11;88;2,00%;109.014.285;Balcão;23/07/2026;11:09:33;Novo (0);Regular (1);3;XP INVESTIMENTOS CCTVM S/A;4090;TORO CTVM SA
BOVA11;93;2,00%;109.014.288;Balcão;23/07/2026;11:09:33;Novo (0);Regular (1);3;XP INVESTIMENTOS CCTVM S/A;4090;TORO CTVM SA
BOVA11;93;2,00%;109.014.284;Balcão;23/07/2026;11:09:33;Novo (0);Regular (1);3;XP INVESTIMENTOS CCTVM S/A;4090;TORO CTVM SA
BOVA11;92;2,00%;109.014.283;Balcão;23/07/2026;11:09:32;Novo (0);Regular (1);3;XP INVESTIMENTOS CCTVM S/A;4090;TORO CTVM SA
BOVA11;97;2,00%;109.014.279;Balcão;23/07/2026;11:09:32;Novo (0);Regular (1);3;XP INVESTIMENTOS CCTVM S/A;4090;TORO CTVM SA
BOVA11;93;2,00%;109.014.282;Balcão;23/07/2026;11:09:32;Novo (0);Regular (1);3;XP INVESTIMENTOS CCTVM S/A;4090;TORO CTVM SA
BOVA11;96;2,00%;109.014.280;Balcão;23/07/2026;11:09:32;Novo (0);Regular (1);3;XP INVESTIMENTOS CCTVM S/A;4090;TORO CTVM SA
BOVA11;93;2,00%;109.014.281;Balcão;23/07/2026;11:09:32;Novo (0);Regular (1);3;XP INVESTIMENTOS CCTVM S/A;4090;TORO CTVM SA
BOVA11;92;2,00%;109.014.278;Balcão;23/07/2026;11:09:32;Novo (0);Regular (1);3;XP INVESTIMENTOS CCTVM S/A;4090;TORO CTVM SA
BOVA11;91;2,00%;109.014.277;Balcão;23/07/2026;11:09:32;Novo (0);Regular (1);3;XP INVESTIMENTOS CCTVM S/A;4090;TORO CTVM SA
BOVA11;96;2,00%;109.014.272;Balcão;23/07/2026;11:09:31;Novo (0);Regular (1);3;XP INVESTIMENTOS CCTVM S/A;4090;TORO CTVM SA
BOVA11;96;2,00%;109.014.271;Balcão;23/07/2026;11:09:31;Novo (0);Regular (1);3;XP INVESTIMENTOS CCTVM S/A;4090;TORO CTVM SA
BOVA11;96;2,00%;109.014.275;Balcão;23/07/2026;11:09:31;Novo (0);Regular (1);3;XP INVESTIMENTOS CCTVM S/A;4090;TORO CTVM SA
BOVA11;93;2,00%;109.014.274;Balcão;23/07/2026;11:09:31;Novo (0);Regular (1);3;XP INVESTIMENTOS CCTVM S/A;4090;TORO CTVM SA
BOVA11;90;2,00%;109.014.276;Balcão;23/07/2026;11:09:31;Novo (0);Regular (1);3;XP INVESTIMENTOS CCTVM S/A;4090;TORO CTVM SA
BOVA11;91;2,00%;109.014.273;Balcão;23/07/2026;11:09:31;Novo (0);Regular (1);3;XP INVESTIMENTOS CCTVM S/A;4090;TORO CTVM SA
BOVA11;96;2,00%;109.014.269;Balcão;23/07/2026;11:09:31;Novo (0);Regular (1);3;XP INVESTIMENTOS CCTVM S/A;4090;TORO CTVM SA
BOVA11;92;2,00%;109.014.270;Balcão;23/07/2026;11:09:31;Novo (0);Regular (1);3;XP INVESTIMENTOS CCTVM S/A;4090;TORO CTVM SA
BOVA11;96;2,00%;109.014.268;Balcão;23/07/2026;11:09:31;Novo (0);Regular (1);3;XP INVESTIMENTOS CCTVM S/A;4090;TORO CTVM SA
BOVA11;94;2,00%;109.014.262;Balcão;23/07/2026;11:09:30;Novo (0);Regular (1);3;XP INVESTIMENTOS CCTVM S/A;4090;TORO CTVM SA
BOVA11;97;2,00%;109.014.267;Balcão;23/07/2026;11:09:30;Novo (0);Regular (1);3;XP INVESTIMENTOS CCTVM S/A;4090;TORO CTVM SA
BOVA11;96;2,00%;109.014.265;Balcão;23/07/2026;11:09:30;Novo (0);Regular (1);3;XP INVESTIMENTOS CCTVM S/A;4090;TORO CTVM SA
BOVA11;91;2,00%;109.014.264;Balcão;23/07/2026;11:09:30;Novo (0);Regular (1);3;XP INVESTIMENTOS CCTVM S/A;4090;TORO CTVM SA
BOVA11;96;2,00%;109.014.266;Balcão;23/07/2026;11:09:30;Novo (0);Regular (1);3;XP INVESTIMENTOS CCTVM S/A;4090;TORO CTVM SA
BOVA11;96;2,00%;109.014.263;Balcão;23/07/2026;11:09:30;Novo (0);Regular (1);3;XP INVESTIMENTOS CCTVM S/A;4090;TORO CTVM SA
BOVA11;91;2,00%;109.014.261;Balcão;23/07/2026;11:09:30;Novo (0);Regular (1);3;XP INVESTIMENTOS CCTVM S/A;4090;TORO CTVM SA
BOVA11;92;2,00%;109.014.259;Balcão;23/07/2026;11:09:30;Novo (0);Regular (1);3;XP INVESTIMENTOS CCTVM S/A;4090;TORO CTVM SA
BOVA11;97;2,00%;109.014.260;Balcão;23/07/2026;11:09:30;Novo (0);Regular (1);3;XP INVESTIMENTOS CCTVM S/A;4090;TORO CTVM SA
BOVA11;90;2,00%;109.014.255;Balcão;23/07/2026;11:09:29;Novo (0);Regular (1);3;XP INVESTIMENTOS CCTVM S/A;4090;TORO CTVM SA
BOVA11;92;2,00%;109.014.256;Balcão;23/07/2026;11:09:29;Novo (0);Regular (1);3;XP INVESTIMENTOS CCTVM S/A;4090;TORO CTVM SA
BOVA11;96;2,00%;109.014.258;Balcão;23/07/2026;11:09:29;Novo (0);Regular (1);3;XP INVESTIMENTOS CCTVM S/A;4090;TORO CTVM SA
BOVA11;12;2,00%;109.014.257;Balcão;23/07/2026;11:09:29;Novo (0);Regular (1);3;XP INVESTIMENTOS CCTVM S/A;4090;TORO CTVM SA
BOVA11;97;2,00%;109.014.254;Balcão;23/07/2026;11:09:29;Novo (0);Regular (1);3;XP INVESTIMENTOS CCTVM S/A;4090;TORO CTVM SA
BOVA11;97;2,00%;109.014.253;Balcão;23/07/2026;11:09:29;Novo (0);Regular (1);3;XP INVESTIMENTOS CCTVM S/A;4090;TORO CTVM SA
BOVA11;93;2,00%;109.014.252;Balcão;23/07/2026;11:09:29;Novo (0);Regular (1);3;XP INVESTIMENTOS CCTVM S/A;4090;TORO CTVM SA
BOVA11;100;2,00%;109.014.251;Balcão;23/07/2026;11:09:28;Novo (0);Regular (1);3;XP INVESTIMENTOS CCTVM S/A;4090;TORO CTVM SA
BOVA11;90;2,00%;109.014.246;Balcão;23/07/2026;11:09:28;Novo (0);Regular (1);3;XP INVESTIMENTOS CCTVM S/A;4090;TORO CTVM SA
BOVA11;90;2,00%;109.014.245;Balcão;23/07/2026;11:09:28;Novo (0);Regular (1);3;XP INVESTIMENTOS CCTVM S/A;4090;TORO CTVM SA
BOVA11;90;2,00%;109.014.247;Balcão;23/07/2026;11:09:28;Novo (0);Regular (1);3;XP INVESTIMENTOS CCTVM S/A;4090;TORO CTVM SA
BOVA11;91;2,00%;109.014.250;Balcão;23/07/2026;11:09:28;Novo (0);Regular (1);3;XP INVESTIMENTOS CCTVM S/A;4090;TORO CTVM SA
BOVA11;94;2,00%;109.014.241;Balcão;23/07/2026;11:09:28;Novo (0);Regular (1);3;XP INVESTIMENTOS CCTVM S/A;4090;TORO CTVM SA
BOVA11;97;2,00%;109.014.249;Balcão;23/07/2026;11:09:28;Novo (0);Regular (1);3;XP INVESTIMENTOS CCTVM S/A;4090;TORO CTVM SA
BOVA11;96;2,00%;109.014.248;Balcão;23/07/2026;11:09:28;Novo (0);Regular (1);3;XP INVESTIMENTOS CCTVM S/A;4090;TORO CTVM SA
BOVA11;94;2,00%;109.014.243;Balcão;23/07/2026;11:09:28;Novo (0);Regular (1);3;XP INVESTIMENTOS CCTVM S/A;4090;TORO CTVM SA
BOVA11;97;2,00%;109.014.244;Balcão;23/07/2026;11:09:28;Novo (0);Regular (1);3;XP INVESTIMENTOS CCTVM S/A;4090;TORO CTVM SA
BOVA11;100;2,00%;109.014.242;Balcão;23/07/2026;11:09:28;Novo (0);Regular (1);3;XP INVESTIMENTOS CCTVM S/A;4090;TORO CTVM SA
BOVA11;94;2,00%;109.014.240;Balcão;23/07/2026;11:09:27;Novo (0);Regular (1);3;XP INVESTIMENTOS CCTVM S/A;4090;TORO CTVM SA
BOVA11;94;2,00%;109.014.239;Balcão;23/07/2026;11:09:27;Novo (0);Regular (1);3;XP INVESTIMENTOS CCTVM S/A;4090;TORO CTVM SA
BOVA11;100;2,00%;109.014.237;Balcão;23/07/2026;11:09:27;Novo (0);Regular (1);3;XP INVESTIMENTOS CCTVM S/A;4090;TORO CTVM SA
BOVA11;99;2,00%;109.014.238;Balcão;23/07/2026;11:09:27;Novo (0);Regular (1);3;XP INVESTIMENTOS CCTVM S/A;4090;TORO CTVM SA
BOVA11;98;2,00%;109.014.233;Balcão;23/07/2026;11:09:27;Novo (0);Regular (1);3;XP INVESTIMENTOS CCTVM S/A;4090;TORO CTVM SA
BOVA11;100;2,00%;109.014.225;Balcão;23/07/2026;11:09:27;Novo (0);Regular (1);3;XP INVESTIMENTOS CCTVM S/A;4090;TORO CTVM SA
BOVA11;90;2,00%;109.014.234;Balcão;23/07/2026;11:09:27;Novo (0);Regular (1);3;XP INVESTIMENTOS CCTVM S/A;4090;TORO CTVM SA
BOVA11;90;2,00%;109.014.226;Balcão;23/07/2026;11:09:27;Novo (0);Regular (1);3;XP INVESTIMENTOS CCTVM S/A;4090;TORO CTVM SA
BOVA11;96;2,00%;109.014.236;Balcão;23/07/2026;11:09:27;Novo (0);Regular (1);3;XP INVESTIMENTOS CCTVM S/A;4090;TORO CTVM SA
BOVA11;100;2,00%;109.014.235;Balcão;23/07/2026;11:09:27;Novo (0);Regular (1);3;XP INVESTIMENTOS CCTVM S/A;4090;TORO CTVM SA
BOVA11;69;2,00%;109.014.224;Balcão;23/07/2026;11:09:26;Novo (0);Regular (1);3;XP INVESTIMENTOS CCTVM S/A;4090;TORO CTVM SA
BOVA11;100;2,00%;109.014.230;Balcão;23/07/2026;11:09:26;Novo (0);Regular (1);3;XP INVESTIMENTOS CCTVM S/A;4090;TORO CTVM SA
BOVA11;96;2,00%;109.014.232;Balcão;23/07/2026;11:09:26;Novo (0);Regular (1);3;XP INVESTIMENTOS CCTVM S/A;4090;TORO CTVM SA
BOVA11;97;2,00%;109.014.231;Balcão;23/07/2026;11:09:26;Novo (0);Regular (1);3;XP INVESTIMENTOS CCTVM S/A;4090;TORO CTVM SA
BOVA11;100;2,00%;109.014.221;Balcão;23/07/2026;11:09:26;Novo (0);Regular (1);3;XP INVESTIMENTOS CCTVM S/A;4090;TORO CTVM SA
BOVA11;100;2,00%;109.014.218;Balcão;23/07/2026;11:09:26;Novo (0);Regular (1);3;XP INVESTIMENTOS CCTVM S/A;4090;TORO CTVM SA
BOVA11;95;2,00%;109.014.216;Balcão;23/07/2026;11:09:26;Novo (0);Regular (1);3;XP INVESTIMENTOS CCTVM S/A;4090;TORO CTVM SA
BOVA11;98;2,00%;109.014.223;Balcão;23/07/2026;11:09:26;Novo (0);Regular (1);3;XP INVESTIMENTOS CCTVM S/A;4090;TORO CTVM SA
BOVA11;95;2,00%;109.014.229;Balcão;23/07/2026;11:09:26;Novo (0);Regular (1);3;XP INVESTIMENTOS CCTVM S/A;4090;TORO CTVM SA
BOVA11;90;2,00%;109.014.227;Balcão;23/07/2026;11:09:26;Novo (0);Regular (1);3;XP INVESTIMENTOS CCTVM S/A;4090;TORO CTVM SA
BOVA11;99;2,00%;109.014.228;Balcão;23/07/2026;11:09:26;Novo (0);Regular (1);3;XP INVESTIMENTOS CCTVM S/A;4090;TORO CTVM SA
BOVA11;95;2,00%;109.014.222;Balcão;23/07/2026;11:09:25;Novo (0);Regular (1);3;XP INVESTIMENTOS CCTVM S/A;4090;TORO CTVM SA
BOVA11;29;2,00%;109.014.212;Balcão;23/07/2026;11:09:25;Novo (0);Regular (1);3;XP INVESTIMENTOS CCTVM S/A;4090;TORO CTVM SA
BOVA11;94;2,00%;109.014.214;Balcão;23/07/2026;11:09:25;Novo (0);Regular (1);3;XP INVESTIMENTOS CCTVM S/A;4090;TORO CTVM SA
BOVA11;100;2,00%;109.014.213;Balcão;23/07/2026;11:09:25;Novo (0);Regular (1);3;XP INVESTIMENTOS CCTVM S/A;4090;TORO CTVM SA
BOVA11;98;2,00%;109.014.211;Balcão;23/07/2026;11:09:25;Novo (0);Regular (1);3;XP INVESTIMENTOS CCTVM S/A;4090;TORO CTVM SA
BOVA11;100;2,00%;109.014.210;Balcão;23/07/2026;11:09:25;Novo (0);Regular (1);3;XP INVESTIMENTOS CCTVM S/A;4090;TORO CTVM SA
BOVA11;91;2,00%;109.014.208;Balcão;23/07/2026;11:09:25;Novo (0);Regular (1);3;XP INVESTIMENTOS CCTVM S/A;4090;TORO CTVM SA
BOVA11;100;2,00%;109.014.209;Balcão;23/07/2026;11:09:25;Novo (0);Regular (1);3;XP INVESTIMENTOS CCTVM S/A;4090;TORO CTVM SA
BOVA11;100;2,00%;109.014.220;Balcão;23/07/2026;11:09:25;Novo (0);Regular (1);3;XP INVESTIMENTOS CCTVM S/A;4090;TORO CTVM SA
BOVA11;100;2,00%;109.014.217;Balcão;23/07/2026;11:09:25;Novo (0);Regular (1);3;XP INVESTIMENTOS CCTVM S/A;4090;TORO CTVM SA
BOVA11;99;2,00%;109.014.219;Balcão;23/07/2026;11:09:25;Novo (0);Regular (1);3;XP INVESTIMENTOS CCTVM S/A;4090;TORO CTVM SA
BOVA11;95;2,00%;109.014.215;Balcão;23/07/2026;11:09:25;Novo (0);Regular (1);3;XP INVESTIMENTOS CCTVM S/A;4090;TORO CTVM SA
BOVA11;100;2,00%;109.014.207;Balcão;23/07/2026;11:09:24;Novo (0);Regular (1);3;XP INVESTIMENTOS CCTVM S/A;4090;TORO CTVM SA
BOVA11;94;2,00%;109.014.205;Balcão;23/07/2026;11:09:24;Novo (0);Regular (1);3;XP INVESTIMENTOS CCTVM S/A;4090;TORO CTVM SA
BOVA11;99;2,00%;109.014.204;Balcão;23/07/2026;11:09:24;Novo (0);Regular (1);3;XP INVESTIMENTOS CCTVM S/A;4090;TORO CTVM SA
BOVA11;98;2,00%;109.014.206;Balcão;23/07/2026;11:09:24;Novo (0);Regular (1);3;XP INVESTIMENTOS CCTVM S/A;4090;TORO CTVM SA
BOVA11;99;2,00%;109.014.202;Balcão;23/07/2026;11:09:24;Novo (0);Regular (1);3;XP INVESTIMENTOS CCTVM S/A;4090;TORO CTVM SA
BOVA11;96;2,00%;109.014.203;Balcão;23/07/2026;11:09:24;Novo (0);Regular (1);3;XP INVESTIMENTOS CCTVM S/A;4090;TORO CTVM SA
BOVA11;100;2,00%;109.014.201;Balcão;23/07/2026;11:09:24;Novo (0);Regular (1);3;XP INVESTIMENTOS CCTVM S/A;4090;TORO CTVM SA
BOVA11;100;2,00%;109.014.199;Balcão;23/07/2026;11:09:23;Novo (0);Regular (1);3;XP INVESTIMENTOS CCTVM S/A;4090;TORO CTVM SA
BOVA11;98;2,00%;109.014.200;Balcão;23/07/2026;11:09:23;Novo (0);Regular (1);3;XP INVESTIMENTOS CCTVM S/A;4090;TORO CTVM SA
BOVA11;99;2,00%;109.014.198;Balcão;23/07/2026;11:09:23;Novo (0);Regular (1);3;XP INVESTIMENTOS CCTVM S/A;4090;TORO CTVM SA
BOVA11;100;2,00%;109.014.197;Balcão;23/07/2026;11:09:23;Novo (0);Regular (1);3;XP INVESTIMENTOS CCTVM S/A;4090;TORO CTVM SA
BOVA11;95;2,00%;109.014.196;Balcão;23/07/2026;11:09:23;Novo (0);Regular (1);3;XP INVESTIMENTOS CCTVM S/A;4090;TORO CTVM SA
BOVA11;100;2,00%;109.014.192;Balcão;23/07/2026;11:09:23;Novo (0);Regular (1);3;XP INVESTIMENTOS CCTVM S/A;4090;TORO CTVM SA
BOVA11;100;2,00%;109.014.189;Balcão;23/07/2026;11:09:22;Novo (0);Regular (1);3;XP INVESTIMENTOS CCTVM S/A;4090;TORO CTVM SA
BOVA11;99;2,00%;109.014.188;Balcão;23/07/2026;11:09:22;Novo (0);Regular (1);3;XP INVESTIMENTOS CCTVM S/A;4090;TORO CTVM SA
BOVA11;100;2,00%;109.014.187;Balcão;23/07/2026;11:09:22;Novo (0);Regular (1);3;XP INVESTIMENTOS CCTVM S/A;4090;TORO CTVM SA
BOVA11;100;2,00%;109.014.186;Balcão;23/07/2026;11:09:22;Novo (0);Regular (1);3;XP INVESTIMENTOS CCTVM S/A;4090;TORO CTVM SA
BOVA11;100;2,00%;109.014.184;Balcão;23/07/2026;11:09:22;Novo (0);Regular (1);3;XP INVESTIMENTOS CCTVM S/A;4090;TORO CTVM SA
BOVA11;100;2,00%;109.014.193;Balcão;23/07/2026;11:09:22;Novo (0);Regular (1);3;XP INVESTIMENTOS CCTVM S/A;4090;TORO CTVM SA
BOVA11;95;2,00%;109.014.194;Balcão;23/07/2026;11:09:22;Novo (0);Regular (1);3;XP INVESTIMENTOS CCTVM S/A;4090;TORO CTVM SA
BOVA11;100;2,00%;109.014.195;Balcão;23/07/2026;11:09:22;Novo (0);Regular (1);3;XP INVESTIMENTOS CCTVM S/A;4090;TORO CTVM SA
BOVA11;100;2,00%;109.014.170;Balcão;23/07/2026;11:09:22;Novo (0);Regular (1);3;XP INVESTIMENTOS CCTVM S/A;4090;TORO CTVM SA
BOVA11;100;2,00%;109.014.191;Balcão;23/07/2026;11:09:22;Novo (0);Regular (1);3;XP INVESTIMENTOS CCTVM S/A;4090;TORO CTVM SA
BOVA11;95;2,00%;109.014.174;Balcão;23/07/2026;11:09:22;Novo (0);Regular (1);3;XP INVESTIMENTOS CCTVM S/A;4090;TORO CTVM SA
BOVA11;100;2,00%;109.014.190;Balcão;23/07/2026;11:09:22;Novo (0);Regular (1);3;XP INVESTIMENTOS CCTVM S/A;4090;TORO CTVM SA
BOVA11;100;2,00%;109.014.175;Balcão;23/07/2026;11:09:22;Novo (0);Regular (1);3;XP INVESTIMENTOS CCTVM S/A;4090;TORO CTVM SA
BOVA11;100;2,00%;109.014.182;Balcão;23/07/2026;11:09:22;Novo (0);Regular (1);3;XP INVESTIMENTOS CCTVM S/A;4090;TORO CTVM SA
BOVA11;99;2,00%;109.014.185;Balcão;23/07/2026;11:09:22;Novo (0);Regular (1);3;XP INVESTIMENTOS CCTVM S/A;4090;TORO CTVM SA
BOVA11;100;2,00%;109.014.183;Balcão;23/07/2026;11:09:21;Novo (0);Regular (1);3;XP INVESTIMENTOS CCTVM S/A;4090;TORO CTVM SA
BOVA11;100;2,00%;109.014.181;Balcão;23/07/2026;11:09:21;Novo (0);Regular (1);3;XP INVESTIMENTOS CCTVM S/A;4090;TORO CTVM SA
BOVA11;100;2,00%;109.014.180;Balcão;23/07/2026;11:09:21;Novo (0);Regular (1);3;XP INVESTIMENTOS CCTVM S/A;4090;TORO CTVM SA
BOVA11;95;2,00%;109.014.179;Balcão;23/07/2026;11:09:21;Novo (0);Regular (1);3;XP INVESTIMENTOS CCTVM S/A;4090;TORO CTVM SA
BOVA11;100;2,00%;109.014.177;Balcão;23/07/2026;11:09:21;Novo (0);Regular (1);3;XP INVESTIMENTOS CCTVM S/A;4090;TORO CTVM SA
BOVA11;100;2,00%;109.014.178;Balcão;23/07/2026;11:09:21;Novo (0);Regular (1);3;XP INVESTIMENTOS CCTVM S/A;4090;TORO CTVM SA
BOVA11;95;2,00%;109.014.176;Balcão;23/07/2026;11:09:21;Novo (0);Regular (1);3;XP INVESTIMENTOS CCTVM S/A;4090;TORO CTVM SA
BOVA11;100;2,00%;109.014.168;Balcão;23/07/2026;11:09:21;Novo (0);Regular (1);3;XP INVESTIMENTOS CCTVM S/A;4090;TORO CTVM SA
BOVA11;100;2,00%;109.014.167;Balcão;23/07/2026;11:09:20;Novo (0);Regular (1);3;XP INVESTIMENTOS CCTVM S/A;4090;TORO CTVM SA
BOVA11;100;2,00%;109.014.169;Balcão;23/07/2026;11:09:20;Novo (0);Regular (1);3;XP INVESTIMENTOS CCTVM S/A;4090;TORO CTVM SA
BOVA11;100;2,00%;109.014.166;Balcão;23/07/2026;11:09:20;Novo (0);Regular (1);3;XP INVESTIMENTOS CCTVM S/A;4090;TORO CTVM SA
BOVA11;100;2,00%;109.014.165;Balcão;23/07/2026;11:09:20;Novo (0);Regular (1);3;XP INVESTIMENTOS CCTVM S/A;4090;TORO CTVM SA
BOVA11;95;2,00%;109.014.171;Balcão;23/07/2026;11:09:20;Novo (0);Regular (1);3;XP INVESTIMENTOS CCTVM S/A;4090;TORO CTVM SA
BOVA11;100;2,00%;109.014.173;Balcão;23/07/2026;11:09:20;Novo (0);Regular (1);3;XP INVESTIMENTOS CCTVM S/A;4090;TORO CTVM SA
BOVA11;100;2,00%;109.014.172;Balcão;23/07/2026;11:09:20;Novo (0);Regular (1);3;XP INVESTIMENTOS CCTVM S/A;4090;TORO CTVM SA
BOVA11;100;2,00%;109.014.163;Balcão;23/07/2026;11:09:20;Novo (0);Regular (1);3;XP INVESTIMENTOS CCTVM S/A;4090;TORO CTVM SA
BOVA11;100;2,00%;109.014.161;Balcão;23/07/2026;11:09:20;Novo (0);Regular (1);3;XP INVESTIMENTOS CCTVM S/A;4090;TORO CTVM SA
BOVA11;100;2,00%;109.014.162;Balcão;23/07/2026;11:09:19;Novo (0);Regular (1);3;XP INVESTIMENTOS CCTVM S/A;4090;TORO CTVM SA
BOVA11;96;2,00%;109.014.160;Balcão;23/07/2026;11:09:19;Novo (0);Regular (1);3;XP INVESTIMENTOS CCTVM S/A;4090;TORO CTVM SA
BOVA11;100;2,00%;109.014.164;Balcão;23/07/2026;11:09:19;Novo (0);Regular (1);3;XP INVESTIMENTOS CCTVM S/A;4090;TORO CTVM SA
BOVA11;96;2,00%;109.014.159;Balcão;23/07/2026;11:09:19;Novo (0);Regular (1);3;XP INVESTIMENTOS CCTVM S/A;4090;TORO CTVM SA
BOVA11;99;2,00%;109.014.158;Balcão;23/07/2026;11:09:19;Novo (0);Regular (1);3;XP INVESTIMENTOS CCTVM S/A;4090;TORO CTVM SA
BOVA11;100;2,00%;109.014.157;Balcão;23/07/2026;11:09:19;Novo (0);Regular (1);3;XP INVESTIMENTOS CCTVM S/A;4090;TORO CTVM SA
BOVA11;23;2,00%;109.014.155;Balcão;23/07/2026;11:09:18;Novo (0);Regular (1);3;XP INVESTIMENTOS CCTVM S/A;4090;TORO CTVM SA
BOVA11;100;2,00%;109.014.156;Balcão;23/07/2026;11:09:18;Novo (0);Regular (1);3;XP INVESTIMENTOS CCTVM S/A;4090;TORO CTVM SA
BOVA11;77;2,00%;109.014.153;Balcão;23/07/2026;11:09:18;Novo (0);Regular (1);3;XP INVESTIMENTOS CCTVM S/A;4090;TORO CTVM SA
BOVA11;100;2,00%;109.014.154;Balcão;23/07/2026;11:09:18;Novo (0);Regular (1);3;XP INVESTIMENTOS CCTVM S/A;4090;TORO CTVM SA
BOVA11;100;2,00%;109.014.151;Balcão;23/07/2026;11:09:18;Novo (0);Regular (1);3;XP INVESTIMENTOS CCTVM S/A;4090;TORO CTVM SA
BOVA11;100;2,00%;109.014.152;Balcão;23/07/2026;11:09:18;Novo (0);Regular (1);3;XP INVESTIMENTOS CCTVM S/A;4090;TORO CTVM SA
BOVA11;100;2,00%;109.014.150;Balcão;23/07/2026;11:09:17;Novo (0);Regular (1);3;XP INVESTIMENTOS CCTVM S/A;4090;TORO CTVM SA
BOVA11;100;2,00%;109.014.149;Balcão;23/07/2026;11:09:17;Novo (0);Regular (1);3;XP INVESTIMENTOS CCTVM S/A;4090;TORO CTVM SA
BOVA11;100;2,00%;109.014.145;Balcão;23/07/2026;11:09:17;Novo (0);Regular (1);3;XP INVESTIMENTOS CCTVM S/A;4090;TORO CTVM SA
BOVA11;100;2,00%;109.014.146;Balcão;23/07/2026;11:09:17;Novo (0);Regular (1);3;XP INVESTIMENTOS CCTVM S/A;4090;TORO CTVM SA
BOVA11;100;2,00%;109.014.147;Balcão;23/07/2026;11:09:17;Novo (0);Regular (1);3;XP INVESTIMENTOS CCTVM S/A;4090;TORO CTVM SA
BOVA11;100;2,00%;109.014.148;Balcão;23/07/2026;11:09:17;Novo (0);Regular (1);3;XP INVESTIMENTOS CCTVM S/A;4090;TORO CTVM SA
BOVA11;100;2,00%;109.014.141;Balcão;23/07/2026;11:09:16;Novo (0);Regular (1);3;XP INVESTIMENTOS CCTVM S/A;4090;TORO CTVM SA
BOVA11;100;2,00%;109.014.144;Balcão;23/07/2026;11:09:16;Novo (0);Regular (1);3;XP INVESTIMENTOS CCTVM S/A;4090;TORO CTVM SA
BOVA11;100;2,00%;109.014.143;Balcão;23/07/2026;11:09:16;Novo (0);Regular (1);3;XP INVESTIMENTOS CCTVM S/A;4090;TORO CTVM SA
BOVA11;100;2,00%;109.014.142;Balcão;23/07/2026;11:09:16;Novo (0);Regular (1);3;XP INVESTIMENTOS CCTVM S/A;4090;TORO CTVM SA
BOVA11;100;2,00%;109.014.137;Balcão;23/07/2026;11:09:16;Novo (0);Regular (1);3;XP INVESTIMENTOS CCTVM S/A;4090;TORO CTVM SA
BOVA11;100;2,00%;109.014.139;Balcão;23/07/2026;11:09:16;Novo (0);Regular (1);3;XP INVESTIMENTOS CCTVM S/A;4090;TORO CTVM SA
BOVA11;100;2,00%;109.014.136;Balcão;23/07/2026;11:09:16;Novo (0);Regular (1);3;XP INVESTIMENTOS CCTVM S/A;4090;TORO CTVM SA
BOVA11;100;2,00%;109.014.133;Balcão;23/07/2026;11:09:16;Novo (0);Regular (1);3;XP INVESTIMENTOS CCTVM S/A;4090;TORO CTVM SA
BOVA11;100;2,00%;109.014.124;Balcão;23/07/2026;11:09:15;Novo (0);Regular (1);3;XP INVESTIMENTOS CCTVM S/A;4090;TORO CTVM SA
BOVA11;100;2,00%;109.014.119;Balcão;23/07/2026;11:09:15;Novo (0);Regular (1);3;XP INVESTIMENTOS CCTVM S/A;4090;TORO CTVM SA
BOVA11;100;2,00%;109.014.118;Balcão;23/07/2026;11:09:15;Novo (0);Regular (1);3;XP INVESTIMENTOS CCTVM S/A;4090;TORO CTVM SA
BOVA11;100;2,00%;109.014.120;Balcão;23/07/2026;11:09:14;Novo (0);Regular (1);3;XP INVESTIMENTOS CCTVM S/A;4090;TORO CTVM SA
BOVA11;100;2,00%;109.014.115;Balcão;23/07/2026;11:09:14;Novo (0);Regular (1);3;XP INVESTIMENTOS CCTVM S/A;4090;TORO CTVM SA
BOVA11;100;2,00%;109.014.108;Balcão;23/07/2026;11:09:14;Novo (0);Regular (1);3;XP INVESTIMENTOS CCTVM S/A;4090;TORO CTVM SA
BOVA11;1;2,00%;109.014.102;Balcão;23/07/2026;11:09:13;Novo (0);Regular (1);3;XP INVESTIMENTOS CCTVM S/A;4090;TORO CTVM SA
BOVA11;14;2,00%;109.014.099;Balcão;23/07/2026;11:09:13;Novo (0);Regular (1);3;XP INVESTIMENTOS CCTVM S/A;4090;TORO CTVM SA
BOVA11;85;2,00%;109.014.098;Balcão;23/07/2026;11:09:13;Novo (0);Regular (1);3;XP INVESTIMENTOS CCTVM S/A;4090;TORO CTVM SA
BOVA11;56;2,00%;109.014.093;Balcão;23/07/2026;11:09:13;Novo (0);Regular (1);3;XP INVESTIMENTOS CCTVM S/A;4090;TORO CTVM SA
BOVA11;100;2,00%;109.014.095;Balcão;23/07/2026;11:09:13;Novo (0);Regular (1);3;XP INVESTIMENTOS CCTVM S/A;4090;TORO CTVM SA
BOVA11;100;2,00%;109.014.091;Balcão;23/07/2026;11:09:12;Novo (0);Regular (1);3;XP INVESTIMENTOS CCTVM S/A;4090;TORO CTVM SA
BOVA11;100;2,00%;109.014.084;Balcão;23/07/2026;11:09:12;Novo (0);Regular (1);3;XP INVESTIMENTOS CCTVM S/A;4090;TORO CTVM SA
BOVA11;90;2,00%;109.014.080;Balcão;23/07/2026;11:09:12;Novo (0);Regular (1);3;XP INVESTIMENTOS CCTVM S/A;4090;TORO CTVM SA
BOVA11;44;2,00%;109.014.090;Balcão;23/07/2026;11:09:12;Novo (0);Regular (1);3;XP INVESTIMENTOS CCTVM S/A;4090;TORO CTVM SA
BOVA11;100;2,00%;109.014.081;Balcão;23/07/2026;11:09:12;Novo (0);Regular (1);3;XP INVESTIMENTOS CCTVM S/A;4090;TORO CTVM SA
BBSE3;365;0,88%;109.014.076;Balcão;23/07/2026;11:09:12;Novo (0);Regular (1);3;XP INVESTIMENTOS CCTVM S/A;59;SAFRA CORRETORA DE VALORES E CAMBIO LTDA
BOVA11;10;2,00%;109.014.073;Balcão;23/07/2026;11:09:12;Novo (0);Regular (1);3;XP INVESTIMENTOS CCTVM S/A;4090;TORO CTVM SA
BBSE3;795;0,88%;109.014.074;Balcão;23/07/2026;11:09:11;Novo (0);Regular (1);3;XP INVESTIMENTOS CCTVM S/A;59;SAFRA CORRETORA DE VALORES E CAMBIO LTDA
SPXU11;20.000;0,25%;109.013.859;Balcão;23/07/2026;11:08:08;Novo (0);Regular (1);93;NOVA FUTURA CTVM LTDA;93;NOVA FUTURA CTVM LTDA
AADA39;1;2,00%;109.013.967;Balcão;23/07/2026;11:06:42;Novo (0);Regular (1);3;XP INVESTIMENTOS CCTVM S/A;3;XP INVESTIMENTOS CCTVM S/A
EMBJ3;300;0,12%;109.014.062;Balcão;23/07/2026;11:04:15;Novo (0);Regular (1);27;SANTANDER CCVM S/A;27;SANTANDER CCVM S/A
BBSE3;1.133;0,88%;109.013.979;Balcão;23/07/2026;11:03:00;Novo (0);Regular (1);3;XP INVESTIMENTOS CCTVM S/A;3;XP INVESTIMENTOS CCTVM S/A
BBSE3;1.700;0,88%;109.013.913;Balcão;23/07/2026;11:03:00;Novo (0);Regular (1);3;XP INVESTIMENTOS CCTVM S/A;3;XP INVESTIMENTOS CCTVM S/A
BBSE3;2.676;0,88%;109.013.909;Balcão;23/07/2026;11:02:59;Novo (0);Regular (1);3;XP INVESTIMENTOS CCTVM S/A;3;XP INVESTIMENTOS CCTVM S/A
BBSE3;3.125;0,88%;109.013.900;Balcão;23/07/2026;11:02:59;Novo (0);Regular (1);3;XP INVESTIMENTOS CCTVM S/A;3;XP INVESTIMENTOS CCTVM S/A
BBSE3;2.032;0,88%;109.013.908;Balcão;23/07/2026;11:02:59;Novo (0);Regular (1);3;XP INVESTIMENTOS CCTVM S/A;3;XP INVESTIMENTOS CCTVM S/A
BBSE3;1.136;0,88%;109.013.912;Balcão;23/07/2026;11:02:59;Novo (0);Regular (1);3;XP INVESTIMENTOS CCTVM S/A;3;XP INVESTIMENTOS CCTVM S/A
BBSE3;1.454;0,88%;109.013.914;Balcão;23/07/2026;11:02:59;Novo (0);Regular (1);3;XP INVESTIMENTOS CCTVM S/A;3;XP INVESTIMENTOS CCTVM S/A
BBSE3;2.200;0,88%;109.013.920;Balcão;23/07/2026;11:02:59;Novo (0);Regular (1);3;XP INVESTIMENTOS CCTVM S/A;3;XP INVESTIMENTOS CCTVM S/A
BBSE3;1.134;0,88%;109.013.929;Balcão;23/07/2026;11:02:58;Novo (0);Regular (1);3;XP INVESTIMENTOS CCTVM S/A;3;XP INVESTIMENTOS CCTVM S/A
BBSE3;1.137;0,88%;109.013.935;Balcão;23/07/2026;11:02:58;Novo (0);Regular (1);3;XP INVESTIMENTOS CCTVM S/A;3;XP INVESTIMENTOS CCTVM S/A
BBSE3;1.563;0,88%;109.013.903;Balcão;23/07/2026;11:02:58;Novo (0);Regular (1);3;XP INVESTIMENTOS CCTVM S/A;3;XP INVESTIMENTOS CCTVM S/A
BBSE3;879;0,88%;109.013.928;Balcão;23/07/2026;11:02:58;Novo (0);Regular (1);3;XP INVESTIMENTOS CCTVM S/A;3;XP INVESTIMENTOS CCTVM S/A
BBSE3;2.000;0,88%;109.013.917;Balcão;23/07/2026;11:02:58;Novo (0);Regular (1);3;XP INVESTIMENTOS CCTVM S/A;3;XP INVESTIMENTOS CCTVM S/A
BBSE3;1.136;0,88%;109.013.957;Balcão;23/07/2026;11:02:58;Novo (0);Regular (1);3;XP INVESTIMENTOS CCTVM S/A;3;XP INVESTIMENTOS CCTVM S/A
BBSE3;1.136;0,88%;109.013.899;Balcão;23/07/2026;11:02:58;Novo (0);Regular (1);3;XP INVESTIMENTOS CCTVM S/A;3;XP INVESTIMENTOS CCTVM S/A
BBSE3;1.133;0,88%;109.013.930;Balcão;23/07/2026;11:02:58;Novo (0);Regular (1);3;XP INVESTIMENTOS CCTVM S/A;3;XP INVESTIMENTOS CCTVM S/A
BBSE3;1.135;0,88%;109.013.907;Balcão;23/07/2026;11:02:57;Novo (0);Regular (1);3;XP INVESTIMENTOS CCTVM S/A;3;XP INVESTIMENTOS CCTVM S/A
BBSE3;2.086;0,88%;109.013.921;Balcão;23/07/2026;11:02:57;Novo (0);Regular (1);3;XP INVESTIMENTOS CCTVM S/A;3;XP INVESTIMENTOS CCTVM S/A
BBSE3;1.700;0,88%;109.013.898;Balcão;23/07/2026;11:02:57;Novo (0);Regular (1);3;XP INVESTIMENTOS CCTVM S/A;3;XP INVESTIMENTOS CCTVM S/A
BBSE3;1.985;0,88%;109.013.918;Balcão;23/07/2026;11:02:57;Novo (0);Regular (1);3;XP INVESTIMENTOS CCTVM S/A;3;XP INVESTIMENTOS CCTVM S/A
BBSE3;2.600;0,88%;109.013.906;Balcão;23/07/2026;11:02:57;Novo (0);Regular (1);3;XP INVESTIMENTOS CCTVM S/A;3;XP INVESTIMENTOS CCTVM S/A
BBSE3;2.844;0,88%;109.013.910;Balcão;23/07/2026;11:02:57;Novo (0);Regular (1);3;XP INVESTIMENTOS CCTVM S/A;3;XP INVESTIMENTOS CCTVM S/A
BBSE3;1.156;0,88%;109.013.905;Balcão;23/07/2026;11:02:57;Novo (0);Regular (1);3;XP INVESTIMENTOS CCTVM S/A;3;XP INVESTIMENTOS CCTVM S/A
BBSE3;1.135;0,88%;109.013.919;Balcão;23/07/2026;11:02:56;Novo (0);Regular (1);3;XP INVESTIMENTOS CCTVM S/A;3;XP INVESTIMENTOS CCTVM S/A
BBSE3;1.134;0,88%;109.013.922;Balcão;23/07/2026;11:02:56;Novo (0);Regular (1);3;XP INVESTIMENTOS CCTVM S/A;3;XP INVESTIMENTOS CCTVM S/A
BBSE3;1.144;0,88%;109.013.915;Balcão;23/07/2026;11:02:56;Novo (0);Regular (1);3;XP INVESTIMENTOS CCTVM S/A;3;XP INVESTIMENTOS CCTVM S/A
BBSE3;1.526;0,88%;109.013.902;Balcão;23/07/2026;11:02:56;Novo (0);Regular (1);3;XP INVESTIMENTOS CCTVM S/A;3;XP INVESTIMENTOS CCTVM S/A
BBSE3;1.781;0,88%;109.013.911;Balcão;23/07/2026;11:02:56;Novo (0);Regular (1);3;XP INVESTIMENTOS CCTVM S/A;3;XP INVESTIMENTOS CCTVM S/A
BOVA11;2;0,72%;109.014.027;Balcão;23/07/2026;11:02:47;Novo (0);Regular (1);92;RENASCENCA DTVM LTDA;92;RENASCENCA DTVM LTDA
BOVA11;3;0,72%;109.014.028;Balcão;23/07/2026;11:02:47;Novo (0);Regular (1);92;RENASCENCA DTVM LTDA;92;RENASCENCA DTVM LTDA
BOVA11;10;0,72%;109.014.029;Balcão;23/07/2026;11:02:47;Novo (0);Regular (1);92;RENASCENCA DTVM LTDA;92;RENASCENCA DTVM LTDA
BOVA11;21;0,72%;109.014.030;Balcão;23/07/2026;11:02:47;Novo (0);Regular (1);92;RENASCENCA DTVM LTDA;92;RENASCENCA DTVM LTDA
BOVA11;3;0,72%;109.014.031;Balcão;23/07/2026;11:02:46;Novo (0);Regular (1);92;RENASCENCA DTVM LTDA;92;RENASCENCA DTVM LTDA
BOVA11;3;0,72%;109.014.032;Balcão;23/07/2026;11:02:46;Novo (0);Regular (1);92;RENASCENCA DTVM LTDA;92;RENASCENCA DTVM LTDA
BOVA11;13;0,72%;109.014.034;Balcão;23/07/2026;11:02:46;Novo (0);Regular (1);92;RENASCENCA DTVM LTDA;92;RENASCENCA DTVM LTDA
BOVA11;2;0,72%;109.014.033;Balcão;23/07/2026;11:02:46;Novo (0);Regular (1);92;RENASCENCA DTVM LTDA;92;RENASCENCA DTVM LTDA
BOVA11;2;0,72%;109.014.035;Balcão;23/07/2026;11:02:46;Novo (0);Regular (1);92;RENASCENCA DTVM LTDA;92;RENASCENCA DTVM LTDA
BOVA11;14;0,72%;109.014.036;Balcão;23/07/2026;11:02:46;Novo (0);Regular (1);92;RENASCENCA DTVM LTDA;92;RENASCENCA DTVM LTDA
BOVA11;6;0,72%;109.014.037;Balcão;23/07/2026;11:02:46;Novo (0);Regular (1);92;RENASCENCA DTVM LTDA;92;RENASCENCA DTVM LTDA
BOVA11;2;0,72%;109.014.038;Balcão;23/07/2026;11:02:46;Novo (0);Regular (1);92;RENASCENCA DTVM LTDA;92;RENASCENCA DTVM LTDA
BOVA11;15;0,72%;109.014.039;Balcão;23/07/2026;11:02:46;Novo (0);Regular (1);92;RENASCENCA DTVM LTDA;92;RENASCENCA DTVM LTDA
BOVA11;2;0,72%;109.014.040;Balcão;23/07/2026;11:02:46;Novo (0);Regular (1);92;RENASCENCA DTVM LTDA;92;RENASCENCA DTVM LTDA
BOVA11;13;0,72%;109.014.041;Balcão;23/07/2026;11:02:46;Novo (0);Regular (1);92;RENASCENCA DTVM LTDA;92;RENASCENCA DTVM LTDA
BOVA11;5;0,72%;109.014.042;Balcão;23/07/2026;11:02:46;Novo (0);Regular (1);92;RENASCENCA DTVM LTDA;92;RENASCENCA DTVM LTDA
BOVA11;5;0,72%;109.014.043;Balcão;23/07/2026;11:02:46;Novo (0);Regular (1);92;RENASCENCA DTVM LTDA;92;RENASCENCA DTVM LTDA
BOVA11;5;0,72%;109.014.044;Balcão;23/07/2026;11:02:46;Novo (0);Regular (1);92;RENASCENCA DTVM LTDA;92;RENASCENCA DTVM LTDA
BOVA11;13;0,72%;109.014.045;Balcão;23/07/2026;11:02:46;Novo (0);Regular (1);92;RENASCENCA DTVM LTDA;92;RENASCENCA DTVM LTDA
BOVA11;2;0,72%;109.014.046;Balcão;23/07/2026;11:02:46;Novo (0);Regular (1);92;RENASCENCA DTVM LTDA;92;RENASCENCA DTVM LTDA
BOVA11;2;0,72%;109.014.047;Balcão;23/07/2026;11:02:46;Novo (0);Regular (1);92;RENASCENCA DTVM LTDA;92;RENASCENCA DTVM LTDA
BOVA11;3;0,72%;109.014.048;Balcão;23/07/2026;11:02:46;Novo (0);Regular (1);92;RENASCENCA DTVM LTDA;92;RENASCENCA DTVM LTDA
BOVA11;2;0,72%;109.014.049;Balcão;23/07/2026;11:02:46;Novo (0);Regular (1);92;RENASCENCA DTVM LTDA;92;RENASCENCA DTVM LTDA
BOVA11;11;0,72%;109.014.050;Balcão;23/07/2026;11:02:46;Novo (0);Regular (1);92;RENASCENCA DTVM LTDA;92;RENASCENCA DTVM LTDA
BOVA11;3;0,72%;109.014.051;Balcão;23/07/2026;11:02:45;Novo (0);Regular (1);92;RENASCENCA DTVM LTDA;92;RENASCENCA DTVM LTDA
BOVA11;1;0,72%;109.014.052;Balcão;23/07/2026;11:02:45;Novo (0);Regular (1);92;RENASCENCA DTVM LTDA;92;RENASCENCA DTVM LTDA
BOVA11;23;0,72%;109.014.053;Balcão;23/07/2026;11:02:45;Novo (0);Regular (1);92;RENASCENCA DTVM LTDA;92;RENASCENCA DTVM LTDA
BOVA11;10;0,72%;109.014.054;Balcão;23/07/2026;11:02:45;Novo (0);Regular (1);92;RENASCENCA DTVM LTDA;92;RENASCENCA DTVM LTDA
BOVA11;12;0,72%;109.014.055;Balcão;23/07/2026;11:02:45;Novo (0);Regular (1);92;RENASCENCA DTVM LTDA;92;RENASCENCA DTVM LTDA
BOVA11;4;0,72%;109.014.056;Balcão;23/07/2026;11:02:45;Novo (0);Regular (1);92;RENASCENCA DTVM LTDA;92;RENASCENCA DTVM LTDA
BOVA11;2;0,72%;109.014.057;Balcão;23/07/2026;11:02:45;Novo (0);Regular (1);92;RENASCENCA DTVM LTDA;92;RENASCENCA DTVM LTDA
BOVA11;2;0,72%;109.014.058;Balcão;23/07/2026;11:02:45;Novo (0);Regular (1);92;RENASCENCA DTVM LTDA;92;RENASCENCA DTVM LTDA
BOVA11;2;0,72%;109.014.059;Balcão;23/07/2026;11:02:45;Novo (0);Regular (1);92;RENASCENCA DTVM LTDA;92;RENASCENCA DTVM LTDA
BOVA11;11;0,72%;109.014.060;Balcão;23/07/2026;11:02:45;Novo (0);Regular (1);92;RENASCENCA DTVM LTDA;92;RENASCENCA DTVM LTDA
BOVA11;4;0,72%;109.014.061;Balcão;23/07/2026;11:02:45;Novo (0);Regular (1);92;RENASCENCA DTVM LTDA;92;RENASCENCA DTVM LTDA
BOVA11;23;0,72%;109.013.997;Balcão;23/07/2026;11:02:19;Novo (0);Regular (1);92;RENASCENCA DTVM LTDA;92;RENASCENCA DTVM LTDA
BOVA11;9;0,72%;109.013.998;Balcão;23/07/2026;11:02:19;Novo (0);Regular (1);92;RENASCENCA DTVM LTDA;92;RENASCENCA DTVM LTDA
BOVA11;9;0,72%;109.013.999;Balcão;23/07/2026;11:02:19;Novo (0);Regular (1);92;RENASCENCA DTVM LTDA;92;RENASCENCA DTVM LTDA
BOVA11;3;0,72%;109.014.000;Balcão;23/07/2026;11:02:19;Novo (0);Regular (1);92;RENASCENCA DTVM LTDA;92;RENASCENCA DTVM LTDA
BOVA11;28;0,72%;109.014.001;Balcão;23/07/2026;11:02:19;Novo (0);Regular (1);92;RENASCENCA DTVM LTDA;92;RENASCENCA DTVM LTDA
BOVA11;18;0,72%;109.014.002;Balcão;23/07/2026;11:02:19;Novo (0);Regular (1);92;RENASCENCA DTVM LTDA;92;RENASCENCA DTVM LTDA
BOVA11;7;0,72%;109.014.003;Balcão;23/07/2026;11:02:19;Novo (0);Regular (1);92;RENASCENCA DTVM LTDA;92;RENASCENCA DTVM LTDA
BOVA11;2;0,72%;109.014.004;Balcão;23/07/2026;11:02:18;Novo (0);Regular (1);92;RENASCENCA DTVM LTDA;92;RENASCENCA DTVM LTDA
BOVA11;7;0,72%;109.014.005;Balcão;23/07/2026;11:02:18;Novo (0);Regular (1);92;RENASCENCA DTVM LTDA;92;RENASCENCA DTVM LTDA
BOVA11;10;0,72%;109.014.006;Balcão;23/07/2026;11:02:18;Novo (0);Regular (1);92;RENASCENCA DTVM LTDA;92;RENASCENCA DTVM LTDA
BOVA11;28;0,72%;109.014.007;Balcão;23/07/2026;11:02:18;Novo (0);Regular (1);92;RENASCENCA DTVM LTDA;92;RENASCENCA DTVM LTDA
BOVA11;19;0,72%;109.014.008;Balcão;23/07/2026;11:02:18;Novo (0);Regular (1);92;RENASCENCA DTVM LTDA;92;RENASCENCA DTVM LTDA
BOVA11;3;0,72%;109.014.009;Balcão;23/07/2026;11:02:18;Novo (0);Regular (1);92;RENASCENCA DTVM LTDA;92;RENASCENCA DTVM LTDA
BOVA11;3;0,72%;109.014.010;Balcão;23/07/2026;11:02:18;Novo (0);Regular (1);92;RENASCENCA DTVM LTDA;92;RENASCENCA DTVM LTDA
BOVA11;7;0,72%;109.014.011;Balcão;23/07/2026;11:02:18;Novo (0);Regular (1);92;RENASCENCA DTVM LTDA;92;RENASCENCA DTVM LTDA
BOVA11;25;0,72%;109.014.012;Balcão;23/07/2026;11:02:18;Novo (0);Regular (1);92;RENASCENCA DTVM LTDA;92;RENASCENCA DTVM LTDA
BOVA11;3;0,72%;109.014.013;Balcão;23/07/2026;11:02:18;Novo (0);Regular (1);92;RENASCENCA DTVM LTDA;92;RENASCENCA DTVM LTDA
BOVA11;28;0,72%;109.014.014;Balcão;23/07/2026;11:02:18;Novo (0);Regular (1);92;RENASCENCA DTVM LTDA;92;RENASCENCA DTVM LTDA
BOVA11;7;0,72%;109.014.015;Balcão;23/07/2026;11:02:18;Novo (0);Regular (1);92;RENASCENCA DTVM LTDA;92;RENASCENCA DTVM LTDA
BOVA11;7;0,72%;109.014.016;Balcão;23/07/2026;11:02:18;Novo (0);Regular (1);92;RENASCENCA DTVM LTDA;92;RENASCENCA DTVM LTDA
BOVA11;20;0,72%;109.014.017;Balcão;23/07/2026;11:02:18;Novo (0);Regular (1);92;RENASCENCA DTVM LTDA;92;RENASCENCA DTVM LTDA
BOVA11;26;0,72%;109.014.018;Balcão;23/07/2026;11:02:18;Novo (0);Regular (1);92;RENASCENCA DTVM LTDA;92;RENASCENCA DTVM LTDA
BOVA11;3;0,72%;109.014.019;Balcão;23/07/2026;11:02:18;Novo (0);Regular (1);92;RENASCENCA DTVM LTDA;92;RENASCENCA DTVM LTDA
BOVA11;22;0,72%;109.014.020;Balcão;23/07/2026;11:02:18;Novo (0);Regular (1);92;RENASCENCA DTVM LTDA;92;RENASCENCA DTVM LTDA
BOVA11;3;0,72%;109.014.021;Balcão;23/07/2026;11:02:18;Novo (0);Regular (1);92;RENASCENCA DTVM LTDA;92;RENASCENCA DTVM LTDA
BOVA11;17;0,72%;109.014.022;Balcão;23/07/2026;11:02:18;Novo (0);Regular (1);92;RENASCENCA DTVM LTDA;92;RENASCENCA DTVM LTDA
BOVA11;8;0,72%;109.014.023;Balcão;23/07/2026;11:02:18;Novo (0);Regular (1);92;RENASCENCA DTVM LTDA;92;RENASCENCA DTVM LTDA
BOVA11;3;0,72%;109.014.024;Balcão;23/07/2026;11:02:18;Novo (0);Regular (1);92;RENASCENCA DTVM LTDA;92;RENASCENCA DTVM LTDA
BOVA11;8;0,72%;109.014.025;Balcão;23/07/2026;11:02:17;Novo (0);Regular (1);92;RENASCENCA DTVM LTDA;92;RENASCENCA DTVM LTDA
BOVA11;5;0,72%;109.014.026;Balcão;23/07/2026;11:02:17;Novo (0);Regular (1);92;RENASCENCA DTVM LTDA;92;RENASCENCA DTVM LTDA
SMAL11;162;9,92%;109.013.996;Balcão;23/07/2026;11:02:09;Novo (0);Regular (1);3;XP INVESTIMENTOS CCTVM S/A;3;XP INVESTIMENTOS CCTVM S/A
SMAL11;164;9,92%;109.013.988;Balcão;23/07/2026;11:02:06;Novo (0);Regular (1);3;XP INVESTIMENTOS CCTVM S/A;3;XP INVESTIMENTOS CCTVM S/A
SMAL11;164;9,92%;109.013.986;Balcão;23/07/2026;11:02:03;Novo (0);Regular (1);3;XP INVESTIMENTOS CCTVM S/A;3;XP INVESTIMENTOS CCTVM S/A
SMAL11;163;9,92%;109.013.987;Balcão;23/07/2026;11:02:02;Novo (0);Regular (1);3;XP INVESTIMENTOS CCTVM S/A;3;XP INVESTIMENTOS CCTVM S/A
SMAL11;160;9,92%;109.013.995;Balcão;23/07/2026;11:02:02;Novo (0);Regular (1);3;XP INVESTIMENTOS CCTVM S/A;3;XP INVESTIMENTOS CCTVM S/A
SMAL11;161;9,92%;109.013.991;Balcão;23/07/2026;11:02:02;Novo (0);Regular (1);3;XP INVESTIMENTOS CCTVM S/A;3;XP INVESTIMENTOS CCTVM S/A
KNIP11;500;0,09%;109.013.993;Balcão;23/07/2026;11:02:02;Novo (0);Regular (1);3;XP INVESTIMENTOS CCTVM S/A;3;XP INVESTIMENTOS CCTVM S/A
SMAL11;162;9,92%;109.013.990;Balcão;23/07/2026;11:02:02;Novo (0);Regular (1);3;XP INVESTIMENTOS CCTVM S/A;3;XP INVESTIMENTOS CCTVM S/A
VIVT3;500;0,10%;109.013.989;Balcão;23/07/2026;11:02:02;Novo (0);Regular (1);3;XP INVESTIMENTOS CCTVM S/A;3;XP INVESTIMENTOS CCTVM S/A
SMAL11;163;9,92%;109.013.992;Balcão;23/07/2026;11:02:01;Novo (0);Regular (1);3;XP INVESTIMENTOS CCTVM S/A;3;XP INVESTIMENTOS CCTVM S/A
SMAL11;162;9,92%;109.013.994;Balcão;23/07/2026;11:02:01;Novo (0);Regular (1);3;XP INVESTIMENTOS CCTVM S/A;3;XP INVESTIMENTOS CCTVM S/A
SMAL11;131;9,92%;109.013.985;Balcão;23/07/2026;11:01:56;Novo (0);Regular (1);3;XP INVESTIMENTOS CCTVM S/A;3;XP INVESTIMENTOS CCTVM S/A
ITUB4;2;0,03%;109.013.984;Balcão;23/07/2026;11:01:56;Novo (0);Regular (1);3;XP INVESTIMENTOS CCTVM S/A;3;XP INVESTIMENTOS CCTVM S/A
SMAL11;162;9,92%;109.013.983;Balcão;23/07/2026;11:01:56;Novo (0);Regular (1);3;XP INVESTIMENTOS CCTVM S/A;3;XP INVESTIMENTOS CCTVM S/A
CMIN3;1.900;42,73%;109.013.982;Balcão;23/07/2026;11:01:56;Novo (0);Regular (1);3;XP INVESTIMENTOS CCTVM S/A;3;XP INVESTIMENTOS CCTVM S/A
SMAL11;173;9,92%;109.013.978;Balcão;23/07/2026;11:01:56;Novo (0);Regular (1);3;XP INVESTIMENTOS CCTVM S/A;3;XP INVESTIMENTOS CCTVM S/A
CMIN3;1.800;42,73%;109.013.981;Balcão;23/07/2026;11:01:56;Novo (0);Regular (1);3;XP INVESTIMENTOS CCTVM S/A;3;XP INVESTIMENTOS CCTVM S/A
CMIN3;1.900;42,73%;109.013.980;Balcão;23/07/2026;11:01:56;Novo (0);Regular (1);3;XP INVESTIMENTOS CCTVM S/A;3;XP INVESTIMENTOS CCTVM S/A
SMAL11;165;9,92%;109.013.975;Balcão;23/07/2026;11:01:56;Novo (0);Regular (1);3;XP INVESTIMENTOS CCTVM S/A;3;XP INVESTIMENTOS CCTVM S/A
SMAL11;163;9,92%;109.013.973;Balcão;23/07/2026;11:01:56;Novo (0);Regular (1);3;XP INVESTIMENTOS CCTVM S/A;3;XP INVESTIMENTOS CCTVM S/A
SMAL11;162;9,92%;109.013.974;Balcão;23/07/2026;11:01:56;Novo (0);Regular (1);3;XP INVESTIMENTOS CCTVM S/A;3;XP INVESTIMENTOS CCTVM S/A
SMAL11;170;9,92%;109.013.977;Balcão;23/07/2026;11:01:56;Novo (0);Regular (1);3;XP INVESTIMENTOS CCTVM S/A;3;XP INVESTIMENTOS CCTVM S/A
CMIN3;1.900;42,73%;109.013.976;Balcão;23/07/2026;11:01:56;Novo (0);Regular (1);3;XP INVESTIMENTOS CCTVM S/A;3;XP INVESTIMENTOS CCTVM S/A
SMAL11;162;9,92%;109.013.971;Balcão;23/07/2026;11:01:54;Novo (0);Regular (1);3;XP INVESTIMENTOS CCTVM S/A;3;XP INVESTIMENTOS CCTVM S/A
BBSE3;36;0,88%;109.013.972;Balcão;23/07/2026;11:01:54;Novo (0);Regular (1);3;XP INVESTIMENTOS CCTVM S/A;3;XP INVESTIMENTOS CCTVM S/A
CMIN3;1.900;42,73%;109.013.970;Balcão;23/07/2026;11:01:54;Novo (0);Regular (1);3;XP INVESTIMENTOS CCTVM S/A;3;XP INVESTIMENTOS CCTVM S/A
CMIN3;1.900;42,73%;109.013.969;Balcão;23/07/2026;11:01:54;Novo (0);Regular (1);3;XP INVESTIMENTOS CCTVM S/A;3;XP INVESTIMENTOS CCTVM S/A
SMAL11;163;9,92%;109.013.968;Balcão;23/07/2026;11:01:54;Novo (0);Regular (1);3;XP INVESTIMENTOS CCTVM S/A;3;XP INVESTIMENTOS CCTVM S/A
SMAL11;162;9,92%;109.013.965;Balcão;23/07/2026;11:01:54;Novo (0);Regular (1);3;XP INVESTIMENTOS CCTVM S/A;3;XP INVESTIMENTOS CCTVM S/A
CMIN3;1.900;42,73%;109.013.966;Balcão;23/07/2026;11:01:54;Novo (0);Regular (1);3;XP INVESTIMENTOS CCTVM S/A;3;XP INVESTIMENTOS CCTVM S/A
RENT3;109;0,30%;109.013.964;Balcão;23/07/2026;11:01:54;Novo (0);Regular (1);3;XP INVESTIMENTOS CCTVM S/A;3;XP INVESTIMENTOS CCTVM S/A
SMAL11;165;9,92%;109.013.963;Balcão;23/07/2026;11:01:54;Novo (0);Regular (1);3;XP INVESTIMENTOS CCTVM S/A;3;XP INVESTIMENTOS CCTVM S/A
SMAL11;165;9,92%;109.013.958;Balcão;23/07/2026;11:01:54;Novo (0);Regular (1);3;XP INVESTIMENTOS CCTVM S/A;3;XP INVESTIMENTOS CCTVM S/A
SMAL11;163;9,92%;109.013.960;Balcão;23/07/2026;11:01:54;Novo (0);Regular (1);3;XP INVESTIMENTOS CCTVM S/A;3;XP INVESTIMENTOS CCTVM S/A
SMAL11;165;9,92%;109.013.962;Balcão;23/07/2026;11:01:54;Novo (0);Regular (1);3;XP INVESTIMENTOS CCTVM S/A;3;XP INVESTIMENTOS CCTVM S/A
SMAL11;162;9,92%;109.013.961;Balcão;23/07/2026;11:01:54;Novo (0);Regular (1);3;XP INVESTIMENTOS CCTVM S/A;3;XP INVESTIMENTOS CCTVM S/A
SMAL11;165;9,92%;109.013.959;Balcão;23/07/2026;11:01:54;Novo (0);Regular (1);3;XP INVESTIMENTOS CCTVM S/A;3;XP INVESTIMENTOS CCTVM S/A
SMAL11;165;9,92%;109.013.956;Balcão;23/07/2026;11:01:54;Novo (0);Regular (1);3;XP INVESTIMENTOS CCTVM S/A;3;XP INVESTIMENTOS CCTVM S/A
SMAL11;162;9,92%;109.013.955;Balcão;23/07/2026;11:01:53;Novo (0);Regular (1);3;XP INVESTIMENTOS CCTVM S/A;3;XP INVESTIMENTOS CCTVM S/A
SMAL11;165;9,92%;109.013.954;Balcão;23/07/2026;11:01:53;Novo (0);Regular (1);3;XP INVESTIMENTOS CCTVM S/A;3;XP INVESTIMENTOS CCTVM S/A
SMAL11;165;9,92%;109.013.953;Balcão;23/07/2026;11:01:53;Novo (0);Regular (1);3;XP INVESTIMENTOS CCTVM S/A;3;XP INVESTIMENTOS CCTVM S/A
SMAL11;162;9,92%;109.013.952;Balcão;23/07/2026;11:01:53;Novo (0);Regular (1);3;XP INVESTIMENTOS CCTVM S/A;3;XP INVESTIMENTOS CCTVM S/A
SMAL11;165;9,92%;109.013.950;Balcão;23/07/2026;11:01:53;Novo (0);Regular (1);3;XP INVESTIMENTOS CCTVM S/A;3;XP INVESTIMENTOS CCTVM S/A
SMAL11;198;9,92%;109.013.951;Balcão;23/07/2026;11:01:53;Novo (0);Regular (1);3;XP INVESTIMENTOS CCTVM S/A;3;XP INVESTIMENTOS CCTVM S/A
SMAL11;165;9,92%;109.013.949;Balcão;23/07/2026;11:01:53;Novo (0);Regular (1);3;XP INVESTIMENTOS CCTVM S/A;3;XP INVESTIMENTOS CCTVM S/A
CMIN3;1.900;42,73%;109.013.948;Balcão;23/07/2026;11:01:53;Novo (0);Regular (1);3;XP INVESTIMENTOS CCTVM S/A;3;XP INVESTIMENTOS CCTVM S/A
SMAL11;166;9,92%;109.013.947;Balcão;23/07/2026;11:01:53;Novo (0);Regular (1);3;XP INVESTIMENTOS CCTVM S/A;3;XP INVESTIMENTOS CCTVM S/A
SMAL11;165;9,92%;109.013.945;Balcão;23/07/2026;11:01:53;Novo (0);Regular (1);3;XP INVESTIMENTOS CCTVM S/A;3;XP INVESTIMENTOS CCTVM S/A
SMAL11;194;9,92%;109.013.944;Balcão;23/07/2026;11:01:53;Novo (0);Regular (1);3;XP INVESTIMENTOS CCTVM S/A;3;XP INVESTIMENTOS CCTVM S/A
CMIN3;1.900;42,73%;109.013.946;Balcão;23/07/2026;11:01:53;Novo (0);Regular (1);3;XP INVESTIMENTOS CCTVM S/A;3;XP INVESTIMENTOS CCTVM S/A
CMIN3;1.900;42,73%;109.013.942;Balcão;23/07/2026;11:01:53;Novo (0);Regular (1);3;XP INVESTIMENTOS CCTVM S/A;3;XP INVESTIMENTOS CCTVM S/A
ISAE4;712;0,43%;109.013.943;Balcão;23/07/2026;11:01:53;Novo (0);Regular (1);3;XP INVESTIMENTOS CCTVM S/A;3;XP INVESTIMENTOS CCTVM S/A
SMAL11;190;9,92%;109.013.938;Balcão;23/07/2026;11:01:53;Novo (0);Regular (1);3;XP INVESTIMENTOS CCTVM S/A;3;XP INVESTIMENTOS CCTVM S/A
SMAL11;165;9,92%;109.013.941;Balcão;23/07/2026;11:01:53;Novo (0);Regular (1);3;XP INVESTIMENTOS CCTVM S/A;3;XP INVESTIMENTOS CCTVM S/A
CMIN3;1.900;42,73%;109.013.940;Balcão;23/07/2026;11:01:53;Novo (0);Regular (1);3;XP INVESTIMENTOS CCTVM S/A;3;XP INVESTIMENTOS CCTVM S/A
SMAL11;167;9,92%;109.013.937;Balcão;23/07/2026;11:01:53;Novo (0);Regular (1);3;XP INVESTIMENTOS CCTVM S/A;3;XP INVESTIMENTOS CCTVM S/A
CMIN3;1.800;42,73%;109.013.936;Balcão;23/07/2026;11:01:53;Novo (0);Regular (1);3;XP INVESTIMENTOS CCTVM S/A;3;XP INVESTIMENTOS CCTVM S/A
SMAL11;172;9,92%;109.013.939;Balcão;23/07/2026;11:01:53;Novo (0);Regular (1);3;XP INVESTIMENTOS CCTVM S/A;3;XP INVESTIMENTOS CCTVM S/A
SMAL11;189;9,92%;109.013.926;Balcão;23/07/2026;11:01:52;Novo (0);Regular (1);3;XP INVESTIMENTOS CCTVM S/A;3;XP INVESTIMENTOS CCTVM S/A
CMIN3;1.800;42,73%;109.013.925;Balcão;23/07/2026;11:01:52;Novo (0);Regular (1);3;XP INVESTIMENTOS CCTVM S/A;3;XP INVESTIMENTOS CCTVM S/A
CMIN3;1.800;42,73%;109.013.924;Balcão;23/07/2026;11:01:52;Novo (0);Regular (1);3;XP INVESTIMENTOS CCTVM S/A;3;XP INVESTIMENTOS CCTVM S/A
CMIN3;1.800;42,73%;109.013.923;Balcão;23/07/2026;11:01:52;Novo (0);Regular (1);3;XP INVESTIMENTOS CCTVM S/A;3;XP INVESTIMENTOS CCTVM S/A
CMIN3;1.878;42,73%;109.013.916;Balcão;23/07/2026;11:01:49;Novo (0);Regular (1);3;XP INVESTIMENTOS CCTVM S/A;3;XP INVESTIMENTOS CCTVM S/A
CMIN3;1.422;42,73%;109.013.934;Balcão;23/07/2026;11:01:49;Novo (0);Regular (1);3;XP INVESTIMENTOS CCTVM S/A;3;XP INVESTIMENTOS CCTVM S/A
ISAE4;7.000;0,43%;109.013.933;Balcão;23/07/2026;11:01:49;Novo (0);Regular (1);3;XP INVESTIMENTOS CCTVM S/A;3;XP INVESTIMENTOS CCTVM S/A
SMAL11;166;9,92%;109.013.932;Balcão;23/07/2026;11:01:49;Novo (0);Regular (1);3;XP INVESTIMENTOS CCTVM S/A;3;XP INVESTIMENTOS CCTVM S/A
SMAL11;175;9,92%;109.013.931;Balcão;23/07/2026;11:01:49;Novo (0);Regular (1);3;XP INVESTIMENTOS CCTVM S/A;3;XP INVESTIMENTOS CCTVM S/A
CMIN3;1.800;42,73%;109.013.927;Balcão;23/07/2026;11:01:49;Novo (0);Regular (1);3;XP INVESTIMENTOS CCTVM S/A;3;XP INVESTIMENTOS CCTVM S/A
CMIN3;1.828;42,73%;109.013.904;Balcão;23/07/2026;11:01:49;Novo (0);Regular (1);3;XP INVESTIMENTOS CCTVM S/A;3;XP INVESTIMENTOS CCTVM S/A
CMIN3;1.800;42,73%;109.013.901;Balcão;23/07/2026;11:01:49;Novo (0);Regular (1);3;XP INVESTIMENTOS CCTVM S/A;3;XP INVESTIMENTOS CCTVM S/A
BOVA11;2;2,50%;109.013.887;Balcão;23/07/2026;11:01:27;Novo (0);Regular (1);92;RENASCENCA DTVM LTDA;92;RENASCENCA DTVM LTDA
BOVA11;31;2,50%;109.013.888;Balcão;23/07/2026;11:01:27;Novo (0);Regular (1);92;RENASCENCA DTVM LTDA;92;RENASCENCA DTVM LTDA
BOVA11;3;2,50%;109.013.889;Balcão;23/07/2026;11:01:27;Novo (0);Regular (1);92;RENASCENCA DTVM LTDA;92;RENASCENCA DTVM LTDA
BOVA11;4;2,50%;109.013.890;Balcão;23/07/2026;11:01:27;Novo (0);Regular (1);92;RENASCENCA DTVM LTDA;92;RENASCENCA DTVM LTDA
BOVA11;10;2,50%;109.013.891;Balcão;23/07/2026;11:01:26;Novo (0);Regular (1);92;RENASCENCA DTVM LTDA;92;RENASCENCA DTVM LTDA
BOVA11;800;2,00%;109.013.886;Balcão;23/07/2026;11:01:26;Novo (0);Regular (1);92;RENASCENCA DTVM LTDA;92;RENASCENCA DTVM LTDA
BOVA11;737;2,00%;109.013.885;Balcão;23/07/2026;11:01:26;Novo (0);Regular (1);92;RENASCENCA DTVM LTDA;92;RENASCENCA DTVM LTDA
BOVA11;12;2,50%;109.013.892;Balcão;23/07/2026;11:01:26;Novo (0);Regular (1);92;RENASCENCA DTVM LTDA;92;RENASCENCA DTVM LTDA
BOVA11;5;2,50%;109.013.893;Balcão;23/07/2026;11:01:26;Novo (0);Regular (1);92;RENASCENCA DTVM LTDA;92;RENASCENCA DTVM LTDA
BOVA11;5;2,50%;109.013.894;Balcão;23/07/2026;11:01:26;Novo (0);Regular (1);92;RENASCENCA DTVM LTDA;92;RENASCENCA DTVM LTDA
BOVA11;13;2,50%;109.013.895;Balcão;23/07/2026;11:01:26;Novo (0);Regular (1);92;RENASCENCA DTVM LTDA;92;RENASCENCA DTVM LTDA
BOVA11;2;2,50%;109.013.896;Balcão;23/07/2026;11:01:26;Novo (0);Regular (1);92;RENASCENCA DTVM LTDA;92;RENASCENCA DTVM LTDA
BOVA11;15;2,50%;109.013.897;Balcão;23/07/2026;11:01:26;Novo (0);Regular (1);92;RENASCENCA DTVM LTDA;92;RENASCENCA DTVM LTDA
BOVA11;31;2,00%;109.013.880;Balcão;23/07/2026;11:01:10;Novo (0);Regular (1);92;RENASCENCA DTVM LTDA;92;RENASCENCA DTVM LTDA
BOVA11;202;2,00%;109.013.882;Balcão;23/07/2026;11:01:10;Novo (0);Regular (1);92;RENASCENCA DTVM LTDA;92;RENASCENCA DTVM LTDA
BOVA11;572;2,00%;109.013.881;Balcão;23/07/2026;11:01:10;Novo (0);Regular (1);92;RENASCENCA DTVM LTDA;92;RENASCENCA DTVM LTDA
BOVA11;9;2,00%;109.013.884;Balcão;23/07/2026;11:01:10;Novo (0);Regular (1);92;RENASCENCA DTVM LTDA;92;RENASCENCA DTVM LTDA
BOVA11;75;2,00%;109.013.883;Balcão;23/07/2026;11:01:10;Novo (0);Regular (1);92;RENASCENCA DTVM LTDA;92;RENASCENCA DTVM LTDA
BOVA11;61;2,00%;109.013.879;Balcão;23/07/2026;11:01:10;Novo (0);Regular (1);92;RENASCENCA DTVM LTDA;92;RENASCENCA DTVM LTDA
BOVA11;46;2,00%;109.013.877;Balcão;23/07/2026;11:01:09;Novo (0);Regular (1);92;RENASCENCA DTVM LTDA;92;RENASCENCA DTVM LTDA
BOVA11;644;2,00%;109.013.878;Balcão;23/07/2026;11:01:09;Novo (0);Regular (1);92;RENASCENCA DTVM LTDA;92;RENASCENCA DTVM LTDA
BOVA11;50;1,50%;109.013.876;Balcão;23/07/2026;11:01:01;Novo (0);Regular (1);85;BTG PACTUAL CTVM S/A;85;BTG PACTUAL CTVM S/A
PETR4;100;0,08%;109.013.858;Balcão;23/07/2026;10:58:55;Novo (0);Regular (1);39;AGORA CTVM S/A;39;AGORA CTVM S/A
SMAL11;433;9,92%;109.013.869;Balcão;23/07/2026;10:55:58;Novo (0);Regular (1);3;XP INVESTIMENTOS CCTVM S/A;3;XP INVESTIMENTOS CCTVM S/A
CXSE3;400;0,09%;109.013.811;Balcão;23/07/2026;10:55:34;Novo (0);Regular (1);3;XP INVESTIMENTOS CCTVM S/A;3;XP INVESTIMENTOS CCTVM S/A
CXSE3;248;0,09%;109.013.827;Balcão;23/07/2026;10:55:34;Novo (0);Regular (1);3;XP INVESTIMENTOS CCTVM S/A;3;XP INVESTIMENTOS CCTVM S/A
CXSE3;400;0,09%;109.013.829;Balcão;23/07/2026;10:55:34;Novo (0);Regular (1);3;XP INVESTIMENTOS CCTVM S/A;3;XP INVESTIMENTOS CCTVM S/A
CXSE3;400;0,09%;109.013.816;Balcão;23/07/2026;10:55:33;Novo (0);Regular (1);3;XP INVESTIMENTOS CCTVM S/A;3;XP INVESTIMENTOS CCTVM S/A
CXSE3;400;0,09%;109.013.817;Balcão;23/07/2026;10:55:33;Novo (0);Regular (1);3;XP INVESTIMENTOS CCTVM S/A;3;XP INVESTIMENTOS CCTVM S/A
CXSE3;400;0,09%;109.013.820;Balcão;23/07/2026;10:55:33;Novo (0);Regular (1);3;XP INVESTIMENTOS CCTVM S/A;3;XP INVESTIMENTOS CCTVM S/A
CXSE3;400;0,09%;109.013.823;Balcão;23/07/2026;10:55:33;Novo (0);Regular (1);3;XP INVESTIMENTOS CCTVM S/A;3;XP INVESTIMENTOS CCTVM S/A
CXSE3;400;0,09%;109.013.824;Balcão;23/07/2026;10:55:33;Novo (0);Regular (1);3;XP INVESTIMENTOS CCTVM S/A;3;XP INVESTIMENTOS CCTVM S/A
CXSE3;400;0,09%;109.013.818;Balcão;23/07/2026;10:55:33;Novo (0);Regular (1);3;XP INVESTIMENTOS CCTVM S/A;3;XP INVESTIMENTOS CCTVM S/A
CXSE3;400;0,09%;109.013.821;Balcão;23/07/2026;10:55:33;Novo (0);Regular (1);3;XP INVESTIMENTOS CCTVM S/A;3;XP INVESTIMENTOS CCTVM S/A
CXSE3;917;0,09%;109.013.812;Balcão;23/07/2026;10:55:33;Novo (0);Regular (1);3;XP INVESTIMENTOS CCTVM S/A;3;XP INVESTIMENTOS CCTVM S/A
CXSE3;406;0,09%;109.013.802;Balcão;23/07/2026;10:55:33;Novo (0);Regular (1);3;XP INVESTIMENTOS CCTVM S/A;3;XP INVESTIMENTOS CCTVM S/A
CXSE3;432;0,09%;109.013.809;Balcão;23/07/2026;10:55:33;Novo (0);Regular (1);3;XP INVESTIMENTOS CCTVM S/A;3;XP INVESTIMENTOS CCTVM S/A
CXSE3;1.000;0,09%;109.013.810;Balcão;23/07/2026;10:55:33;Novo (0);Regular (1);3;XP INVESTIMENTOS CCTVM S/A;3;XP INVESTIMENTOS CCTVM S/A
CXSE3;485;0,09%;109.013.813;Balcão;23/07/2026;10:55:33;Novo (0);Regular (1);3;XP INVESTIMENTOS CCTVM S/A;3;XP INVESTIMENTOS CCTVM S/A
CXSE3;444;0,09%;109.013.831;Balcão;23/07/2026;10:55:32;Novo (0);Regular (1);3;XP INVESTIMENTOS CCTVM S/A;3;XP INVESTIMENTOS CCTVM S/A
CXSE3;427;0,09%;109.013.807;Balcão;23/07/2026;10:55:32;Novo (0);Regular (1);3;XP INVESTIMENTOS CCTVM S/A;3;XP INVESTIMENTOS CCTVM S/A
CXSE3;426;0,09%;109.013.805;Balcão;23/07/2026;10:55:32;Novo (0);Regular (1);3;XP INVESTIMENTOS CCTVM S/A;3;XP INVESTIMENTOS CCTVM S/A
CXSE3;486;0,09%;109.013.803;Balcão;23/07/2026;10:55:32;Novo (0);Regular (1);3;XP INVESTIMENTOS CCTVM S/A;3;XP INVESTIMENTOS CCTVM S/A
CXSE3;435;0,09%;109.013.825;Balcão;23/07/2026;10:55:32;Novo (0);Regular (1);3;XP INVESTIMENTOS CCTVM S/A;3;XP INVESTIMENTOS CCTVM S/A
CXSE3;429;0,09%;109.013.815;Balcão;23/07/2026;10:55:32;Novo (0);Regular (1);3;XP INVESTIMENTOS CCTVM S/A;3;XP INVESTIMENTOS CCTVM S/A
CXSE3;431;0,09%;109.013.804;Balcão;23/07/2026;10:55:32;Novo (0);Regular (1);3;XP INVESTIMENTOS CCTVM S/A;3;XP INVESTIMENTOS CCTVM S/A
CXSE3;432;0,09%;109.013.808;Balcão;23/07/2026;10:55:32;Novo (0);Regular (1);3;XP INVESTIMENTOS CCTVM S/A;3;XP INVESTIMENTOS CCTVM S/A
CXSE3;983;0,09%;109.013.806;Balcão;23/07/2026;10:55:32;Novo (0);Regular (1);3;XP INVESTIMENTOS CCTVM S/A;3;XP INVESTIMENTOS CCTVM S/A
CXSE3;419;0,09%;109.013.814;Balcão;23/07/2026;10:55:32;Novo (0);Regular (1);3;XP INVESTIMENTOS CCTVM S/A;3;XP INVESTIMENTOS CCTVM S/A
MXRF11;1;0,11%;109.013.868;Balcão;23/07/2026;10:55:23;Novo (0);Regular (1);3;XP INVESTIMENTOS CCTVM S/A;3;XP INVESTIMENTOS CCTVM S/A
IVVB11;55;0,80%;109.013.835;Balcão;23/07/2026;10:52:45;Novo (0);Regular (1);92;RENASCENCA DTVM LTDA;92;RENASCENCA DTVM LTDA
IVVB11;21;0,80%;109.013.836;Balcão;23/07/2026;10:52:45;Novo (0);Regular (1);92;RENASCENCA DTVM LTDA;92;RENASCENCA DTVM LTDA
IVVB11;21;0,80%;109.013.837;Balcão;23/07/2026;10:52:45;Novo (0);Regular (1);92;RENASCENCA DTVM LTDA;92;RENASCENCA DTVM LTDA
IVVB11;23;0,80%;109.013.838;Balcão;23/07/2026;10:52:45;Novo (0);Regular (1);92;RENASCENCA DTVM LTDA;92;RENASCENCA DTVM LTDA
IVVB11;19;0,80%;109.013.839;Balcão;23/07/2026;10:52:45;Novo (0);Regular (1);92;RENASCENCA DTVM LTDA;92;RENASCENCA DTVM LTDA
IVVB11;10;0,80%;109.013.840;Balcão;23/07/2026;10:52:45;Novo (0);Regular (1);92;RENASCENCA DTVM LTDA;92;RENASCENCA DTVM LTDA
IVVB11;20;0,80%;109.013.841;Balcão;23/07/2026;10:52:45;Novo (0);Regular (1);92;RENASCENCA DTVM LTDA;92;RENASCENCA DTVM LTDA
IVVB11;17;0,80%;109.013.842;Balcão;23/07/2026;10:52:45;Novo (0);Regular (1);92;RENASCENCA DTVM LTDA;92;RENASCENCA DTVM LTDA
IVVB11;11;0,80%;109.013.843;Balcão;23/07/2026;10:52:45;Novo (0);Regular (1);92;RENASCENCA DTVM LTDA;92;RENASCENCA DTVM LTDA
IVVB11;10;0,80%;109.013.844;Balcão;23/07/2026;10:52:45;Novo (0);Regular (1);92;RENASCENCA DTVM LTDA;92;RENASCENCA DTVM LTDA
IVVB11;13;0,80%;109.013.845;Balcão;23/07/2026;10:52:44;Novo (0);Regular (1);92;RENASCENCA DTVM LTDA;92;RENASCENCA DTVM LTDA
IVVB11;5;0,80%;109.013.846;Balcão;23/07/2026;10:52:44;Novo (0);Regular (1);92;RENASCENCA DTVM LTDA;92;RENASCENCA DTVM LTDA
IVVB11;40;0,80%;109.013.847;Balcão;23/07/2026;10:52:44;Novo (0);Regular (1);92;RENASCENCA DTVM LTDA;92;RENASCENCA DTVM LTDA
IVVB11;12;0,80%;109.013.848;Balcão;23/07/2026;10:52:44;Novo (0);Regular (1);92;RENASCENCA DTVM LTDA;92;RENASCENCA DTVM LTDA
IVVB11;1;0,80%;109.013.849;Balcão;23/07/2026;10:52:44;Novo (0);Regular (1);92;RENASCENCA DTVM LTDA;92;RENASCENCA DTVM LTDA
IVVB11;4;0,80%;109.013.850;Balcão;23/07/2026;10:52:44;Novo (0);Regular (1);92;RENASCENCA DTVM LTDA;92;RENASCENCA DTVM LTDA
IVVB11;4;0,80%;109.013.851;Balcão;23/07/2026;10:52:44;Novo (0);Regular (1);92;RENASCENCA DTVM LTDA;92;RENASCENCA DTVM LTDA
IVVB11;14;0,80%;109.013.852;Balcão;23/07/2026;10:52:44;Novo (0);Regular (1);92;RENASCENCA DTVM LTDA;92;RENASCENCA DTVM LTDA
IVVB11;14;0,80%;109.013.853;Balcão;23/07/2026;10:52:44;Novo (0);Regular (1);92;RENASCENCA DTVM LTDA;92;RENASCENCA DTVM LTDA
IVVB11;4;0,80%;109.013.854;Balcão;23/07/2026;10:52:44;Novo (0);Regular (1);92;RENASCENCA DTVM LTDA;92;RENASCENCA DTVM LTDA
IVVB11;26;0,80%;109.013.855;Balcão;23/07/2026;10:52:44;Novo (0);Regular (1);92;RENASCENCA DTVM LTDA;92;RENASCENCA DTVM LTDA
IVVB11;1;0,80%;109.013.856;Balcão;23/07/2026;10:52:44;Novo (0);Regular (1);92;RENASCENCA DTVM LTDA;92;RENASCENCA DTVM LTDA
IVVB11;142;0,80%;109.013.857;Balcão;23/07/2026;10:52:44;Novo (0);Regular (1);88;CM CAPITAL MARKETS CORRETORA DE CÂMBIO  TÍTULOS E VALORES MO;92;RENASCENCA DTVM LTDA
BBAS3;4.426;0,02%;109.013.834;Balcão;23/07/2026;10:52:36;Novo (0);Regular (1);59;SAFRA CORRETORA DE VALORES E CAMBIO LTDA;77;CITIGROUP GLOBAL MARKETS BRASIL CCTVM S/A
BBAS3;76.481;0,02%;109.009.485;Balcão;23/07/2026;10:52:12;Novo (0);Regular (1);39;AGORA CTVM S/A;39;AGORA CTVM S/A
SPXU11;770;0,23%;109.007.000;Balcão;23/07/2026;10:52:03;Novo (0);Regular (1);3;XP INVESTIMENTOS CCTVM S/A;3;XP INVESTIMENTOS CCTVM S/A
GOLX11;3.074;0,25%;109.007.001;Balcão;23/07/2026;10:52:03;Novo (0);Regular (1);3;XP INVESTIMENTOS CCTVM S/A;3;XP INVESTIMENTOS CCTVM S/A
SPXU11;12.308;0,23%;109.006.998;Balcão;23/07/2026;10:52:03;Novo (0);Regular (1);3;XP INVESTIMENTOS CCTVM S/A;3;XP INVESTIMENTOS CCTVM S/A
SPXU11;3.747;0,23%;109.007.002;Balcão;23/07/2026;10:52:03;Novo (0);Regular (1);3;XP INVESTIMENTOS CCTVM S/A;3;XP INVESTIMENTOS CCTVM S/A
GOLX11;30.205;0,25%;109.007.003;Balcão;23/07/2026;10:52:03;Novo (0);Regular (1);3;XP INVESTIMENTOS CCTVM S/A;3;XP INVESTIMENTOS CCTVM S/A
GOLX11;5.164;0,25%;109.006.999;Balcão;23/07/2026;10:52:03;Novo (0);Regular (1);3;XP INVESTIMENTOS CCTVM S/A;3;XP INVESTIMENTOS CCTVM S/A
FLRY3;1.099;0,04%;109.013.833;Balcão;23/07/2026;10:51:41;Novo (0);Regular (1);85;BTG PACTUAL CTVM S/A;85;BTG PACTUAL CTVM S/A
FLRY3;2.900;0,04%;109.013.832;Balcão;23/07/2026;10:51:41;Novo (0);Regular (1);85;BTG PACTUAL CTVM S/A;85;BTG PACTUAL CTVM S/A
BBAS3;41.260;0,02%;109.009.482;Balcão;23/07/2026;10:51:27;Novo (0);Regular (1);39;AGORA CTVM S/A;39;AGORA CTVM S/A
SMAL11;72;9,92%;109.013.830;Balcão;23/07/2026;10:51:24;Novo (0);Regular (1);3;XP INVESTIMENTOS CCTVM S/A;3;XP INVESTIMENTOS CCTVM S/A
SMAL11;3;9,92%;109.013.828;Balcão;23/07/2026;10:51:24;Novo (0);Regular (1);3;XP INVESTIMENTOS CCTVM S/A;3;XP INVESTIMENTOS CCTVM S/A
SMAL11;133;9,92%;109.013.819;Balcão;23/07/2026;10:51:24;Novo (0);Regular (1);3;XP INVESTIMENTOS CCTVM S/A;3;XP INVESTIMENTOS CCTVM S/A
Z2SC34;2;5,00%;109.013.800;Balcão;23/07/2026;10:51:06;Novo (0);Regular (1);85;BTG PACTUAL CTVM S/A;85;BTG PACTUAL CTVM S/A
Z2SC34;1;5,00%;109.013.801;Balcão;23/07/2026;10:51:06;Novo (0);Regular (1);85;BTG PACTUAL CTVM S/A;85;BTG PACTUAL CTVM S/A
CURY3;1.578;1,21%;109.013.799;Balcão;23/07/2026;10:49:40;Novo (0);Regular (1);85;BTG PACTUAL CTVM S/A;85;BTG PACTUAL CTVM S/A
CURY3;1.315;1,21%;109.013.798;Balcão;23/07/2026;10:49:40;Novo (0);Regular (1);85;BTG PACTUAL CTVM S/A;85;BTG PACTUAL CTVM S/A
CURY3;191;1,21%;109.013.797;Balcão;23/07/2026;10:49:39;Novo (0);Regular (1);85;BTG PACTUAL CTVM S/A;85;BTG PACTUAL CTVM S/A
CURY3;1.720;1,21%;109.013.795;Balcão;23/07/2026;10:49:15;Novo (0);Regular (1);85;BTG PACTUAL CTVM S/A;85;BTG PACTUAL CTVM S/A
CURY3;1.900;1,21%;109.013.796;Balcão;23/07/2026;10:49:15;Novo (0);Regular (1);85;BTG PACTUAL CTVM S/A;85;BTG PACTUAL CTVM S/A
CURY3;5;1,21%;109.013.794;Balcão;23/07/2026;10:49:15;Novo (0);Regular (1);85;BTG PACTUAL CTVM S/A;85;BTG PACTUAL CTVM S/A
XPBR31;575.000;0,06%;109.001.371;Balcão;23/07/2026;10:47:57;Novo (0);Regular (1);40;MORGAN STANLEY CTVM S/A;40;MORGAN STANLEY CTVM S/A
BRSR6;100;0,12%;109.013.563;Balcão;23/07/2026;10:47:31;Novo (0);Regular (1);3;XP INVESTIMENTOS CCTVM S/A;3;XP INVESTIMENTOS CCTVM S/A
JHSF3;100;2,44%;109.013.660;Balcão;23/07/2026;10:47:31;Novo (0);Regular (1);3;XP INVESTIMENTOS CCTVM S/A;3;XP INVESTIMENTOS CCTVM S/A
BOVA11;100;0,72%;109.013.630;Balcão;23/07/2026;10:47:31;Novo (0);Regular (1);3;XP INVESTIMENTOS CCTVM S/A;3;XP INVESTIMENTOS CCTVM S/A
MTRE3;57;0,35%;109.013.525;Balcão;23/07/2026;10:47:31;Novo (0);Regular (1);3;XP INVESTIMENTOS CCTVM S/A;3;XP INVESTIMENTOS CCTVM S/A
TGAR11;10;0,11%;109.013.569;Balcão;23/07/2026;10:47:31;Novo (0);Regular (1);3;XP INVESTIMENTOS CCTVM S/A;3;XP INVESTIMENTOS CCTVM S/A
BOVA11;100;0,72%;109.013.638;Balcão;23/07/2026;10:47:30;Novo (0);Regular (1);3;XP INVESTIMENTOS CCTVM S/A;3;XP INVESTIMENTOS CCTVM S/A
BOVA11;100;0,72%;109.013.650;Balcão;23/07/2026;10:47:30;Novo (0);Regular (1);3;XP INVESTIMENTOS CCTVM S/A;3;XP INVESTIMENTOS CCTVM S/A
BOVA11;43;0,72%;109.013.641;Balcão;23/07/2026;10:47:30;Novo (0);Regular (1);3;XP INVESTIMENTOS CCTVM S/A;3;XP INVESTIMENTOS CCTVM S/A
BOVA11;100;0,72%;109.013.651;Balcão;23/07/2026;10:47:30;Novo (0);Regular (1);3;XP INVESTIMENTOS CCTVM S/A;3;XP INVESTIMENTOS CCTVM S/A
MTRE3;100;0,35%;109.013.671;Balcão;23/07/2026;10:47:30;Novo (0);Regular (1);3;XP INVESTIMENTOS CCTVM S/A;3;XP INVESTIMENTOS CCTVM S/A
BOVA11;100;0,72%;109.013.653;Balcão;23/07/2026;10:47:30;Novo (0);Regular (1);3;XP INVESTIMENTOS CCTVM S/A;3;XP INVESTIMENTOS CCTVM S/A
BOVA11;100;0,72%;109.013.635;Balcão;23/07/2026;10:47:30;Novo (0);Regular (1);3;XP INVESTIMENTOS CCTVM S/A;3;XP INVESTIMENTOS CCTVM S/A
BBAS3;100;0,02%;109.013.666;Balcão;23/07/2026;10:47:30;Novo (0);Regular (1);3;XP INVESTIMENTOS CCTVM S/A;3;XP INVESTIMENTOS CCTVM S/A
BOVA11;100;0,72%;109.013.645;Balcão;23/07/2026;10:47:30;Novo (0);Regular (1);3;XP INVESTIMENTOS CCTVM S/A;3;XP INVESTIMENTOS CCTVM S/A
BRSR6;100;0,12%;109.013.683;Balcão;23/07/2026;10:47:30;Novo (0);Regular (1);3;XP INVESTIMENTOS CCTVM S/A;3;XP INVESTIMENTOS CCTVM S/A
VULC3;40;0,12%;109.013.542;Balcão;23/07/2026;10:47:30;Novo (0);Regular (1);3;XP INVESTIMENTOS CCTVM S/A;3;XP INVESTIMENTOS CCTVM S/A
BBAS3;100;0,02%;109.013.608;Balcão;23/07/2026;10:47:30;Novo (0);Regular (1);3;XP INVESTIMENTOS CCTVM S/A;3;XP INVESTIMENTOS CCTVM S/A
LREN3;532;0,05%;109.013.524;Balcão;23/07/2026;10:47:30;Novo (0);Regular (1);3;XP INVESTIMENTOS CCTVM S/A;3;XP INVESTIMENTOS CCTVM S/A
BOVA11;100;0,72%;109.013.627;Balcão;23/07/2026;10:47:30;Novo (0);Regular (1);3;XP INVESTIMENTOS CCTVM S/A;3;XP INVESTIMENTOS CCTVM S/A
BOVA11;100;0,72%;109.013.580;Balcão;23/07/2026;10:47:30;Novo (0);Regular (1);3;XP INVESTIMENTOS CCTVM S/A;3;XP INVESTIMENTOS CCTVM S/A
ARML3;310;0,10%;109.013.511;Balcão;23/07/2026;10:47:30;Novo (0);Regular (1);3;XP INVESTIMENTOS CCTVM S/A;3;XP INVESTIMENTOS CCTVM S/A
BOVA11;100;0,72%;109.013.602;Balcão;23/07/2026;10:47:30;Novo (0);Regular (1);3;XP INVESTIMENTOS CCTVM S/A;3;XP INVESTIMENTOS CCTVM S/A
BOVA11;100;0,72%;109.013.634;Balcão;23/07/2026;10:47:29;Novo (0);Regular (1);3;XP INVESTIMENTOS CCTVM S/A;3;XP INVESTIMENTOS CCTVM S/A
BOVA11;100;0,72%;109.013.577;Balcão;23/07/2026;10:47:29;Novo (0);Regular (1);3;XP INVESTIMENTOS CCTVM S/A;3;XP INVESTIMENTOS CCTVM S/A
BOVA11;100;0,72%;109.013.595;Balcão;23/07/2026;10:47:29;Novo (0);Regular (1);3;XP INVESTIMENTOS CCTVM S/A;3;XP INVESTIMENTOS CCTVM S/A
BOVA11;100;0,72%;109.013.624;Balcão;23/07/2026;10:47:29;Novo (0);Regular (1);3;XP INVESTIMENTOS CCTVM S/A;3;XP INVESTIMENTOS CCTVM S/A
BOVA11;100;0,72%;109.013.601;Balcão;23/07/2026;10:47:29;Novo (0);Regular (1);3;XP INVESTIMENTOS CCTVM S/A;3;XP INVESTIMENTOS CCTVM S/A
BOVA11;100;0,72%;109.013.603;Balcão;23/07/2026;10:47:29;Novo (0);Regular (1);3;XP INVESTIMENTOS CCTVM S/A;3;XP INVESTIMENTOS CCTVM S/A
BOVA11;100;0,72%;109.013.631;Balcão;23/07/2026;10:47:29;Novo (0);Regular (1);3;XP INVESTIMENTOS CCTVM S/A;3;XP INVESTIMENTOS CCTVM S/A
BOVA11;100;0,72%;109.013.583;Balcão;23/07/2026;10:47:29;Novo (0);Regular (1);3;XP INVESTIMENTOS CCTVM S/A;3;XP INVESTIMENTOS CCTVM S/A
BOVA11;100;0,72%;109.013.591;Balcão;23/07/2026;10:47:29;Novo (0);Regular (1);3;XP INVESTIMENTOS CCTVM S/A;3;XP INVESTIMENTOS CCTVM S/A
CXSE3;1.103;0,09%;109.013.546;Balcão;23/07/2026;10:47:28;Novo (0);Regular (1);3;XP INVESTIMENTOS CCTVM S/A;3;XP INVESTIMENTOS CCTVM S/A
BBAS3;236;0,02%;109.013.509;Balcão;23/07/2026;10:47:28;Novo (0);Regular (1);3;XP INVESTIMENTOS CCTVM S/A;3;XP INVESTIMENTOS CCTVM S/A
MTRE3;2.500;0,35%;109.013.513;Balcão;23/07/2026;10:47:28;Novo (0);Regular (1);3;XP INVESTIMENTOS CCTVM S/A;3;XP INVESTIMENTOS CCTVM S/A
CYRE3;193;0,08%;109.013.633;Balcão;23/07/2026;10:47:28;Novo (0);Regular (1);3;XP INVESTIMENTOS CCTVM S/A;3;XP INVESTIMENTOS CCTVM S/A
BBAS3;200;0,02%;109.013.599;Balcão;23/07/2026;10:47:28;Novo (0);Regular (1);3;XP INVESTIMENTOS CCTVM S/A;3;XP INVESTIMENTOS CCTVM S/A
MTRE3;400;0,35%;109.013.623;Balcão;23/07/2026;10:47:28;Novo (0);Regular (1);3;XP INVESTIMENTOS CCTVM S/A;3;XP INVESTIMENTOS CCTVM S/A
BRSR6;200;0,12%;109.013.514;Balcão;23/07/2026;10:47:28;Novo (0);Regular (1);3;XP INVESTIMENTOS CCTVM S/A;3;XP INVESTIMENTOS CCTVM S/A
MTRE3;151;0,35%;109.013.522;Balcão;23/07/2026;10:47:28;Novo (0);Regular (1);3;XP INVESTIMENTOS CCTVM S/A;3;XP INVESTIMENTOS CCTVM S/A
IGTI11;500;0,25%;109.013.558;Balcão;23/07/2026;10:47:28;Novo (0);Regular (1);3;XP INVESTIMENTOS CCTVM S/A;3;XP INVESTIMENTOS CCTVM S/A
BHIA3;201;39,00%;109.013.550;Balcão;23/07/2026;10:47:28;Novo (0);Regular (1);3;XP INVESTIMENTOS CCTVM S/A;3;XP INVESTIMENTOS CCTVM S/A
BBSE3;575;0,88%;109.013.559;Balcão;23/07/2026;10:47:28;Novo (0);Regular (1);3;XP INVESTIMENTOS CCTVM S/A;3;XP INVESTIMENTOS CCTVM S/A
BRSR6;300;0,12%;109.013.523;Balcão;23/07/2026;10:47:28;Novo (0);Regular (1);3;XP INVESTIMENTOS CCTVM S/A;3;XP INVESTIMENTOS CCTVM S/A
MTRE3;200;0,35%;109.013.642;Balcão;23/07/2026;10:47:28;Novo (0);Regular (1);3;XP INVESTIMENTOS CCTVM S/A;3;XP INVESTIMENTOS CCTVM S/A
BRSR6;300;0,12%;109.013.652;Balcão;23/07/2026;10:47:28;Novo (0);Regular (1);3;XP INVESTIMENTOS CCTVM S/A;3;XP INVESTIMENTOS CCTVM S/A
CPFE3;2.100;0,08%;109.013.681;Balcão;23/07/2026;10:47:28;Novo (0);Regular (1);3;XP INVESTIMENTOS CCTVM S/A;3;XP INVESTIMENTOS CCTVM S/A
BRSR6;200;0,12%;109.013.686;Balcão;23/07/2026;10:47:28;Novo (0);Regular (1);3;XP INVESTIMENTOS CCTVM S/A;3;XP INVESTIMENTOS CCTVM S/A
TGAR11;2.532;0,11%;109.013.622;Balcão;23/07/2026;10:47:28;Novo (0);Regular (1);3;XP INVESTIMENTOS CCTVM S/A;3;XP INVESTIMENTOS CCTVM S/A
BBAS3;20.500;0,02%;109.013.536;Balcão;23/07/2026;10:47:28;Novo (0);Regular (1);3;XP INVESTIMENTOS CCTVM S/A;3;XP INVESTIMENTOS CCTVM S/A
AURE3;4.700;0,04%;109.013.560;Balcão;23/07/2026;10:47:28;Novo (0);Regular (1);3;XP INVESTIMENTOS CCTVM S/A;3;XP INVESTIMENTOS CCTVM S/A
VULC3;9.860;0,12%;109.013.541;Balcão;23/07/2026;10:47:27;Novo (0);Regular (1);3;XP INVESTIMENTOS CCTVM S/A;3;XP INVESTIMENTOS CCTVM S/A
SOJA3;1.131;1,41%;109.013.527;Balcão;23/07/2026;10:47:27;Novo (0);Regular (1);3;XP INVESTIMENTOS CCTVM S/A;3;XP INVESTIMENTOS CCTVM S/A
CYRE3;2.407;0,08%;109.013.575;Balcão;23/07/2026;10:47:27;Novo (0);Regular (1);3;XP INVESTIMENTOS CCTVM S/A;3;XP INVESTIMENTOS CCTVM S/A
BBSE3;4.541;0,88%;109.013.586;Balcão;23/07/2026;10:47:27;Novo (0);Regular (1);3;XP INVESTIMENTOS CCTVM S/A;3;XP INVESTIMENTOS CCTVM S/A
CXSE3;926;0,09%;109.013.548;Balcão;23/07/2026;10:47:27;Novo (0);Regular (1);3;XP INVESTIMENTOS CCTVM S/A;3;XP INVESTIMENTOS CCTVM S/A
TRXF11;600;0,05%;109.013.545;Balcão;23/07/2026;10:47:27;Novo (0);Regular (1);3;XP INVESTIMENTOS CCTVM S/A;3;XP INVESTIMENTOS CCTVM S/A
PETR4;1.800;0,08%;109.013.590;Balcão;23/07/2026;10:47:27;Novo (0);Regular (1);3;XP INVESTIMENTOS CCTVM S/A;3;XP INVESTIMENTOS CCTVM S/A
TAEE11;2.900;0,17%;109.013.537;Balcão;23/07/2026;10:47:27;Novo (0);Regular (1);3;XP INVESTIMENTOS CCTVM S/A;3;XP INVESTIMENTOS CCTVM S/A
BBSE3;3.984;0,88%;109.013.615;Balcão;23/07/2026;10:47:27;Novo (0);Regular (1);3;XP INVESTIMENTOS CCTVM S/A;3;XP INVESTIMENTOS CCTVM S/A
XPML11;600;0,46%;109.013.554;Balcão;23/07/2026;10:47:27;Novo (0);Regular (1);3;XP INVESTIMENTOS CCTVM S/A;3;XP INVESTIMENTOS CCTVM S/A
TAEE11;3.500;0,17%;109.013.535;Balcão;23/07/2026;10:47:27;Novo (0);Regular (1);3;XP INVESTIMENTOS CCTVM S/A;3;XP INVESTIMENTOS CCTVM S/A
AZUL3;1.800;38,00%;109.013.528;Balcão;23/07/2026;10:47:27;Novo (0);Regular (1);3;XP INVESTIMENTOS CCTVM S/A;3;XP INVESTIMENTOS CCTVM S/A
BBAS3;10.400;0,02%;109.013.547;Balcão;23/07/2026;10:47:27;Novo (0);Regular (1);3;XP INVESTIMENTOS CCTVM S/A;3;XP INVESTIMENTOS CCTVM S/A
BRSR6;60.000;0,12%;109.013.518;Balcão;23/07/2026;10:47:27;Novo (0);Regular (1);3;XP INVESTIMENTOS CCTVM S/A;3;XP INVESTIMENTOS CCTVM S/A
MTRE3;40.100;0,35%;109.013.520;Balcão;23/07/2026;10:47:27;Novo (0);Regular (1);3;XP INVESTIMENTOS CCTVM S/A;3;XP INVESTIMENTOS CCTVM S/A
BRSR6;20.500;0,12%;109.013.532;Balcão;23/07/2026;10:47:27;Novo (0);Regular (1);3;XP INVESTIMENTOS CCTVM S/A;3;XP INVESTIMENTOS CCTVM S/A
SOJA3;18.469;1,41%;109.013.529;Balcão;23/07/2026;10:47:26;Novo (0);Regular (1);3;XP INVESTIMENTOS CCTVM S/A;3;XP INVESTIMENTOS CCTVM S/A
BRBI11;4.600;0,09%;109.013.589;Balcão;23/07/2026;10:47:26;Novo (0);Regular (1);3;XP INVESTIMENTOS CCTVM S/A;3;XP INVESTIMENTOS CCTVM S/A
BBAS3;28.900;0,02%;109.013.517;Balcão;23/07/2026;10:47:26;Novo (0);Regular (1);3;XP INVESTIMENTOS CCTVM S/A;3;XP INVESTIMENTOS CCTVM S/A
MTRE3;15.643;0,35%;109.013.534;Balcão;23/07/2026;10:47:26;Novo (0);Regular (1);3;XP INVESTIMENTOS CCTVM S/A;3;XP INVESTIMENTOS CCTVM S/A
CVCB3;7.300;3,97%;109.013.544;Balcão;23/07/2026;10:47:26;Novo (0);Regular (1);3;XP INVESTIMENTOS CCTVM S/A;3;XP INVESTIMENTOS CCTVM S/A
BHIA3;8.499;39,00%;109.013.551;Balcão;23/07/2026;10:47:26;Novo (0);Regular (1);3;XP INVESTIMENTOS CCTVM S/A;3;XP INVESTIMENTOS CCTVM S/A
LOGG3;5.800;0,08%;109.013.553;Balcão;23/07/2026;10:47:26;Novo (0);Regular (1);3;XP INVESTIMENTOS CCTVM S/A;3;XP INVESTIMENTOS CCTVM S/A
ARML3;23.890;0,10%;109.013.521;Balcão;23/07/2026;10:47:26;Novo (0);Regular (1);3;XP INVESTIMENTOS CCTVM S/A;3;XP INVESTIMENTOS CCTVM S/A
LREN3;13.934;0,05%;109.013.531;Balcão;23/07/2026;10:47:26;Novo (0);Regular (1);3;XP INVESTIMENTOS CCTVM S/A;3;XP INVESTIMENTOS CCTVM S/A
JHSF3;15.100;2,44%;109.013.533;Balcão;23/07/2026;10:47:26;Novo (0);Regular (1);3;XP INVESTIMENTOS CCTVM S/A;3;XP INVESTIMENTOS CCTVM S/A
MTRE3;25.949;0,35%;109.013.515;Balcão;23/07/2026;10:47:26;Novo (0);Regular (1);3;XP INVESTIMENTOS CCTVM S/A;3;XP INVESTIMENTOS CCTVM S/A
RIAA3;6.100;0,14%;109.013.539;Balcão;23/07/2026;10:47:26;Novo (0);Regular (1);3;XP INVESTIMENTOS CCTVM S/A;3;XP INVESTIMENTOS CCTVM S/A
BRSR6;25.500;0,12%;109.013.516;Balcão;23/07/2026;10:47:26;Novo (0);Regular (1);3;XP INVESTIMENTOS CCTVM S/A;3;XP INVESTIMENTOS CCTVM S/A
VIVA3;49.564;5,00%;109.013.793;Balcão;23/07/2026;10:47:00;Novo (0);Regular (1);346;DAYCOVAL CTVM LTDA;39;AGORA CTVM S/A
SUZB3;20.000;0,03%;109.013.792;Balcão;23/07/2026;10:45:09;Novo (0);Regular (1);1099;INTER DISTRIBUIDORA DE TITULOS E VALORES MOBILIARIOS LTDA;39;AGORA CTVM S/A
BBAS3;404.901;0,02%;109.013.788;Balcão;23/07/2026;10:45:09;Novo (0);Regular (1);85;BTG PACTUAL CTVM S/A;39;AGORA CTVM S/A
WEGE3;100;0,03%;109.013.791;Balcão;23/07/2026;10:44:02;Novo (0);Regular (1);39;AGORA CTVM S/A;262;MIRAE ASSET WEALTH MANAGEMENT (BRASIL) CCTVM LTDA.
ALPA4;20;0,14%;109.013.790;Balcão;23/07/2026;10:44:02;Novo (0);Regular (1);39;AGORA CTVM S/A;262;MIRAE ASSET WEALTH MANAGEMENT (BRASIL) CCTVM LTDA.
MOVI3;300;0,09%;109.013.789;Balcão;23/07/2026;10:44:01;Novo (0);Regular (1);39;AGORA CTVM S/A;262;MIRAE ASSET WEALTH MANAGEMENT (BRASIL) CCTVM LTDA.
ABEV3;33;2,88%;109.013.770;Balcão;23/07/2026;10:42:01;Novo (0);Regular (1);3;XP INVESTIMENTOS CCTVM S/A;88;CM CAPITAL MARKETS CORRETORA DE CÂMBIO  TÍTULOS E VALORES MO
ABEV3;33;2,88%;109.013.773;Balcão;23/07/2026;10:42:01;Novo (0);Regular (1);3;XP INVESTIMENTOS CCTVM S/A;88;CM CAPITAL MARKETS CORRETORA DE CÂMBIO  TÍTULOS E VALORES MO
ABEV3;34;2,88%;109.013.745;Balcão;23/07/2026;10:42:00;Novo (0);Regular (1);3;XP INVESTIMENTOS CCTVM S/A;88;CM CAPITAL MARKETS CORRETORA DE CÂMBIO  TÍTULOS E VALORES MO
ABEV3;34;2,88%;109.013.754;Balcão;23/07/2026;10:42:00;Novo (0);Regular (1);3;XP INVESTIMENTOS CCTVM S/A;88;CM CAPITAL MARKETS CORRETORA DE CÂMBIO  TÍTULOS E VALORES MO
ABEV3;33;2,88%;109.013.771;Balcão;23/07/2026;10:42:00;Novo (0);Regular (1);3;XP INVESTIMENTOS CCTVM S/A;88;CM CAPITAL MARKETS CORRETORA DE CÂMBIO  TÍTULOS E VALORES MO
ABEV3;34;2,88%;109.013.768;Balcão;23/07/2026;10:42:00;Novo (0);Regular (1);3;XP INVESTIMENTOS CCTVM S/A;88;CM CAPITAL MARKETS CORRETORA DE CÂMBIO  TÍTULOS E VALORES MO
ABEV3;17;2,88%;109.013.776;Balcão;23/07/2026;10:42:00;Novo (0);Regular (1);3;XP INVESTIMENTOS CCTVM S/A;88;CM CAPITAL MARKETS CORRETORA DE CÂMBIO  TÍTULOS E VALORES MO
ABEV3;33;2,88%;109.013.777;Balcão;23/07/2026;10:42:00;Novo (0);Regular (1);3;XP INVESTIMENTOS CCTVM S/A;88;CM CAPITAL MARKETS CORRETORA DE CÂMBIO  TÍTULOS E VALORES MO
ABEV3;34;2,88%;109.013.769;Balcão;23/07/2026;10:42:00;Novo (0);Regular (1);3;XP INVESTIMENTOS CCTVM S/A;88;CM CAPITAL MARKETS CORRETORA DE CÂMBIO  TÍTULOS E VALORES MO
ABEV3;33;2,88%;109.013.781;Balcão;23/07/2026;10:42:00;Novo (0);Regular (1);3;XP INVESTIMENTOS CCTVM S/A;88;CM CAPITAL MARKETS CORRETORA DE CÂMBIO  TÍTULOS E VALORES MO
ABEV3;34;2,88%;109.013.779;Balcão;23/07/2026;10:42:00;Novo (0);Regular (1);3;XP INVESTIMENTOS CCTVM S/A;88;CM CAPITAL MARKETS CORRETORA DE CÂMBIO  TÍTULOS E VALORES MO
ABEV3;34;2,88%;109.013.755;Balcão;23/07/2026;10:42:00;Novo (0);Regular (1);3;XP INVESTIMENTOS CCTVM S/A;88;CM CAPITAL MARKETS CORRETORA DE CÂMBIO  TÍTULOS E VALORES MO
ABEV3;34;2,88%;109.013.757;Balcão;23/07/2026;10:42:00;Novo (0);Regular (1);3;XP INVESTIMENTOS CCTVM S/A;88;CM CAPITAL MARKETS CORRETORA DE CÂMBIO  TÍTULOS E VALORES MO
ABEV3;34;2,88%;109.013.760;Balcão;23/07/2026;10:42:00;Novo (0);Regular (1);3;XP INVESTIMENTOS CCTVM S/A;88;CM CAPITAL MARKETS CORRETORA DE CÂMBIO  TÍTULOS E VALORES MO
ABEV3;34;2,88%;109.013.758;Balcão;23/07/2026;10:42:00;Novo (0);Regular (1);3;XP INVESTIMENTOS CCTVM S/A;88;CM CAPITAL MARKETS CORRETORA DE CÂMBIO  TÍTULOS E VALORES MO
ABEV3;34;2,88%;109.013.753;Balcão;23/07/2026;10:42:00;Novo (0);Regular (1);3;XP INVESTIMENTOS CCTVM S/A;88;CM CAPITAL MARKETS CORRETORA DE CÂMBIO  TÍTULOS E VALORES MO
ABEV3;33;2,88%;109.013.772;Balcão;23/07/2026;10:41:59;Novo (0);Regular (1);3;XP INVESTIMENTOS CCTVM S/A;88;CM CAPITAL MARKETS CORRETORA DE CÂMBIO  TÍTULOS E VALORES MO
ABEV3;34;2,88%;109.013.764;Balcão;23/07/2026;10:41:59;Novo (0);Regular (1);3;XP INVESTIMENTOS CCTVM S/A;88;CM CAPITAL MARKETS CORRETORA DE CÂMBIO  TÍTULOS E VALORES MO
ABEV3;7;2,88%;109.013.774;Balcão;23/07/2026;10:41:59;Novo (0);Regular (1);3;XP INVESTIMENTOS CCTVM S/A;88;CM CAPITAL MARKETS CORRETORA DE CÂMBIO  TÍTULOS E VALORES MO
ABEV3;34;2,88%;109.013.741;Balcão;23/07/2026;10:41:59;Novo (0);Regular (1);3;XP INVESTIMENTOS CCTVM S/A;88;CM CAPITAL MARKETS CORRETORA DE CÂMBIO  TÍTULOS E VALORES MO
ABEV3;33;2,88%;109.013.767;Balcão;23/07/2026;10:41:59;Novo (0);Regular (1);3;XP INVESTIMENTOS CCTVM S/A;88;CM CAPITAL MARKETS CORRETORA DE CÂMBIO  TÍTULOS E VALORES MO
ABEV3;34;2,88%;109.013.766;Balcão;23/07/2026;10:41:59;Novo (0);Regular (1);3;XP INVESTIMENTOS CCTVM S/A;88;CM CAPITAL MARKETS CORRETORA DE CÂMBIO  TÍTULOS E VALORES MO
ABEV3;34;2,88%;109.013.748;Balcão;23/07/2026;10:41:59;Novo (0);Regular (1);3;XP INVESTIMENTOS CCTVM S/A;88;CM CAPITAL MARKETS CORRETORA DE CÂMBIO  TÍTULOS E VALORES MO
ABEV3;34;2,88%;109.013.778;Balcão;23/07/2026;10:41:59;Novo (0);Regular (1);3;XP INVESTIMENTOS CCTVM S/A;88;CM CAPITAL MARKETS CORRETORA DE CÂMBIO  TÍTULOS E VALORES MO
ABEV3;33;2,88%;109.013.775;Balcão;23/07/2026;10:41:59;Novo (0);Regular (1);3;XP INVESTIMENTOS CCTVM S/A;88;CM CAPITAL MARKETS CORRETORA DE CÂMBIO  TÍTULOS E VALORES MO
ABEV3;35;2,88%;109.013.718;Balcão;23/07/2026;10:41:59;Novo (0);Regular (1);3;XP INVESTIMENTOS CCTVM S/A;88;CM CAPITAL MARKETS CORRETORA DE CÂMBIO  TÍTULOS E VALORES MO
ABEV3;34;2,88%;109.013.744;Balcão;23/07/2026;10:41:59;Novo (0);Regular (1);3;XP INVESTIMENTOS CCTVM S/A;88;CM CAPITAL MARKETS CORRETORA DE CÂMBIO  TÍTULOS E VALORES MO
ABEV3;34;2,88%;109.013.750;Balcão;23/07/2026;10:41:59;Novo (0);Regular (1);3;XP INVESTIMENTOS CCTVM S/A;88;CM CAPITAL MARKETS CORRETORA DE CÂMBIO  TÍTULOS E VALORES MO
ABEV3;36;2,88%;109.013.716;Balcão;23/07/2026;10:41:58;Novo (0);Regular (1);3;XP INVESTIMENTOS CCTVM S/A;88;CM CAPITAL MARKETS CORRETORA DE CÂMBIO  TÍTULOS E VALORES MO
ABEV3;35;2,88%;109.013.714;Balcão;23/07/2026;10:41:58;Novo (0);Regular (1);3;XP INVESTIMENTOS CCTVM S/A;88;CM CAPITAL MARKETS CORRETORA DE CÂMBIO  TÍTULOS E VALORES MO
ABEV3;34;2,88%;109.013.742;Balcão;23/07/2026;10:41:58;Novo (0);Regular (1);3;XP INVESTIMENTOS CCTVM S/A;88;CM CAPITAL MARKETS CORRETORA DE CÂMBIO  TÍTULOS E VALORES MO
ABEV3;34;2,88%;109.013.765;Balcão;23/07/2026;10:41:58;Novo (0);Regular (1);3;XP INVESTIMENTOS CCTVM S/A;88;CM CAPITAL MARKETS CORRETORA DE CÂMBIO  TÍTULOS E VALORES MO
ABEV3;34;2,88%;109.013.761;Balcão;23/07/2026;10:41:58;Novo (0);Regular (1);3;XP INVESTIMENTOS CCTVM S/A;88;CM CAPITAL MARKETS CORRETORA DE CÂMBIO  TÍTULOS E VALORES MO
ABEV3;34;2,88%;109.013.749;Balcão;23/07/2026;10:41:58;Novo (0);Regular (1);3;XP INVESTIMENTOS CCTVM S/A;88;CM CAPITAL MARKETS CORRETORA DE CÂMBIO  TÍTULOS E VALORES MO
ABEV3;35;2,88%;109.013.743;Balcão;23/07/2026;10:41:58;Novo (0);Regular (1);3;XP INVESTIMENTOS CCTVM S/A;88;CM CAPITAL MARKETS CORRETORA DE CÂMBIO  TÍTULOS E VALORES MO
ABEV3;34;2,88%;109.013.746;Balcão;23/07/2026;10:41:58;Novo (0);Regular (1);3;XP INVESTIMENTOS CCTVM S/A;88;CM CAPITAL MARKETS CORRETORA DE CÂMBIO  TÍTULOS E VALORES MO
ABEV3;33;2,88%;109.013.780;Balcão;23/07/2026;10:41:58;Novo (0);Regular (1);3;XP INVESTIMENTOS CCTVM S/A;88;CM CAPITAL MARKETS CORRETORA DE CÂMBIO  TÍTULOS E VALORES MO
ABEV3;34;2,88%;109.013.756;Balcão;23/07/2026;10:41:58;Novo (0);Regular (1);3;XP INVESTIMENTOS CCTVM S/A;88;CM CAPITAL MARKETS CORRETORA DE CÂMBIO  TÍTULOS E VALORES MO
ABEV3;34;2,88%;109.013.762;Balcão;23/07/2026;10:41:58;Novo (0);Regular (1);3;XP INVESTIMENTOS CCTVM S/A;88;CM CAPITAL MARKETS CORRETORA DE CÂMBIO  TÍTULOS E VALORES MO
ABEV3;34;2,88%;109.013.751;Balcão;23/07/2026;10:41:58;Novo (0);Regular (1);3;XP INVESTIMENTOS CCTVM S/A;88;CM CAPITAL MARKETS CORRETORA DE CÂMBIO  TÍTULOS E VALORES MO
ABEV3;35;2,88%;109.013.759;Balcão;23/07/2026;10:41:58;Novo (0);Regular (1);3;XP INVESTIMENTOS CCTVM S/A;88;CM CAPITAL MARKETS CORRETORA DE CÂMBIO  TÍTULOS E VALORES MO
ABEV3;34;2,88%;109.013.747;Balcão;23/07/2026;10:41:58;Novo (0);Regular (1);3;XP INVESTIMENTOS CCTVM S/A;88;CM CAPITAL MARKETS CORRETORA DE CÂMBIO  TÍTULOS E VALORES MO
ABEV3;33;2,88%;109.013.763;Balcão;23/07/2026;10:41:58;Novo (0);Regular (1);3;XP INVESTIMENTOS CCTVM S/A;88;CM CAPITAL MARKETS CORRETORA DE CÂMBIO  TÍTULOS E VALORES MO
ABEV3;34;2,88%;109.013.737;Balcão;23/07/2026;10:41:58;Novo (0);Regular (1);3;XP INVESTIMENTOS CCTVM S/A;88;CM CAPITAL MARKETS CORRETORA DE CÂMBIO  TÍTULOS E VALORES MO
ABEV3;35;2,88%;109.013.736;Balcão;23/07/2026;10:41:57;Novo (0);Regular (1);3;XP INVESTIMENTOS CCTVM S/A;88;CM CAPITAL MARKETS CORRETORA DE CÂMBIO  TÍTULOS E VALORES MO
ABEV3;36;2,88%;109.013.724;Balcão;23/07/2026;10:41:57;Novo (0);Regular (1);3;XP INVESTIMENTOS CCTVM S/A;88;CM CAPITAL MARKETS CORRETORA DE CÂMBIO  TÍTULOS E VALORES MO
ABEV3;35;2,88%;109.013.722;Balcão;23/07/2026;10:41:57;Novo (0);Regular (1);3;XP INVESTIMENTOS CCTVM S/A;88;CM CAPITAL MARKETS CORRETORA DE CÂMBIO  TÍTULOS E VALORES MO
ABEV3;35;2,88%;109.013.727;Balcão;23/07/2026;10:41:57;Novo (0);Regular (1);3;XP INVESTIMENTOS CCTVM S/A;88;CM CAPITAL MARKETS CORRETORA DE CÂMBIO  TÍTULOS E VALORES MO
ABEV3;35;2,88%;109.013.710;Balcão;23/07/2026;10:41:57;Novo (0);Regular (1);3;XP INVESTIMENTOS CCTVM S/A;88;CM CAPITAL MARKETS CORRETORA DE CÂMBIO  TÍTULOS E VALORES MO
ABEV3;34;2,88%;109.013.738;Balcão;23/07/2026;10:41:57;Novo (0);Regular (1);3;XP INVESTIMENTOS CCTVM S/A;88;CM CAPITAL MARKETS CORRETORA DE CÂMBIO  TÍTULOS E VALORES MO
ABEV3;36;2,88%;109.013.715;Balcão;23/07/2026;10:41:57;Novo (0);Regular (1);3;XP INVESTIMENTOS CCTVM S/A;88;CM CAPITAL MARKETS CORRETORA DE CÂMBIO  TÍTULOS E VALORES MO
ABEV3;35;2,88%;109.013.752;Balcão;23/07/2026;10:41:57;Novo (0);Regular (1);3;XP INVESTIMENTOS CCTVM S/A;88;CM CAPITAL MARKETS CORRETORA DE CÂMBIO  TÍTULOS E VALORES MO
ABEV3;35;2,88%;109.013.709;Balcão;23/07/2026;10:41:57;Novo (0);Regular (1);3;XP INVESTIMENTOS CCTVM S/A;88;CM CAPITAL MARKETS CORRETORA DE CÂMBIO  TÍTULOS E VALORES MO
ABEV3;34;2,88%;109.013.739;Balcão;23/07/2026;10:41:56;Novo (0);Regular (1);3;XP INVESTIMENTOS CCTVM S/A;88;CM CAPITAL MARKETS CORRETORA DE CÂMBIO  TÍTULOS E VALORES MO
ABEV3;36;2,88%;109.013.725;Balcão;23/07/2026;10:41:56;Novo (0);Regular (1);3;XP INVESTIMENTOS CCTVM S/A;88;CM CAPITAL MARKETS CORRETORA DE CÂMBIO  TÍTULOS E VALORES MO
ABEV3;37;2,88%;109.013.729;Balcão;23/07/2026;10:41:56;Novo (0);Regular (1);3;XP INVESTIMENTOS CCTVM S/A;88;CM CAPITAL MARKETS CORRETORA DE CÂMBIO  TÍTULOS E VALORES MO
ABEV3;34;2,88%;109.013.719;Balcão;23/07/2026;10:41:56;Novo (0);Regular (1);3;XP INVESTIMENTOS CCTVM S/A;88;CM CAPITAL MARKETS CORRETORA DE CÂMBIO  TÍTULOS E VALORES MO
ABEV3;35;2,88%;109.013.717;Balcão;23/07/2026;10:41:56;Novo (0);Regular (1);3;XP INVESTIMENTOS CCTVM S/A;88;CM CAPITAL MARKETS CORRETORA DE CÂMBIO  TÍTULOS E VALORES MO
ABEV3;36;2,88%;109.013.726;Balcão;23/07/2026;10:41:56;Novo (0);Regular (1);3;XP INVESTIMENTOS CCTVM S/A;88;CM CAPITAL MARKETS CORRETORA DE CÂMBIO  TÍTULOS E VALORES MO
ABEV3;34;2,88%;109.013.732;Balcão;23/07/2026;10:41:56;Novo (0);Regular (1);3;XP INVESTIMENTOS CCTVM S/A;88;CM CAPITAL MARKETS CORRETORA DE CÂMBIO  TÍTULOS E VALORES MO
ABEV3;36;2,88%;109.013.712;Balcão;23/07/2026;10:41:56;Novo (0);Regular (1);3;XP INVESTIMENTOS CCTVM S/A;88;CM CAPITAL MARKETS CORRETORA DE CÂMBIO  TÍTULOS E VALORES MO
ABEV3;35;2,88%;109.013.721;Balcão;23/07/2026;10:41:56;Novo (0);Regular (1);3;XP INVESTIMENTOS CCTVM S/A;88;CM CAPITAL MARKETS CORRETORA DE CÂMBIO  TÍTULOS E VALORES MO
ABEV3;35;2,88%;109.013.711;Balcão;23/07/2026;10:41:56;Novo (0);Regular (1);3;XP INVESTIMENTOS CCTVM S/A;88;CM CAPITAL MARKETS CORRETORA DE CÂMBIO  TÍTULOS E VALORES MO
ABEV3;34;2,88%;109.013.733;Balcão;23/07/2026;10:41:56;Novo (0);Regular (1);3;XP INVESTIMENTOS CCTVM S/A;88;CM CAPITAL MARKETS CORRETORA DE CÂMBIO  TÍTULOS E VALORES MO
ABEV3;34;2,88%;109.013.734;Balcão;23/07/2026;10:41:56;Novo (0);Regular (1);3;XP INVESTIMENTOS CCTVM S/A;88;CM CAPITAL MARKETS CORRETORA DE CÂMBIO  TÍTULOS E VALORES MO
ABEV3;34;2,88%;109.013.735;Balcão;23/07/2026;10:41:56;Novo (0);Regular (1);3;XP INVESTIMENTOS CCTVM S/A;88;CM CAPITAL MARKETS CORRETORA DE CÂMBIO  TÍTULOS E VALORES MO
ABEV3;35;2,88%;109.013.723;Balcão;23/07/2026;10:41:56;Novo (0);Regular (1);3;XP INVESTIMENTOS CCTVM S/A;88;CM CAPITAL MARKETS CORRETORA DE CÂMBIO  TÍTULOS E VALORES MO
ABEV3;36;2,88%;109.013.730;Balcão;23/07/2026;10:41:56;Novo (0);Regular (1);3;XP INVESTIMENTOS CCTVM S/A;88;CM CAPITAL MARKETS CORRETORA DE CÂMBIO  TÍTULOS E VALORES MO
ABEV3;35;2,88%;109.013.720;Balcão;23/07/2026;10:41:56;Novo (0);Regular (1);3;XP INVESTIMENTOS CCTVM S/A;88;CM CAPITAL MARKETS CORRETORA DE CÂMBIO  TÍTULOS E VALORES MO
ABEV3;34;2,88%;109.013.740;Balcão;23/07/2026;10:41:56;Novo (0);Regular (1);3;XP INVESTIMENTOS CCTVM S/A;88;CM CAPITAL MARKETS CORRETORA DE CÂMBIO  TÍTULOS E VALORES MO
ABEV3;35;2,88%;109.013.728;Balcão;23/07/2026;10:41:55;Novo (0);Regular (1);3;XP INVESTIMENTOS CCTVM S/A;88;CM CAPITAL MARKETS CORRETORA DE CÂMBIO  TÍTULOS E VALORES MO
ABEV3;36;2,88%;109.013.713;Balcão;23/07/2026;10:41:55;Novo (0);Regular (1);3;XP INVESTIMENTOS CCTVM S/A;88;CM CAPITAL MARKETS CORRETORA DE CÂMBIO  TÍTULOS E VALORES MO
ABEV3;35;2,88%;109.013.731;Balcão;23/07/2026;10:41:55;Novo (0);Regular (1);3;XP INVESTIMENTOS CCTVM S/A;88;CM CAPITAL MARKETS CORRETORA DE CÂMBIO  TÍTULOS E VALORES MO
ABEV3;35;2,88%;109.013.706;Balcão;23/07/2026;10:41:55;Novo (0);Regular (1);3;XP INVESTIMENTOS CCTVM S/A;88;CM CAPITAL MARKETS CORRETORA DE CÂMBIO  TÍTULOS E VALORES MO
ABEV3;35;2,88%;109.013.708;Balcão;23/07/2026;10:41:55;Novo (0);Regular (1);3;XP INVESTIMENTOS CCTVM S/A;88;CM CAPITAL MARKETS CORRETORA DE CÂMBIO  TÍTULOS E VALORES MO
ABEV3;35;2,88%;109.013.707;Balcão;23/07/2026;10:41:55;Novo (0);Regular (1);3;XP INVESTIMENTOS CCTVM S/A;88;CM CAPITAL MARKETS CORRETORA DE CÂMBIO  TÍTULOS E VALORES MO
ABEV3;36;2,88%;109.013.702;Balcão;23/07/2026;10:41:55;Novo (0);Regular (1);3;XP INVESTIMENTOS CCTVM S/A;88;CM CAPITAL MARKETS CORRETORA DE CÂMBIO  TÍTULOS E VALORES MO
ABEV3;35;2,88%;109.013.704;Balcão;23/07/2026;10:41:55;Novo (0);Regular (1);3;XP INVESTIMENTOS CCTVM S/A;88;CM CAPITAL MARKETS CORRETORA DE CÂMBIO  TÍTULOS E VALORES MO
ABEV3;35;2,88%;109.013.700;Balcão;23/07/2026;10:41:55;Novo (0);Regular (1);3;XP INVESTIMENTOS CCTVM S/A;88;CM CAPITAL MARKETS CORRETORA DE CÂMBIO  TÍTULOS E VALORES MO
ABEV3;36;2,88%;109.013.699;Balcão;23/07/2026;10:41:54;Novo (0);Regular (1);3;XP INVESTIMENTOS CCTVM S/A;88;CM CAPITAL MARKETS CORRETORA DE CÂMBIO  TÍTULOS E VALORES MO
ABEV3;35;2,88%;109.013.705;Balcão;23/07/2026;10:41:54;Novo (0);Regular (1);3;XP INVESTIMENTOS CCTVM S/A;88;CM CAPITAL MARKETS CORRETORA DE CÂMBIO  TÍTULOS E VALORES MO
ABEV3;35;2,88%;109.013.698;Balcão;23/07/2026;10:41:54;Novo (0);Regular (1);3;XP INVESTIMENTOS CCTVM S/A;88;CM CAPITAL MARKETS CORRETORA DE CÂMBIO  TÍTULOS E VALORES MO
ABEV3;36;2,88%;109.013.703;Balcão;23/07/2026;10:41:54;Novo (0);Regular (1);3;XP INVESTIMENTOS CCTVM S/A;88;CM CAPITAL MARKETS CORRETORA DE CÂMBIO  TÍTULOS E VALORES MO
ABEV3;35;2,88%;109.013.701;Balcão;23/07/2026;10:41:54;Novo (0);Regular (1);3;XP INVESTIMENTOS CCTVM S/A;88;CM CAPITAL MARKETS CORRETORA DE CÂMBIO  TÍTULOS E VALORES MO
CMIN3;36.853;70,00%;109.013.487;Balcão;23/07/2026;10:41:30;Novo (0);Regular (1);85;BTG PACTUAL CTVM S/A;85;BTG PACTUAL CTVM S/A
EQTL3;51.000;0,05%;109.013.512;Balcão;23/07/2026;10:41:30;Novo (0);Regular (1);3;XP INVESTIMENTOS CCTVM S/A;3;XP INVESTIMENTOS CCTVM S/A
EQTL3;31.758;0,05%;109.013.510;Balcão;23/07/2026;10:41:29;Novo (0);Regular (1);3;XP INVESTIMENTOS CCTVM S/A;3;XP INVESTIMENTOS CCTVM S/A
CMIN3;4.674;70,00%;109.013.486;Balcão;23/07/2026;10:41:29;Novo (0);Regular (1);85;BTG PACTUAL CTVM S/A;85;BTG PACTUAL CTVM S/A
CMIN3;4.473;70,00%;109.013.485;Balcão;23/07/2026;10:41:29;Novo (0);Regular (1);85;BTG PACTUAL CTVM S/A;85;BTG PACTUAL CTVM S/A
EQTL3;5.242;0,05%;109.013.519;Balcão;23/07/2026;10:41:29;Novo (0);Regular (1);3;XP INVESTIMENTOS CCTVM S/A;3;XP INVESTIMENTOS CCTVM S/A
MSFT34;103;0,10%;109.013.696;Balcão;23/07/2026;10:41:25;Novo (0);Regular (1);3;XP INVESTIMENTOS CCTVM S/A;3;XP INVESTIMENTOS CCTVM S/A
MSFT34;264;0,10%;109.013.697;Balcão;23/07/2026;10:41:25;Novo (0);Regular (1);3;XP INVESTIMENTOS CCTVM S/A;3;XP INVESTIMENTOS CCTVM S/A
SMAL11;100;9,92%;109.013.688;Balcão;23/07/2026;10:41:24;Novo (0);Regular (1);3;XP INVESTIMENTOS CCTVM S/A;3;XP INVESTIMENTOS CCTVM S/A
BBAS3;7.126;0,02%;109.009.484;Balcão;23/07/2026;10:41:22;Novo (0);Regular (1);39;AGORA CTVM S/A;39;AGORA CTVM S/A
SPCX34;1.900;1,00%;109.013.673;Balcão;23/07/2026;10:41:21;Novo (0);Regular (1);3;XP INVESTIMENTOS CCTVM S/A;3;XP INVESTIMENTOS CCTVM S/A
MGLU3;848;14,36%;109.013.682;Balcão;23/07/2026;10:41:21;Novo (0);Regular (1);3;XP INVESTIMENTOS CCTVM S/A;3;XP INVESTIMENTOS CCTVM S/A
P2LT34;100;0,13%;109.013.680;Balcão;23/07/2026;10:41:21;Novo (0);Regular (1);3;XP INVESTIMENTOS CCTVM S/A;3;XP INVESTIMENTOS CCTVM S/A
SMAL11;205;9,92%;109.013.636;Balcão;23/07/2026;10:41:21;Novo (0);Regular (1);3;XP INVESTIMENTOS CCTVM S/A;3;XP INVESTIMENTOS CCTVM S/A
SMAL11;35;9,92%;109.013.665;Balcão;23/07/2026;10:41:20;Novo (0);Regular (1);3;XP INVESTIMENTOS CCTVM S/A;3;XP INVESTIMENTOS CCTVM S/A
BBAS3;17.940;0,02%;109.009.486;Balcão;23/07/2026;10:41:20;Novo (0);Regular (1);39;AGORA CTVM S/A;39;AGORA CTVM S/A
HFOF11;2;0,14%;109.013.695;Balcão;23/07/2026;10:41:20;Novo (0);Regular (1);3;XP INVESTIMENTOS CCTVM S/A;3;XP INVESTIMENTOS CCTVM S/A
MRVE3;3;0,15%;109.013.694;Balcão;23/07/2026;10:41:20;Novo (0);Regular (1);3;XP INVESTIMENTOS CCTVM S/A;3;XP INVESTIMENTOS CCTVM S/A
CEAB3;284;0,12%;109.013.693;Balcão;23/07/2026;10:41:20;Novo (0);Regular (1);3;XP INVESTIMENTOS CCTVM S/A;3;XP INVESTIMENTOS CCTVM S/A
MSFT34;17;0,10%;109.013.692;Balcão;23/07/2026;10:41:20;Novo (0);Regular (1);3;XP INVESTIMENTOS CCTVM S/A;3;XP INVESTIMENTOS CCTVM S/A
SPCX34;25;0,29%;109.013.691;Balcão;23/07/2026;10:41:20;Novo (0);Regular (1);3;XP INVESTIMENTOS CCTVM S/A;3;XP INVESTIMENTOS CCTVM S/A
MSFT34;290;0,10%;109.013.684;Balcão;23/07/2026;10:41:20;Novo (0);Regular (1);3;XP INVESTIMENTOS CCTVM S/A;3;XP INVESTIMENTOS CCTVM S/A
SMAL11;237;9,92%;109.013.689;Balcão;23/07/2026;10:41:20;Novo (0);Regular (1);3;XP INVESTIMENTOS CCTVM S/A;3;XP INVESTIMENTOS CCTVM S/A
SMAL11;211;9,92%;109.013.687;Balcão;23/07/2026;10:41:19;Novo (0);Regular (1);3;XP INVESTIMENTOS CCTVM S/A;3;XP INVESTIMENTOS CCTVM S/A
BBAS3;29.200;0,02%;109.009.483;Balcão;23/07/2026;10:41:19;Novo (0);Regular (1);39;AGORA CTVM S/A;39;AGORA CTVM S/A
MXRF11;2;0,11%;109.013.690;Balcão;23/07/2026;10:41:19;Novo (0);Regular (1);3;XP INVESTIMENTOS CCTVM S/A;3;XP INVESTIMENTOS CCTVM S/A
MSFT34;267;0,10%;109.013.685;Balcão;23/07/2026;10:41:19;Novo (0);Regular (1);3;XP INVESTIMENTOS CCTVM S/A;3;XP INVESTIMENTOS CCTVM S/A
AAPL34;91;0,30%;109.013.677;Balcão;23/07/2026;10:41:17;Novo (0);Regular (1);3;XP INVESTIMENTOS CCTVM S/A;3;XP INVESTIMENTOS CCTVM S/A
GOGL34;21;0,27%;109.013.678;Balcão;23/07/2026;10:41:17;Novo (0);Regular (1);3;XP INVESTIMENTOS CCTVM S/A;3;XP INVESTIMENTOS CCTVM S/A
MSFT34;251;0,10%;109.013.676;Balcão;23/07/2026;10:41:17;Novo (0);Regular (1);3;XP INVESTIMENTOS CCTVM S/A;3;XP INVESTIMENTOS CCTVM S/A
SMAL11;15;9,92%;109.013.679;Balcão;23/07/2026;10:41:17;Novo (0);Regular (1);3;XP INVESTIMENTOS CCTVM S/A;3;XP INVESTIMENTOS CCTVM S/A
MELI34;55;0,10%;109.013.672;Balcão;23/07/2026;10:41:17;Novo (0);Regular (1);3;XP INVESTIMENTOS CCTVM S/A;3;XP INVESTIMENTOS CCTVM S/A
MSFT34;50;0,10%;109.013.674;Balcão;23/07/2026;10:41:17;Novo (0);Regular (1);3;XP INVESTIMENTOS CCTVM S/A;3;XP INVESTIMENTOS CCTVM S/A
SBSP3;2;0,07%;109.013.675;Balcão;23/07/2026;10:41:17;Novo (0);Regular (1);3;XP INVESTIMENTOS CCTVM S/A;3;XP INVESTIMENTOS CCTVM S/A
BSLV39;14;0,10%;109.013.670;Balcão;23/07/2026;10:41:17;Novo (0);Regular (1);3;XP INVESTIMENTOS CCTVM S/A;3;XP INVESTIMENTOS CCTVM S/A
MELI34;6;0,10%;109.013.669;Balcão;23/07/2026;10:41:17;Novo (0);Regular (1);3;XP INVESTIMENTOS CCTVM S/A;3;XP INVESTIMENTOS CCTVM S/A
MRVE3;200;0,15%;109.013.667;Balcão;23/07/2026;10:41:17;Novo (0);Regular (1);3;XP INVESTIMENTOS CCTVM S/A;3;XP INVESTIMENTOS CCTVM S/A
GOGL34;6;0,27%;109.013.668;Balcão;23/07/2026;10:41:17;Novo (0);Regular (1);3;XP INVESTIMENTOS CCTVM S/A;3;XP INVESTIMENTOS CCTVM S/A
PRIO3;82;0,02%;109.013.664;Balcão;23/07/2026;10:41:17;Novo (0);Regular (1);3;XP INVESTIMENTOS CCTVM S/A;3;XP INVESTIMENTOS CCTVM S/A
MSFT34;1;0,10%;109.013.663;Balcão;23/07/2026;10:41:17;Novo (0);Regular (1);3;XP INVESTIMENTOS CCTVM S/A;3;XP INVESTIMENTOS CCTVM S/A
BBAS3;762;0,02%;109.013.662;Balcão;23/07/2026;10:41:17;Novo (0);Regular (1);3;XP INVESTIMENTOS CCTVM S/A;3;XP INVESTIMENTOS CCTVM S/A
GOGL34;92;0,27%;109.013.661;Balcão;23/07/2026;10:41:17;Novo (0);Regular (1);3;XP INVESTIMENTOS CCTVM S/A;3;XP INVESTIMENTOS CCTVM S/A
HAPV3;4.800;0,24%;109.013.578;Balcão;23/07/2026;10:41:17;Novo (0);Regular (1);3;XP INVESTIMENTOS CCTVM S/A;3;XP INVESTIMENTOS CCTVM S/A
VIVT3;2;0,10%;109.013.659;Balcão;23/07/2026;10:41:17;Novo (0);Regular (1);3;XP INVESTIMENTOS CCTVM S/A;3;XP INVESTIMENTOS CCTVM S/A
MGLU3;31;14,36%;109.013.658;Balcão;23/07/2026;10:41:17;Novo (0);Regular (1);3;XP INVESTIMENTOS CCTVM S/A;3;XP INVESTIMENTOS CCTVM S/A
MSFT34;12;0,10%;109.013.656;Balcão;23/07/2026;10:41:16;Novo (0);Regular (1);3;XP INVESTIMENTOS CCTVM S/A;3;XP INVESTIMENTOS CCTVM S/A
BTLG11;1;0,11%;109.013.657;Balcão;23/07/2026;10:41:16;Novo (0);Regular (1);3;XP INVESTIMENTOS CCTVM S/A;3;XP INVESTIMENTOS CCTVM S/A
SMAL11;94;9,92%;109.013.654;Balcão;23/07/2026;10:41:16;Novo (0);Regular (1);3;XP INVESTIMENTOS CCTVM S/A;3;XP INVESTIMENTOS CCTVM S/A
BSLV39;655;0,10%;109.013.655;Balcão;23/07/2026;10:41:16;Novo (0);Regular (1);3;XP INVESTIMENTOS CCTVM S/A;3;XP INVESTIMENTOS CCTVM S/A
CEAB3;300;0,12%;109.013.648;Balcão;23/07/2026;10:41:16;Novo (0);Regular (1);3;XP INVESTIMENTOS CCTVM S/A;3;XP INVESTIMENTOS CCTVM S/A
SMAL11;200;9,92%;109.013.649;Balcão;23/07/2026;10:41:16;Novo (0);Regular (1);3;XP INVESTIMENTOS CCTVM S/A;3;XP INVESTIMENTOS CCTVM S/A
MELI34;205;0,10%;109.013.646;Balcão;23/07/2026;10:41:16;Novo (0);Regular (1);3;XP INVESTIMENTOS CCTVM S/A;3;XP INVESTIMENTOS CCTVM S/A
SMAL11;291;9,92%;109.013.644;Balcão;23/07/2026;10:41:16;Novo (0);Regular (1);3;XP INVESTIMENTOS CCTVM S/A;3;XP INVESTIMENTOS CCTVM S/A
BSLV39;130;0,10%;109.013.647;Balcão;23/07/2026;10:41:16;Novo (0);Regular (1);3;XP INVESTIMENTOS CCTVM S/A;3;XP INVESTIMENTOS CCTVM S/A
SMAL11;90;9,92%;109.013.640;Balcão;23/07/2026;10:41:16;Novo (0);Regular (1);3;XP INVESTIMENTOS CCTVM S/A;3;XP INVESTIMENTOS CCTVM S/A
P2LT34;100;0,13%;109.013.643;Balcão;23/07/2026;10:41:16;Novo (0);Regular (1);3;XP INVESTIMENTOS CCTVM S/A;3;XP INVESTIMENTOS CCTVM S/A
HAPV3;2.943;0,24%;109.013.616;Balcão;23/07/2026;10:41:16;Novo (0);Regular (1);3;XP INVESTIMENTOS CCTVM S/A;3;XP INVESTIMENTOS CCTVM S/A
SMAL11;200;9,92%;109.013.639;Balcão;23/07/2026;10:41:16;Novo (0);Regular (1);3;XP INVESTIMENTOS CCTVM S/A;3;XP INVESTIMENTOS CCTVM S/A
PETR3;150;0,02%;109.013.626;Balcão;23/07/2026;10:41:16;Novo (0);Regular (1);3;XP INVESTIMENTOS CCTVM S/A;3;XP INVESTIMENTOS CCTVM S/A
SPCX34;136;1,00%;109.013.618;Balcão;23/07/2026;10:41:16;Novo (0);Regular (1);3;XP INVESTIMENTOS CCTVM S/A;3;XP INVESTIMENTOS CCTVM S/A
PETR3;150;0,02%;109.013.620;Balcão;23/07/2026;10:41:15;Novo (0);Regular (1);3;XP INVESTIMENTOS CCTVM S/A;3;XP INVESTIMENTOS CCTVM S/A
SPCX34;2.000;1,00%;109.013.621;Balcão;23/07/2026;10:41:15;Novo (0);Regular (1);3;XP INVESTIMENTOS CCTVM S/A;3;XP INVESTIMENTOS CCTVM S/A
GGBR4;4.661;0,02%;109.013.617;Balcão;23/07/2026;10:41:15;Novo (0);Regular (1);3;XP INVESTIMENTOS CCTVM S/A;3;XP INVESTIMENTOS CCTVM S/A
PETR3;151;0,02%;109.013.619;Balcão;23/07/2026;10:41:15;Novo (0);Regular (1);3;XP INVESTIMENTOS CCTVM S/A;3;XP INVESTIMENTOS CCTVM S/A
PETR3;150;0,02%;109.013.594;Balcão;23/07/2026;10:41:15;Novo (0);Regular (1);3;XP INVESTIMENTOS CCTVM S/A;3;XP INVESTIMENTOS CCTVM S/A
EMBJ3;200;0,06%;109.013.614;Balcão;23/07/2026;10:41:13;Novo (0);Regular (1);3;XP INVESTIMENTOS CCTVM S/A;3;XP INVESTIMENTOS CCTVM S/A
MSFT34;325;0,10%;109.013.637;Balcão;23/07/2026;10:41:12;Novo (0);Regular (1);3;XP INVESTIMENTOS CCTVM S/A;3;XP INVESTIMENTOS CCTVM S/A
MELI34;25;0,10%;109.013.632;Balcão;23/07/2026;10:41:12;Novo (0);Regular (1);3;XP INVESTIMENTOS CCTVM S/A;3;XP INVESTIMENTOS CCTVM S/A
VGIR11;13;0,12%;109.013.629;Balcão;23/07/2026;10:41:12;Novo (0);Regular (1);3;XP INVESTIMENTOS CCTVM S/A;3;XP INVESTIMENTOS CCTVM S/A
SMAL11;106;9,92%;109.013.628;Balcão;23/07/2026;10:41:12;Novo (0);Regular (1);3;XP INVESTIMENTOS CCTVM S/A;3;XP INVESTIMENTOS CCTVM S/A
P2LT34;100;0,13%;109.013.625;Balcão;23/07/2026;10:41:12;Novo (0);Regular (1);3;XP INVESTIMENTOS CCTVM S/A;3;XP INVESTIMENTOS CCTVM S/A
BOVA11;100;0,72%;109.013.613;Balcão;23/07/2026;10:41:12;Novo (0);Regular (1);3;XP INVESTIMENTOS CCTVM S/A;3;XP INVESTIMENTOS CCTVM S/A
BOVA11;100;0,72%;109.013.593;Balcão;23/07/2026;10:41:12;Novo (0);Regular (1);3;XP INVESTIMENTOS CCTVM S/A;3;XP INVESTIMENTOS CCTVM S/A
TIMS3;4;0,06%;109.013.612;Balcão;23/07/2026;10:41:12;Novo (0);Regular (1);3;XP INVESTIMENTOS CCTVM S/A;3;XP INVESTIMENTOS CCTVM S/A
MRVE3;250;0,15%;109.013.611;Balcão;23/07/2026;10:41:12;Novo (0);Regular (1);3;XP INVESTIMENTOS CCTVM S/A;3;XP INVESTIMENTOS CCTVM S/A
MRVE3;2;0,15%;109.013.609;Balcão;23/07/2026;10:41:12;Novo (0);Regular (1);3;XP INVESTIMENTOS CCTVM S/A;3;XP INVESTIMENTOS CCTVM S/A
MELI34;253;0,10%;109.013.610;Balcão;23/07/2026;10:41:12;Novo (0);Regular (1);3;XP INVESTIMENTOS CCTVM S/A;3;XP INVESTIMENTOS CCTVM S/A
MSFT34;382;0,10%;109.013.596;Balcão;23/07/2026;10:41:12;Novo (0);Regular (1);3;XP INVESTIMENTOS CCTVM S/A;3;XP INVESTIMENTOS CCTVM S/A
MSFT34;10;0,10%;109.013.597;Balcão;23/07/2026;10:41:12;Novo (0);Regular (1);3;XP INVESTIMENTOS CCTVM S/A;3;XP INVESTIMENTOS CCTVM S/A
MELI34;25;0,10%;109.013.598;Balcão;23/07/2026;10:41:12;Novo (0);Regular (1);3;XP INVESTIMENTOS CCTVM S/A;3;XP INVESTIMENTOS CCTVM S/A
SMAL11;126;9,92%;109.013.600;Balcão;23/07/2026;10:41:12;Novo (0);Regular (1);3;XP INVESTIMENTOS CCTVM S/A;3;XP INVESTIMENTOS CCTVM S/A
PETR3;73;0,02%;109.013.573;Balcão;23/07/2026;10:41:11;Novo (0);Regular (1);3;XP INVESTIMENTOS CCTVM S/A;3;XP INVESTIMENTOS CCTVM S/A
BOVA11;100;0,72%;109.013.571;Balcão;23/07/2026;10:41:10;Novo (0);Regular (1);3;XP INVESTIMENTOS CCTVM S/A;3;XP INVESTIMENTOS CCTVM S/A
PETR3;150;0,02%;109.013.572;Balcão;23/07/2026;10:41:10;Novo (0);Regular (1);3;XP INVESTIMENTOS CCTVM S/A;3;XP INVESTIMENTOS CCTVM S/A
PETR3;153;0,02%;109.013.562;Balcão;23/07/2026;10:41:10;Novo (0);Regular (1);3;XP INVESTIMENTOS CCTVM S/A;3;XP INVESTIMENTOS CCTVM S/A
ITUB3;1;1,16%;109.013.556;Balcão;23/07/2026;10:41:10;Novo (0);Regular (1);3;XP INVESTIMENTOS CCTVM S/A;3;XP INVESTIMENTOS CCTVM S/A
ITUB3;1.545;1,16%;109.013.555;Balcão;23/07/2026;10:41:10;Novo (0);Regular (1);3;XP INVESTIMENTOS CCTVM S/A;3;XP INVESTIMENTOS CCTVM S/A
P2LT34;35;0,13%;109.013.606;Balcão;23/07/2026;10:41:09;Novo (0);Regular (1);3;XP INVESTIMENTOS CCTVM S/A;3;XP INVESTIMENTOS CCTVM S/A
MSFT34;153;0,10%;109.013.607;Balcão;23/07/2026;10:41:09;Novo (0);Regular (1);3;XP INVESTIMENTOS CCTVM S/A;3;XP INVESTIMENTOS CCTVM S/A
GOGL34;115;0,27%;109.013.605;Balcão;23/07/2026;10:41:09;Novo (0);Regular (1);3;XP INVESTIMENTOS CCTVM S/A;3;XP INVESTIMENTOS CCTVM S/A
SMAL11;74;9,92%;109.013.604;Balcão;23/07/2026;10:41:09;Novo (0);Regular (1);3;XP INVESTIMENTOS CCTVM S/A;3;XP INVESTIMENTOS CCTVM S/A
SANB11;1.600;6,43%;109.013.588;Balcão;23/07/2026;10:41:09;Novo (0);Regular (1);3;XP INVESTIMENTOS CCTVM S/A;3;XP INVESTIMENTOS CCTVM S/A
MSFT34;111;0,10%;109.013.592;Balcão;23/07/2026;10:41:09;Novo (0);Regular (1);3;XP INVESTIMENTOS CCTVM S/A;3;XP INVESTIMENTOS CCTVM S/A
ETHE11;1.700;0,10%;109.013.585;Balcão;23/07/2026;10:41:09;Novo (0);Regular (1);3;XP INVESTIMENTOS CCTVM S/A;3;XP INVESTIMENTOS CCTVM S/A
SMAL11;301;9,92%;109.013.582;Balcão;23/07/2026;10:41:09;Novo (0);Regular (1);3;XP INVESTIMENTOS CCTVM S/A;3;XP INVESTIMENTOS CCTVM S/A
BOVA11;57;0,72%;109.013.587;Balcão;23/07/2026;10:41:09;Novo (0);Regular (1);3;XP INVESTIMENTOS CCTVM S/A;3;XP INVESTIMENTOS CCTVM S/A
SMAL11;270;9,92%;109.013.584;Balcão;23/07/2026;10:41:09;Novo (0);Regular (1);3;XP INVESTIMENTOS CCTVM S/A;3;XP INVESTIMENTOS CCTVM S/A
MRVE3;300;0,15%;109.013.581;Balcão;23/07/2026;10:41:09;Novo (0);Regular (1);3;XP INVESTIMENTOS CCTVM S/A;3;XP INVESTIMENTOS CCTVM S/A
SMAL11;265;9,92%;109.013.579;Balcão;23/07/2026;10:41:09;Novo (0);Regular (1);3;XP INVESTIMENTOS CCTVM S/A;3;XP INVESTIMENTOS CCTVM S/A
MELI34;25;0,10%;109.013.574;Balcão;23/07/2026;10:41:09;Novo (0);Regular (1);3;XP INVESTIMENTOS CCTVM S/A;3;XP INVESTIMENTOS CCTVM S/A
MELI34;175;0,10%;109.013.576;Balcão;23/07/2026;10:41:08;Novo (0);Regular (1);3;XP INVESTIMENTOS CCTVM S/A;3;XP INVESTIMENTOS CCTVM S/A
PETR3;151;0,02%;109.013.570;Balcão;23/07/2026;10:41:08;Novo (0);Regular (1);3;XP INVESTIMENTOS CCTVM S/A;3;XP INVESTIMENTOS CCTVM S/A
PETR3;152;0,02%;109.013.552;Balcão;23/07/2026;10:41:07;Novo (0);Regular (1);3;XP INVESTIMENTOS CCTVM S/A;3;XP INVESTIMENTOS CCTVM S/A
BOVA11;93;0,72%;109.013.565;Balcão;23/07/2026;10:41:07;Novo (0);Regular (1);3;XP INVESTIMENTOS CCTVM S/A;3;XP INVESTIMENTOS CCTVM S/A
PETR3;150;0,02%;109.013.568;Balcão;23/07/2026;10:41:06;Novo (0);Regular (1);3;XP INVESTIMENTOS CCTVM S/A;3;XP INVESTIMENTOS CCTVM S/A
SMAL11;298;9,92%;109.013.567;Balcão;23/07/2026;10:41:06;Novo (0);Regular (1);3;XP INVESTIMENTOS CCTVM S/A;3;XP INVESTIMENTOS CCTVM S/A
HAPV3;426;0,24%;109.013.538;Balcão;23/07/2026;10:41:06;Novo (0);Regular (1);3;XP INVESTIMENTOS CCTVM S/A;3;XP INVESTIMENTOS CCTVM S/A
GOGL34;200;0,27%;109.013.566;Balcão;23/07/2026;10:41:06;Novo (0);Regular (1);3;XP INVESTIMENTOS CCTVM S/A;3;XP INVESTIMENTOS CCTVM S/A
MSFT34;540;0,10%;109.013.564;Balcão;23/07/2026;10:41:06;Novo (0);Regular (1);3;XP INVESTIMENTOS CCTVM S/A;3;XP INVESTIMENTOS CCTVM S/A
MELI34;175;0,10%;109.013.561;Balcão;23/07/2026;10:41:06;Novo (0);Regular (1);3;XP INVESTIMENTOS CCTVM S/A;3;XP INVESTIMENTOS CCTVM S/A
MSFT34;5;0,10%;109.013.557;Balcão;23/07/2026;10:41:06;Novo (0);Regular (1);3;XP INVESTIMENTOS CCTVM S/A;3;XP INVESTIMENTOS CCTVM S/A
GGBR4;25;0,02%;109.013.549;Balcão;23/07/2026;10:41:06;Novo (0);Regular (1);3;XP INVESTIMENTOS CCTVM S/A;3;XP INVESTIMENTOS CCTVM S/A
SMAL11;37;9,92%;109.013.543;Balcão;23/07/2026;10:41:05;Novo (0);Regular (1);3;XP INVESTIMENTOS CCTVM S/A;3;XP INVESTIMENTOS CCTVM S/A
SMAL11;337;9,92%;109.013.540;Balcão;23/07/2026;10:41:05;Novo (0);Regular (1);3;XP INVESTIMENTOS CCTVM S/A;3;XP INVESTIMENTOS CCTVM S/A
SMAL11;404;9,92%;109.013.530;Balcão;23/07/2026;10:41:02;Novo (0);Regular (1);3;XP INVESTIMENTOS CCTVM S/A;3;XP INVESTIMENTOS CCTVM S/A
SMAL11;489;9,92%;109.013.526;Balcão;23/07/2026;10:41:02;Novo (0);Regular (1);3;XP INVESTIMENTOS CCTVM S/A;3;XP INVESTIMENTOS CCTVM S/A
BOVA11;3.736;0,72%;109.004.426;Balcão;23/07/2026;10:40:40;Novo (0);Regular (1);6003;C6 CORRETORA DE TITULOS E VALORES MOBILIARIOS LTDA;6003;C6 CORRETORA DE TITULOS E VALORES MOBILIARIOS LTDA
HAPV3;3.500;0,24%;109.012.555;Balcão;23/07/2026;10:40:38;Novo (0);Regular (1);27;SANTANDER CCVM S/A;27;SANTANDER CCVM S/A
HAPV3;10;0,24%;109.012.558;Balcão;23/07/2026;10:40:38;Novo (0);Regular (1);27;SANTANDER CCVM S/A;27;SANTANDER CCVM S/A
VIVA3;27.875;3,75%;109.013.508;Balcão;23/07/2026;10:40:35;Novo (0);Regular (1);262;MIRAE ASSET WEALTH MANAGEMENT (BRASIL) CCTVM LTDA.;39;AGORA CTVM S/A
VIVA3;52.125;3,75%;109.013.507;Balcão;23/07/2026;10:40:35;Novo (0);Regular (1);262;MIRAE ASSET WEALTH MANAGEMENT (BRASIL) CCTVM LTDA.;39;AGORA CTVM S/A
BOVV11;808;0,13%;109.012.633;Balcão;23/07/2026;10:40:20;Novo (0);Regular (1);114;ITAU CV S/A;85;BTG PACTUAL CTVM S/A
BOVV11;560;0,13%;109.012.635;Balcão;23/07/2026;10:40:20;Novo (0);Regular (1);114;ITAU CV S/A;85;BTG PACTUAL CTVM S/A
BBAS3;7.100;0,02%;109.007.435;Balcão;23/07/2026;10:38:50;Novo (0);Regular (1);92;RENASCENCA DTVM LTDA;39;AGORA CTVM S/A
NVDC34;615;0,10%;109.007.144;Balcão;23/07/2026;10:38:50;Novo (0);Regular (1);1099;INTER DISTRIBUIDORA DE TITULOS E VALORES MOBILIARIOS LTDA;39;AGORA CTVM S/A
NVDC34;1.586;0,10%;109.007.146;Balcão;23/07/2026;10:38:50;Novo (0);Regular (1);1099;INTER DISTRIBUIDORA DE TITULOS E VALORES MOBILIARIOS LTDA;39;AGORA CTVM S/A
BBAS3;747;0,02%;109.007.439;Balcão;23/07/2026;10:38:50;Novo (0);Regular (1);92;RENASCENCA DTVM LTDA;39;AGORA CTVM S/A
BBAS3;3.800;0,02%;109.007.421;Balcão;23/07/2026;10:38:49;Novo (0);Regular (1);92;RENASCENCA DTVM LTDA;39;AGORA CTVM S/A
BBAS3;10.900;0,02%;109.007.423;Balcão;23/07/2026;10:38:49;Novo (0);Regular (1);92;RENASCENCA DTVM LTDA;39;AGORA CTVM S/A
BBAS3;4.600;0,02%;109.007.437;Balcão;23/07/2026;10:38:49;Novo (0);Regular (1);92;RENASCENCA DTVM LTDA;39;AGORA CTVM S/A
NVDC34;1.399;0,10%;109.007.148;Balcão;23/07/2026;10:38:49;Novo (0);Regular (1);1099;INTER DISTRIBUIDORA DE TITULOS E VALORES MOBILIARIOS LTDA;39;AGORA CTVM S/A
BBAS3;5.203;0,02%;109.007.438;Balcão;23/07/2026;10:38:49;Novo (0);Regular (1);92;RENASCENCA DTVM LTDA;39;AGORA CTVM S/A
BBAS3;300.000;0,02%;109.007.396;Balcão;23/07/2026;10:38:48;Novo (0);Regular (1);114;ITAU CV S/A;39;AGORA CTVM S/A
BBAS3;2.812;0,02%;109.007.434;Balcão;23/07/2026;10:38:48;Novo (0);Regular (1);92;RENASCENCA DTVM LTDA;39;AGORA CTVM S/A
BBAS3;8.832;0,02%;109.007.424;Balcão;23/07/2026;10:38:48;Novo (0);Regular (1);92;RENASCENCA DTVM LTDA;39;AGORA CTVM S/A
BBAS3;8.000;0,02%;109.007.430;Balcão;23/07/2026;10:38:48;Novo (0);Regular (1);92;RENASCENCA DTVM LTDA;39;AGORA CTVM S/A
BBAS3;2.100;0,02%;109.007.431;Balcão;23/07/2026;10:38:48;Novo (0);Regular (1);92;RENASCENCA DTVM LTDA;39;AGORA CTVM S/A
BBAS3;138.870;0,02%;109.007.394;Balcão;23/07/2026;10:38:48;Novo (0);Regular (1);27;SANTANDER CCVM S/A;39;AGORA CTVM S/A
BBAS3;140.800;0,02%;109.007.393;Balcão;23/07/2026;10:38:48;Novo (0);Regular (1);27;SANTANDER CCVM S/A;39;AGORA CTVM S/A
BBAS3;200.000;0,02%;109.012.638;Balcão;23/07/2026;10:38:48;Novo (0);Regular (1);114;ITAU CV S/A;39;AGORA CTVM S/A
BBAS3;80.109;0,02%;109.007.395;Balcão;23/07/2026;10:38:48;Novo (0);Regular (1);27;SANTANDER CCVM S/A;39;AGORA CTVM S/A
BBAS3;11.376;0,02%;109.007.436;Balcão;23/07/2026;10:38:48;Novo (0);Regular (1);92;RENASCENCA DTVM LTDA;39;AGORA CTVM S/A
BBAS3;62.469;0,02%;109.007.391;Balcão;23/07/2026;10:38:48;Novo (0);Regular (1);27;SANTANDER CCVM S/A;39;AGORA CTVM S/A
BBAS3;2.518;0,02%;109.007.433;Balcão;23/07/2026;10:38:48;Novo (0);Regular (1);92;RENASCENCA DTVM LTDA;39;AGORA CTVM S/A
VALE3;152;0,20%;109.007.147;Balcão;23/07/2026;10:38:48;Novo (0);Regular (1);1099;INTER DISTRIBUIDORA DE TITULOS E VALORES MOBILIARIOS LTDA;39;AGORA CTVM S/A
BBAS3;2.200;0,02%;109.007.426;Balcão;23/07/2026;10:38:48;Novo (0);Regular (1);92;RENASCENCA DTVM LTDA;39;AGORA CTVM S/A
SUZB3;2.000;0,03%;109.007.428;Balcão;23/07/2026;10:38:48;Novo (0);Regular (1);92;RENASCENCA DTVM LTDA;39;AGORA CTVM S/A
BBAS3;3.700;0,02%;109.007.427;Balcão;23/07/2026;10:38:48;Novo (0);Regular (1);92;RENASCENCA DTVM LTDA;39;AGORA CTVM S/A
SUZB3;135.157;0,03%;109.007.392;Balcão;23/07/2026;10:38:47;Novo (0);Regular (1);27;SANTANDER CCVM S/A;39;AGORA CTVM S/A
BBAS3;6.725;0,02%;109.007.420;Balcão;23/07/2026;10:38:47;Novo (0);Regular (1);92;RENASCENCA DTVM LTDA;39;AGORA CTVM S/A
SUZB3;1.000;0,03%;109.007.422;Balcão;23/07/2026;10:38:47;Novo (0);Regular (1);92;RENASCENCA DTVM LTDA;39;AGORA CTVM S/A
NVDC34;1.400;0,10%;109.007.145;Balcão;23/07/2026;10:38:47;Novo (0);Regular (1);1099;INTER DISTRIBUIDORA DE TITULOS E VALORES MOBILIARIOS LTDA;39;AGORA CTVM S/A
BBAS3;577.752;0,02%;109.009.499;Balcão;23/07/2026;10:38:47;Novo (0);Regular (1);27;SANTANDER CCVM S/A;39;AGORA CTVM S/A
BBAS3;4.600;0,02%;109.007.425;Balcão;23/07/2026;10:38:47;Novo (0);Regular (1);92;RENASCENCA DTVM LTDA;39;AGORA CTVM S/A
SUZB3;576.305;0,03%;109.012.632;Balcão;23/07/2026;10:38:47;Novo (0);Regular (1);39;AGORA CTVM S/A;39;AGORA CTVM S/A
BBAS3;2.623;0,02%;109.007.429;Balcão;23/07/2026;10:38:47;Novo (0);Regular (1);92;RENASCENCA DTVM LTDA;39;AGORA CTVM S/A
BBAS3;4.355;0,02%;109.007.432;Balcão;23/07/2026;10:38:47;Novo (0);Regular (1);92;RENASCENCA DTVM LTDA;39;AGORA CTVM S/A
WEGE3;1.900;0,03%;109.013.491;Balcão;23/07/2026;10:38:34;Novo (0);Regular (1);85;BTG PACTUAL CTVM S/A;85;BTG PACTUAL CTVM S/A
WEGE3;1.685;0,03%;109.013.501;Balcão;23/07/2026;10:38:33;Novo (0);Regular (1);85;BTG PACTUAL CTVM S/A;85;BTG PACTUAL CTVM S/A
WEGE3;1.700;0,03%;109.013.506;Balcão;23/07/2026;10:38:33;Novo (0);Regular (1);85;BTG PACTUAL CTVM S/A;85;BTG PACTUAL CTVM S/A
WEGE3;1.700;0,03%;109.013.500;Balcão;23/07/2026;10:38:33;Novo (0);Regular (1);85;BTG PACTUAL CTVM S/A;85;BTG PACTUAL CTVM S/A
WEGE3;1.306;0,03%;109.013.503;Balcão;23/07/2026;10:38:30;Novo (0);Regular (1);85;BTG PACTUAL CTVM S/A;85;BTG PACTUAL CTVM S/A
WEGE3;1.671;0,03%;109.013.504;Balcão;23/07/2026;10:38:30;Novo (0);Regular (1);85;BTG PACTUAL CTVM S/A;85;BTG PACTUAL CTVM S/A
WEGE3;1.677;0,03%;109.013.489;Balcão;23/07/2026;10:38:30;Novo (0);Regular (1);85;BTG PACTUAL CTVM S/A;85;BTG PACTUAL CTVM S/A
WEGE3;1.700;0,03%;109.013.502;Balcão;23/07/2026;10:38:30;Novo (0);Regular (1);85;BTG PACTUAL CTVM S/A;85;BTG PACTUAL CTVM S/A
WEGE3;1.700;0,03%;109.013.505;Balcão;23/07/2026;10:38:29;Novo (0);Regular (1);85;BTG PACTUAL CTVM S/A;85;BTG PACTUAL CTVM S/A
WEGE3;1.700;0,03%;109.013.495;Balcão;23/07/2026;10:38:29;Novo (0);Regular (1);85;BTG PACTUAL CTVM S/A;85;BTG PACTUAL CTVM S/A
BOVA11;3.135;1,00%;109.013.488;Balcão;23/07/2026;10:38:27;Novo (0);Regular (1);85;BTG PACTUAL CTVM S/A;85;BTG PACTUAL CTVM S/A
WEGE3;1.700;0,03%;109.013.496;Balcão;23/07/2026;10:38:27;Novo (0);Regular (1);85;BTG PACTUAL CTVM S/A;85;BTG PACTUAL CTVM S/A
WEGE3;1.700;0,03%;109.013.494;Balcão;23/07/2026;10:38:27;Novo (0);Regular (1);85;BTG PACTUAL CTVM S/A;85;BTG PACTUAL CTVM S/A
WEGE3;1.700;0,03%;109.013.498;Balcão;23/07/2026;10:38:27;Novo (0);Regular (1);85;BTG PACTUAL CTVM S/A;85;BTG PACTUAL CTVM S/A
WEGE3;1.663;0,03%;109.013.490;Balcão;23/07/2026;10:38:27;Novo (0);Regular (1);85;BTG PACTUAL CTVM S/A;85;BTG PACTUAL CTVM S/A
WEGE3;1.700;0,03%;109.013.492;Balcão;23/07/2026;10:38:27;Novo (0);Regular (1);85;BTG PACTUAL CTVM S/A;85;BTG PACTUAL CTVM S/A
WEGE3;2.140;0,03%;109.013.499;Balcão;23/07/2026;10:38:27;Novo (0);Regular (1);85;BTG PACTUAL CTVM S/A;85;BTG PACTUAL CTVM S/A
WEGE3;1.776;0,03%;109.013.497;Balcão;23/07/2026;10:38:27;Novo (0);Regular (1);85;BTG PACTUAL CTVM S/A;85;BTG PACTUAL CTVM S/A
WEGE3;1.674;0,03%;109.013.493;Balcão;23/07/2026;10:38:27;Novo (0);Regular (1);85;BTG PACTUAL CTVM S/A;85;BTG PACTUAL CTVM S/A
CACR11;835;3,05%;109.013.484;Balcão;23/07/2026;10:37:41;Novo (0);Regular (1);114;ITAU CV S/A;114;ITAU CV S/A
BBSE3;3.000;0,10%;109.007.100;Balcão;23/07/2026;10:37:35;Novo (0);Regular (1);85;BTG PACTUAL CTVM S/A;23;NECTON INVESTIMENTOS - BTG PACTUAL CTVM S.A
BBSE3;1.200;0,10%;109.007.097;Balcão;23/07/2026;10:37:34;Novo (0);Regular (1);85;BTG PACTUAL CTVM S/A;23;NECTON INVESTIMENTOS - BTG PACTUAL CTVM S.A
BBSE3;1.700;0,10%;109.007.093;Balcão;23/07/2026;10:37:34;Novo (0);Regular (1);85;BTG PACTUAL CTVM S/A;23;NECTON INVESTIMENTOS - BTG PACTUAL CTVM S.A
BBSE3;1.300;0,10%;109.007.096;Balcão;23/07/2026;10:37:34;Novo (0);Regular (1);85;BTG PACTUAL CTVM S/A;23;NECTON INVESTIMENTOS - BTG PACTUAL CTVM S.A
BBSE3;1.634;0,10%;109.007.099;Balcão;23/07/2026;10:37:34;Novo (0);Regular (1);85;BTG PACTUAL CTVM S/A;23;NECTON INVESTIMENTOS - BTG PACTUAL CTVM S.A
BBSE3;2.300;0,10%;109.007.094;Balcão;23/07/2026;10:37:34;Novo (0);Regular (1);85;BTG PACTUAL CTVM S/A;23;NECTON INVESTIMENTOS - BTG PACTUAL CTVM S.A
BBSE3;7.565;0,10%;109.007.098;Balcão;23/07/2026;10:37:34;Novo (0);Regular (1);85;BTG PACTUAL CTVM S/A;23;NECTON INVESTIMENTOS - BTG PACTUAL CTVM S.A
BBSE3;1.249;0,10%;109.007.092;Balcão;23/07/2026;10:37:34;Novo (0);Regular (1);85;BTG PACTUAL CTVM S/A;23;NECTON INVESTIMENTOS - BTG PACTUAL CTVM S.A
BBSE3;662;0,10%;109.007.089;Balcão;23/07/2026;10:37:34;Novo (0);Regular (1);85;BTG PACTUAL CTVM S/A;23;NECTON INVESTIMENTOS - BTG PACTUAL CTVM S.A
BBSE3;5.500;0,10%;109.007.091;Balcão;23/07/2026;10:37:33;Novo (0);Regular (1);85;BTG PACTUAL CTVM S/A;23;NECTON INVESTIMENTOS - BTG PACTUAL CTVM S.A
CMIN3;162.337;42,73%;109.012.637;Balcão;23/07/2026;10:36:53;Novo (0);Regular (1);114;ITAU CV S/A;114;ITAU CV S/A
ALOS3;707;0,06%;109.011.727;Balcão;23/07/2026;10:35:53;Novo (0);Regular (1);85;BTG PACTUAL CTVM S/A;85;BTG PACTUAL CTVM S/A
JBSS32;20.000;0,16%;109.012.636;Balcão;23/07/2026;10:35:29;Novo (0);Regular (1);114;ITAU CV S/A;39;AGORA CTVM S/A
BOVV11;12;0,13%;109.012.634;Balcão;23/07/2026;10:35:06;Novo (0);Regular (1);114;ITAU CV S/A;85;BTG PACTUAL CTVM S/A
BBAS3;15;0,02%;109.012.623;Balcão;23/07/2026;10:35:05;Novo (0);Regular (1);1099;INTER DISTRIBUIDORA DE TITULOS E VALORES MOBILIARIOS LTDA;6003;C6 CORRETORA DE TITULOS E VALORES MOBILIARIOS LTDA
BBSE3;22;0,88%;109.012.631;Balcão;23/07/2026;10:35:05;Novo (0);Regular (1);1099;INTER DISTRIBUIDORA DE TITULOS E VALORES MOBILIARIOS LTDA;6003;C6 CORRETORA DE TITULOS E VALORES MOBILIARIOS LTDA
PCAR3;2.843;17,70%;109.012.625;Balcão;23/07/2026;10:35:05;Novo (0);Regular (1);1099;INTER DISTRIBUIDORA DE TITULOS E VALORES MOBILIARIOS LTDA;6003;C6 CORRETORA DE TITULOS E VALORES MOBILIARIOS LTDA
BBSE3;85;0,88%;109.012.627;Balcão;23/07/2026;10:35:05;Novo (0);Regular (1);1099;INTER DISTRIBUIDORA DE TITULOS E VALORES MOBILIARIOS LTDA;6003;C6 CORRETORA DE TITULOS E VALORES MOBILIARIOS LTDA
BBAS3;15;0,02%;109.012.630;Balcão;23/07/2026;10:35:05;Novo (0);Regular (1);1099;INTER DISTRIBUIDORA DE TITULOS E VALORES MOBILIARIOS LTDA;6003;C6 CORRETORA DE TITULOS E VALORES MOBILIARIOS LTDA
CMIN3;50;42,73%;109.012.628;Balcão;23/07/2026;10:35:05;Novo (0);Regular (1);1099;INTER DISTRIBUIDORA DE TITULOS E VALORES MOBILIARIOS LTDA;6003;C6 CORRETORA DE TITULOS E VALORES MOBILIARIOS LTDA
DASA3;26;0,05%;109.012.626;Balcão;23/07/2026;10:35:05;Novo (0);Regular (1);1099;INTER DISTRIBUIDORA DE TITULOS E VALORES MOBILIARIOS LTDA;6003;C6 CORRETORA DE TITULOS E VALORES MOBILIARIOS LTDA
BBAS3;7;0,02%;109.012.618;Balcão;23/07/2026;10:35:05;Novo (0);Regular (1);1099;INTER DISTRIBUIDORA DE TITULOS E VALORES MOBILIARIOS LTDA;6003;C6 CORRETORA DE TITULOS E VALORES MOBILIARIOS LTDA
BBAS3;76;0,02%;109.012.629;Balcão;23/07/2026;10:35:05;Novo (0);Regular (1);1099;INTER DISTRIBUIDORA DE TITULOS E VALORES MOBILIARIOS LTDA;6003;C6 CORRETORA DE TITULOS E VALORES MOBILIARIOS LTDA
BBSE3;11;0,88%;109.012.622;Balcão;23/07/2026;10:35:05;Novo (0);Regular (1);1099;INTER DISTRIBUIDORA DE TITULOS E VALORES MOBILIARIOS LTDA;6003;C6 CORRETORA DE TITULOS E VALORES MOBILIARIOS LTDA
ABEV3;100;2,88%;109.012.617;Balcão;23/07/2026;10:35:05;Novo (0);Regular (1);1099;INTER DISTRIBUIDORA DE TITULOS E VALORES MOBILIARIOS LTDA;6003;C6 CORRETORA DE TITULOS E VALORES MOBILIARIOS LTDA
BBSE3;22;0,88%;109.012.621;Balcão;23/07/2026;10:35:05;Novo (0);Regular (1);1099;INTER DISTRIBUIDORA DE TITULOS E VALORES MOBILIARIOS LTDA;6003;C6 CORRETORA DE TITULOS E VALORES MOBILIARIOS LTDA
BBAS3;9;0,02%;109.012.624;Balcão;23/07/2026;10:35:04;Novo (0);Regular (1);1099;INTER DISTRIBUIDORA DE TITULOS E VALORES MOBILIARIOS LTDA;6003;C6 CORRETORA DE TITULOS E VALORES MOBILIARIOS LTDA
BBSE3;11;0,88%;109.012.620;Balcão;23/07/2026;10:35:04;Novo (0);Regular (1);1099;INTER DISTRIBUIDORA DE TITULOS E VALORES MOBILIARIOS LTDA;6003;C6 CORRETORA DE TITULOS E VALORES MOBILIARIOS LTDA
ABEV3;600;2,88%;109.012.619;Balcão;23/07/2026;10:35:04;Novo (0);Regular (1);1099;INTER DISTRIBUIDORA DE TITULOS E VALORES MOBILIARIOS LTDA;6003;C6 CORRETORA DE TITULOS E VALORES MOBILIARIOS LTDA
BBSE3;1;0,88%;109.012.616;Balcão;23/07/2026;10:35:04;Novo (0);Regular (1);1099;INTER DISTRIBUIDORA DE TITULOS E VALORES MOBILIARIOS LTDA;6003;C6 CORRETORA DE TITULOS E VALORES MOBILIARIOS LTDA
WEGE3;21;0,03%;109.012.615;Balcão;23/07/2026;10:35:04;Novo (0);Regular (1);1099;INTER DISTRIBUIDORA DE TITULOS E VALORES MOBILIARIOS LTDA;6003;C6 CORRETORA DE TITULOS E VALORES MOBILIARIOS LTDA
USIM5;110;0,04%;109.012.613;Balcão;23/07/2026;10:34:54;Novo (0);Regular (1);59;SAFRA CORRETORA DE VALORES E CAMBIO LTDA;77;CITIGROUP GLOBAL MARKETS BRASIL CCTVM S/A
WEGE3;6.702;0,03%;109.012.612;Balcão;23/07/2026;10:34:51;Novo (0);Regular (1);59;SAFRA CORRETORA DE VALORES E CAMBIO LTDA;77;CITIGROUP GLOBAL MARKETS BRASIL CCTVM S/A
ABEV3;50;2,88%;109.012.614;Balcão;23/07/2026;10:34:49;Novo (0);Regular (1);85;BTG PACTUAL CTVM S/A;23;NECTON INVESTIMENTOS - BTG PACTUAL CTVM S.A
WEGE3;1.371;0,03%;109.012.611;Balcão;23/07/2026;10:34:49;Novo (0);Regular (1);59;SAFRA CORRETORA DE VALORES E CAMBIO LTDA;77;CITIGROUP GLOBAL MARKETS BRASIL CCTVM S/A
WEGE3;592;0,03%;109.012.601;Balcão;23/07/2026;10:34:48;Novo (0);Regular (1);59;SAFRA CORRETORA DE VALORES E CAMBIO LTDA;77;CITIGROUP GLOBAL MARKETS BRASIL CCTVM S/A
ROXO34;585;0,06%;109.012.199;Balcão;23/07/2026;10:34:48;Novo (0);Regular (1);114;ITAU CV S/A;114;ITAU CV S/A
WEGE3;483;0,03%;109.012.553;Balcão;23/07/2026;10:34:43;Novo (0);Regular (1);59;SAFRA CORRETORA DE VALORES E CAMBIO LTDA;77;CITIGROUP GLOBAL MARKETS BRASIL CCTVM S/A
JBSS32;144;0,16%;109.012.608;Balcão;23/07/2026;10:34:41;Novo (0);Regular (1);39;AGORA CTVM S/A;39;AGORA CTVM S/A
JBSS32;1.339;0,16%;109.012.607;Balcão;23/07/2026;10:34:41;Novo (0);Regular (1);39;AGORA CTVM S/A;39;AGORA CTVM S/A
JBSS32;370;0,16%;109.012.606;Balcão;23/07/2026;10:34:41;Novo (0);Regular (1);39;AGORA CTVM S/A;39;AGORA CTVM S/A
JBSS32;262;0,16%;109.012.605;Balcão;23/07/2026;10:34:41;Novo (0);Regular (1);39;AGORA CTVM S/A;39;AGORA CTVM S/A
JBSS32;850;0,16%;109.012.609;Balcão;23/07/2026;10:34:40;Novo (0);Regular (1);39;AGORA CTVM S/A;39;AGORA CTVM S/A
JBSS32;250;0,16%;109.012.610;Balcão;23/07/2026;10:34:40;Novo (0);Regular (1);39;AGORA CTVM S/A;39;AGORA CTVM S/A
JBSS32;2.500;0,16%;109.012.604;Balcão;23/07/2026;10:34:40;Novo (0);Regular (1);39;AGORA CTVM S/A;39;AGORA CTVM S/A
JBSS32;134;0,16%;109.012.603;Balcão;23/07/2026;10:34:40;Novo (0);Regular (1);39;AGORA CTVM S/A;39;AGORA CTVM S/A
JBSS32;200;0,16%;109.012.602;Balcão;23/07/2026;10:34:40;Novo (0);Regular (1);39;AGORA CTVM S/A;39;AGORA CTVM S/A
JBSS32;717;0,16%;109.012.600;Balcão;23/07/2026;10:34:40;Novo (0);Regular (1);39;AGORA CTVM S/A;39;AGORA CTVM S/A
JBSS32;1.100;0,16%;109.012.595;Balcão;23/07/2026;10:34:40;Novo (0);Regular (1);39;AGORA CTVM S/A;39;AGORA CTVM S/A
JBSS32;112;0,16%;109.012.596;Balcão;23/07/2026;10:34:39;Novo (0);Regular (1);39;AGORA CTVM S/A;39;AGORA CTVM S/A
JBSS32;364;0,16%;109.012.593;Balcão;23/07/2026;10:34:39;Novo (0);Regular (1);39;AGORA CTVM S/A;39;AGORA CTVM S/A
JBSS32;250;0,16%;109.012.594;Balcão;23/07/2026;10:34:39;Novo (0);Regular (1);39;AGORA CTVM S/A;39;AGORA CTVM S/A
WEGE3;399;0,03%;109.012.547;Balcão;23/07/2026;10:34:39;Novo (0);Regular (1);59;SAFRA CORRETORA DE VALORES E CAMBIO LTDA;77;CITIGROUP GLOBAL MARKETS BRASIL CCTVM S/A
JBSS32;364;0,16%;109.012.599;Balcão;23/07/2026;10:34:39;Novo (0);Regular (1);39;AGORA CTVM S/A;39;AGORA CTVM S/A
JBSS32;800;0,16%;109.012.598;Balcão;23/07/2026;10:34:39;Novo (0);Regular (1);39;AGORA CTVM S/A;39;AGORA CTVM S/A
JBSS32;1.000;0,16%;109.012.597;Balcão;23/07/2026;10:34:39;Novo (0);Regular (1);39;AGORA CTVM S/A;39;AGORA CTVM S/A
JBSS32;250;0,16%;109.012.592;Balcão;23/07/2026;10:34:39;Novo (0);Regular (1);39;AGORA CTVM S/A;39;AGORA CTVM S/A
JBSS32;318;0,16%;109.012.591;Balcão;23/07/2026;10:34:38;Novo (0);Regular (1);39;AGORA CTVM S/A;39;AGORA CTVM S/A
JBSS32;700;0,16%;109.012.590;Balcão;23/07/2026;10:34:38;Novo (0);Regular (1);39;AGORA CTVM S/A;39;AGORA CTVM S/A
JBSS32;144;0,16%;109.012.585;Balcão;23/07/2026;10:34:38;Novo (0);Regular (1);39;AGORA CTVM S/A;39;AGORA CTVM S/A
JBSS32;110;0,16%;109.012.584;Balcão;23/07/2026;10:34:38;Novo (0);Regular (1);39;AGORA CTVM S/A;39;AGORA CTVM S/A
JBSS32;100;0,16%;109.012.583;Balcão;23/07/2026;10:34:38;Novo (0);Regular (1);39;AGORA CTVM S/A;39;AGORA CTVM S/A
JBSS32;210;0,16%;109.012.582;Balcão;23/07/2026;10:34:38;Novo (0);Regular (1);39;AGORA CTVM S/A;39;AGORA CTVM S/A
JBSS32;1.503;0,16%;109.012.587;Balcão;23/07/2026;10:34:38;Novo (0);Regular (1);39;AGORA CTVM S/A;39;AGORA CTVM S/A
JBSS32;555;0,16%;109.012.588;Balcão;23/07/2026;10:34:38;Novo (0);Regular (1);39;AGORA CTVM S/A;39;AGORA CTVM S/A
JBSS32;250;0,16%;109.012.586;Balcão;23/07/2026;10:34:38;Novo (0);Regular (1);39;AGORA CTVM S/A;39;AGORA CTVM S/A
JBSS32;98;0,16%;109.012.589;Balcão;23/07/2026;10:34:38;Novo (0);Regular (1);39;AGORA CTVM S/A;39;AGORA CTVM S/A
USIM5;114;0,04%;109.012.546;Balcão;23/07/2026;10:34:37;Novo (0);Regular (1);59;SAFRA CORRETORA DE VALORES E CAMBIO LTDA;77;CITIGROUP GLOBAL MARKETS BRASIL CCTVM S/A
WEGE3;753;0,03%;109.012.545;Balcão;23/07/2026;10:34:37;Novo (0);Regular (1);59;SAFRA CORRETORA DE VALORES E CAMBIO LTDA;77;CITIGROUP GLOBAL MARKETS BRASIL CCTVM S/A
JBSS32;250;0,16%;109.012.577;Balcão;23/07/2026;10:34:37;Novo (0);Regular (1);39;AGORA CTVM S/A;39;AGORA CTVM S/A
JBSS32;373;0,16%;109.012.581;Balcão;23/07/2026;10:34:37;Novo (0);Regular (1);39;AGORA CTVM S/A;39;AGORA CTVM S/A
JBSS32;719;0,16%;109.012.580;Balcão;23/07/2026;10:34:37;Novo (0);Regular (1);39;AGORA CTVM S/A;39;AGORA CTVM S/A
JBSS32;125;0,16%;109.012.579;Balcão;23/07/2026;10:34:37;Novo (0);Regular (1);39;AGORA CTVM S/A;39;AGORA CTVM S/A
JBSS32;299;0,16%;109.012.578;Balcão;23/07/2026;10:34:37;Novo (0);Regular (1);39;AGORA CTVM S/A;39;AGORA CTVM S/A
JBSS32;100;0,16%;109.012.570;Balcão;23/07/2026;10:34:37;Novo (0);Regular (1);39;AGORA CTVM S/A;39;AGORA CTVM S/A
JBSS32;750;0,16%;109.012.571;Balcão;23/07/2026;10:34:37;Novo (0);Regular (1);39;AGORA CTVM S/A;39;AGORA CTVM S/A
JBSS32;350;0,16%;109.012.572;Balcão;23/07/2026;10:34:37;Novo (0);Regular (1);39;AGORA CTVM S/A;39;AGORA CTVM S/A
JBSS32;150;0,16%;109.012.569;Balcão;23/07/2026;10:34:37;Novo (0);Regular (1);39;AGORA CTVM S/A;39;AGORA CTVM S/A
JBSS32;200;0,16%;109.012.575;Balcão;23/07/2026;10:34:36;Novo (0);Regular (1);39;AGORA CTVM S/A;39;AGORA CTVM S/A
JBSS32;140;0,16%;109.012.576;Balcão;23/07/2026;10:34:36;Novo (0);Regular (1);39;AGORA CTVM S/A;39;AGORA CTVM S/A
JBSS32;157;0,16%;109.012.573;Balcão;23/07/2026;10:34:36;Novo (0);Regular (1);39;AGORA CTVM S/A;39;AGORA CTVM S/A
JBSS32;115;0,16%;109.012.574;Balcão;23/07/2026;10:34:36;Novo (0);Regular (1);39;AGORA CTVM S/A;39;AGORA CTVM S/A
JBSS32;143;0,16%;109.012.568;Balcão;23/07/2026;10:34:36;Novo (0);Regular (1);39;AGORA CTVM S/A;39;AGORA CTVM S/A
USIM5;300;0,04%;109.012.544;Balcão;23/07/2026;10:34:36;Novo (0);Regular (1);59;SAFRA CORRETORA DE VALORES E CAMBIO LTDA;77;CITIGROUP GLOBAL MARKETS BRASIL CCTVM S/A
UGPA3;835;0,11%;109.012.543;Balcão;23/07/2026;10:34:36;Novo (0);Regular (1);59;SAFRA CORRETORA DE VALORES E CAMBIO LTDA;77;CITIGROUP GLOBAL MARKETS BRASIL CCTVM S/A
JBSS32;720;0,16%;109.012.565;Balcão;23/07/2026;10:34:36;Novo (0);Regular (1);39;AGORA CTVM S/A;39;AGORA CTVM S/A
JBSS32;100;0,16%;109.012.566;Balcão;23/07/2026;10:34:36;Novo (0);Regular (1);39;AGORA CTVM S/A;39;AGORA CTVM S/A
JBSS32;100;0,16%;109.012.567;Balcão;23/07/2026;10:34:36;Novo (0);Regular (1);39;AGORA CTVM S/A;39;AGORA CTVM S/A
JBSS32;100;0,16%;109.012.560;Balcão;23/07/2026;10:34:35;Novo (0);Regular (1);39;AGORA CTVM S/A;39;AGORA CTVM S/A
JBSS32;150;0,16%;109.012.562;Balcão;23/07/2026;10:34:35;Novo (0);Regular (1);39;AGORA CTVM S/A;39;AGORA CTVM S/A
JBSS32;350;0,16%;109.012.561;Balcão;23/07/2026;10:34:35;Novo (0);Regular (1);39;AGORA CTVM S/A;39;AGORA CTVM S/A
JBSS32;300;0,16%;109.012.564;Balcão;23/07/2026;10:34:35;Novo (0);Regular (1);39;AGORA CTVM S/A;39;AGORA CTVM S/A
JBSS32;300;0,16%;109.012.559;Balcão;23/07/2026;10:34:35;Novo (0);Regular (1);39;AGORA CTVM S/A;39;AGORA CTVM S/A
JBSS32;150;0,16%;109.012.563;Balcão;23/07/2026;10:34:35;Novo (0);Regular (1);39;AGORA CTVM S/A;39;AGORA CTVM S/A
USIM5;119;0,04%;109.012.542;Balcão;23/07/2026;10:34:35;Novo (0);Regular (1);59;SAFRA CORRETORA DE VALORES E CAMBIO LTDA;77;CITIGROUP GLOBAL MARKETS BRASIL CCTVM S/A
JBSS32;110;0,16%;109.012.557;Balcão;23/07/2026;10:34:34;Novo (0);Regular (1);39;AGORA CTVM S/A;39;AGORA CTVM S/A
JBSS32;250;0,16%;109.012.554;Balcão;23/07/2026;10:34:34;Novo (0);Regular (1);39;AGORA CTVM S/A;39;AGORA CTVM S/A
JBSS32;250;0,16%;109.012.556;Balcão;23/07/2026;10:34:34;Novo (0);Regular (1);39;AGORA CTVM S/A;39;AGORA CTVM S/A
JBSS32;266;0,16%;109.012.552;Balcão;23/07/2026;10:34:34;Novo (0);Regular (1);39;AGORA CTVM S/A;39;AGORA CTVM S/A
UGPA3;265;0,11%;109.012.541;Balcão;23/07/2026;10:34:33;Novo (0);Regular (1);59;SAFRA CORRETORA DE VALORES E CAMBIO LTDA;77;CITIGROUP GLOBAL MARKETS BRASIL CCTVM S/A
JBSS32;100;0,16%;109.012.551;Balcão;23/07/2026;10:34:33;Novo (0);Regular (1);39;AGORA CTVM S/A;39;AGORA CTVM S/A
JBSS32;669;0,16%;109.012.550;Balcão;23/07/2026;10:34:32;Novo (0);Regular (1);39;AGORA CTVM S/A;39;AGORA CTVM S/A
JBSS32;200;0,16%;109.012.549;Balcão;23/07/2026;10:34:32;Novo (0);Regular (1);39;AGORA CTVM S/A;39;AGORA CTVM S/A
JBSS32;619;0,16%;109.012.548;Balcão;23/07/2026;10:34:31;Novo (0);Regular (1);39;AGORA CTVM S/A;39;AGORA CTVM S/A
ENEV3;681;0,09%;109.011.325;Balcão;23/07/2026;10:34:25;Novo (0);Regular (1);59;SAFRA CORRETORA DE VALORES E CAMBIO LTDA;59;SAFRA CORRETORA DE VALORES E CAMBIO LTDA
EGIE3;298;7,59%;109.011.385;Balcão;23/07/2026;10:34:25;Novo (0);Regular (1);59;SAFRA CORRETORA DE VALORES E CAMBIO LTDA;59;SAFRA CORRETORA DE VALORES E CAMBIO LTDA
ENEV3;285;0,09%;109.011.407;Balcão;23/07/2026;10:34:24;Novo (0);Regular (1);59;SAFRA CORRETORA DE VALORES E CAMBIO LTDA;59;SAFRA CORRETORA DE VALORES E CAMBIO LTDA
TAEE11;160;0,17%;109.011.379;Balcão;23/07/2026;10:34:24;Novo (0);Regular (1);59;SAFRA CORRETORA DE VALORES E CAMBIO LTDA;59;SAFRA CORRETORA DE VALORES E CAMBIO LTDA
CYRE3;4;0,08%;109.011.349;Balcão;23/07/2026;10:34:24;Novo (0);Regular (1);59;SAFRA CORRETORA DE VALORES E CAMBIO LTDA;59;SAFRA CORRETORA DE VALORES E CAMBIO LTDA
ENEV3;300;0,09%;109.011.323;Balcão;23/07/2026;10:34:21;Novo (0);Regular (1);59;SAFRA CORRETORA DE VALORES E CAMBIO LTDA;59;SAFRA CORRETORA DE VALORES E CAMBIO LTDA
CYRE3;228;0,08%;109.011.317;Balcão;23/07/2026;10:34:21;Novo (0);Regular (1);59;SAFRA CORRETORA DE VALORES E CAMBIO LTDA;59;SAFRA CORRETORA DE VALORES E CAMBIO LTDA
USIM5;387;0,04%;109.012.540;Balcão;23/07/2026;10:34:21;Novo (0);Regular (1);59;SAFRA CORRETORA DE VALORES E CAMBIO LTDA;77;CITIGROUP GLOBAL MARKETS BRASIL CCTVM S/A
ENEV3;172;0,09%;109.011.351;Balcão;23/07/2026;10:34:20;Novo (0);Regular (1);59;SAFRA CORRETORA DE VALORES E CAMBIO LTDA;59;SAFRA CORRETORA DE VALORES E CAMBIO LTDA
ENEV3;144;0,09%;109.011.327;Balcão;23/07/2026;10:34:19;Novo (0);Regular (1);59;SAFRA CORRETORA DE VALORES E CAMBIO LTDA;59;SAFRA CORRETORA DE VALORES E CAMBIO LTDA
ENEV3;149;0,09%;109.011.324;Balcão;23/07/2026;10:34:18;Novo (0);Regular (1);59;SAFRA CORRETORA DE VALORES E CAMBIO LTDA;59;SAFRA CORRETORA DE VALORES E CAMBIO LTDA
ENEV3;450;0,09%;109.011.328;Balcão;23/07/2026;10:34:17;Novo (0);Regular (1);59;SAFRA CORRETORA DE VALORES E CAMBIO LTDA;59;SAFRA CORRETORA DE VALORES E CAMBIO LTDA
ENEV3;3.084;0,09%;109.011.326;Balcão;23/07/2026;10:34:17;Novo (0);Regular (1);59;SAFRA CORRETORA DE VALORES E CAMBIO LTDA;59;SAFRA CORRETORA DE VALORES E CAMBIO LTDA
ENEV3;161;0,09%;109.011.315;Balcão;23/07/2026;10:34:16;Novo (0);Regular (1);59;SAFRA CORRETORA DE VALORES E CAMBIO LTDA;59;SAFRA CORRETORA DE VALORES E CAMBIO LTDA
ENEV3;195;0,09%;109.011.350;Balcão;23/07/2026;10:34:16;Novo (0);Regular (1);59;SAFRA CORRETORA DE VALORES E CAMBIO LTDA;59;SAFRA CORRETORA DE VALORES E CAMBIO LTDA
ENEV3;181;0,09%;109.011.316;Balcão;23/07/2026;10:34:15;Novo (0);Regular (1);59;SAFRA CORRETORA DE VALORES E CAMBIO LTDA;59;SAFRA CORRETORA DE VALORES E CAMBIO LTDA
CYRE3;556;0,08%;109.011.369;Balcão;23/07/2026;10:34:15;Novo (0);Regular (1);59;SAFRA CORRETORA DE VALORES E CAMBIO LTDA;59;SAFRA CORRETORA DE VALORES E CAMBIO LTDA
ENEV3;298;0,09%;109.011.360;Balcão;23/07/2026;10:34:06;Novo (0);Regular (1);59;SAFRA CORRETORA DE VALORES E CAMBIO LTDA;59;SAFRA CORRETORA DE VALORES E CAMBIO LTDA
CYRE3;168;0,08%;109.011.362;Balcão;23/07/2026;10:34:04;Novo (0);Regular (1);59;SAFRA CORRETORA DE VALORES E CAMBIO LTDA;59;SAFRA CORRETORA DE VALORES E CAMBIO LTDA
BOVA11;17.462;0,72%;109.004.183;Balcão;23/07/2026;10:34:04;Novo (0);Regular (1);23;NECTON INVESTIMENTOS - BTG PACTUAL CTVM S.A;23;NECTON INVESTIMENTOS - BTG PACTUAL CTVM S.A
VBBR3;1.267;0,07%;109.009.514;Balcão;23/07/2026;10:32:33;Novo (0);Regular (1);85;BTG PACTUAL CTVM S/A;85;BTG PACTUAL CTVM S/A
BHIA3;53.176;70,00%;109.009.502;Balcão;23/07/2026;10:32:32;Novo (0);Regular (1);85;BTG PACTUAL CTVM S/A;85;BTG PACTUAL CTVM S/A
ABEV3;18.000;2,88%;109.009.513;Balcão;23/07/2026;10:32:25;Novo (0);Regular (1);59;SAFRA CORRETORA DE VALORES E CAMBIO LTDA;59;SAFRA CORRETORA DE VALORES E CAMBIO LTDA
SUZB3;989;0,03%;109.007.113;Balcão;23/07/2026;10:32:16;Novo (0);Regular (1);39;AGORA CTVM S/A;39;AGORA CTVM S/A
SUZB3;36.446;0,03%;109.007.108;Balcão;23/07/2026;10:32:16;Novo (0);Regular (1);39;AGORA CTVM S/A;39;AGORA CTVM S/A
SUZB3;5.170;0,03%;109.007.105;Balcão;23/07/2026;10:32:16;Novo (0);Regular (1);39;AGORA CTVM S/A;39;AGORA CTVM S/A
SUZB3;21.116;0,03%;109.007.104;Balcão;23/07/2026;10:32:16;Novo (0);Regular (1);39;AGORA CTVM S/A;39;AGORA CTVM S/A
SUZB3;33.665;0,03%;109.007.110;Balcão;23/07/2026;10:32:16;Novo (0);Regular (1);39;AGORA CTVM S/A;39;AGORA CTVM S/A
BHIA3;1.216;70,00%;109.009.512;Balcão;23/07/2026;10:32:11;Novo (0);Regular (1);85;BTG PACTUAL CTVM S/A;85;BTG PACTUAL CTVM S/A
BHIA3;1.368;70,00%;109.009.504;Balcão;23/07/2026;10:32:11;Novo (0);Regular (1);85;BTG PACTUAL CTVM S/A;85;BTG PACTUAL CTVM S/A
BHIA3;1.251;70,00%;109.009.511;Balcão;23/07/2026;10:32:11;Novo (0);Regular (1);85;BTG PACTUAL CTVM S/A;85;BTG PACTUAL CTVM S/A
BHIA3;1.356;70,00%;109.009.507;Balcão;23/07/2026;10:32:11;Novo (0);Regular (1);85;BTG PACTUAL CTVM S/A;85;BTG PACTUAL CTVM S/A
BHIA3;1.224;70,00%;109.009.509;Balcão;23/07/2026;10:32:11;Novo (0);Regular (1);85;BTG PACTUAL CTVM S/A;85;BTG PACTUAL CTVM S/A
BHIA3;1.224;70,00%;109.009.510;Balcão;23/07/2026;10:32:11;Novo (0);Regular (1);85;BTG PACTUAL CTVM S/A;85;BTG PACTUAL CTVM S/A
BHIA3;1.224;70,00%;109.009.508;Balcão;23/07/2026;10:32:11;Novo (0);Regular (1);85;BTG PACTUAL CTVM S/A;85;BTG PACTUAL CTVM S/A
BHIA3;1.167;70,00%;109.009.506;Balcão;23/07/2026;10:32:11;Novo (0);Regular (1);85;BTG PACTUAL CTVM S/A;85;BTG PACTUAL CTVM S/A
BHIA3;1.233;70,00%;109.009.505;Balcão;23/07/2026;10:32:11;Novo (0);Regular (1);85;BTG PACTUAL CTVM S/A;85;BTG PACTUAL CTVM S/A
BHIA3;561;70,00%;109.009.503;Balcão;23/07/2026;10:32:10;Novo (0);Regular (1);85;BTG PACTUAL CTVM S/A;85;BTG PACTUAL CTVM S/A
BOVA11;20.646;0,72%;109.007.409;Balcão;23/07/2026;10:31:11;Novo (0);Regular (1);3;XP INVESTIMENTOS CCTVM S/A;3;XP INVESTIMENTOS CCTVM S/A
TECK11;900;0,30%;109.007.410;Balcão;23/07/2026;10:31:11;Novo (0);Regular (1);3;XP INVESTIMENTOS CCTVM S/A;3;XP INVESTIMENTOS CCTVM S/A
NATU3;600;210,44%;109.007.404;Balcão;23/07/2026;10:31:09;Novo (0);Regular (1);85;BTG PACTUAL CTVM S/A;23;NECTON INVESTIMENTOS - BTG PACTUAL CTVM S.A
NATU3;1.000;210,44%;109.007.411;Balcão;23/07/2026;10:31:08;Novo (0);Regular (1);85;BTG PACTUAL CTVM S/A;23;NECTON INVESTIMENTOS - BTG PACTUAL CTVM S.A
NATU3;400;210,44%;109.007.406;Balcão;23/07/2026;10:31:08;Novo (0);Regular (1);85;BTG PACTUAL CTVM S/A;23;NECTON INVESTIMENTOS - BTG PACTUAL CTVM S.A
NATU3;619;210,44%;109.007.407;Balcão;23/07/2026;10:31:08;Novo (0);Regular (1);85;BTG PACTUAL CTVM S/A;23;NECTON INVESTIMENTOS - BTG PACTUAL CTVM S.A
NATU3;75;210,44%;109.007.440;Balcão;23/07/2026;10:31:08;Novo (0);Regular (1);85;BTG PACTUAL CTVM S/A;23;NECTON INVESTIMENTOS - BTG PACTUAL CTVM S.A
NATU3;300;210,44%;109.007.403;Balcão;23/07/2026;10:31:08;Novo (0);Regular (1);85;BTG PACTUAL CTVM S/A;23;NECTON INVESTIMENTOS - BTG PACTUAL CTVM S.A
NATU3;1.000;210,44%;109.007.405;Balcão;23/07/2026;10:31:08;Novo (0);Regular (1);85;BTG PACTUAL CTVM S/A;23;NECTON INVESTIMENTOS - BTG PACTUAL CTVM S.A
NATU3;1.000;210,44%;109.007.408;Balcão;23/07/2026;10:31:08;Novo (0);Regular (1);85;BTG PACTUAL CTVM S/A;23;NECTON INVESTIMENTOS - BTG PACTUAL CTVM S.A
RCSL4;1.000;0,10%;109.009.500;Balcão;23/07/2026;10:30:24;Novo (0);Regular (1);262;MIRAE ASSET WEALTH MANAGEMENT (BRASIL) CCTVM LTDA.;92;RENASCENCA DTVM LTDA
RCSL4;1.900;0,10%;109.009.501;Balcão;23/07/2026;10:30:24;Novo (0);Regular (1);114;ITAU CV S/A;92;RENASCENCA DTVM LTDA
BOVA11;68;0,72%;109.009.490;Balcão;23/07/2026;10:30:12;Novo (0);Regular (1);92;RENASCENCA DTVM LTDA;107;TERRA INVESTIMENTOS DTVM LTDA
BPAC11;18;0,01%;109.009.493;Balcão;23/07/2026;10:30:11;Novo (0);Regular (1);1099;INTER DISTRIBUIDORA DE TITULOS E VALORES MOBILIARIOS LTDA;107;TERRA INVESTIMENTOS DTVM LTDA
BOVA11;47;0,72%;109.009.494;Balcão;23/07/2026;10:30:11;Novo (0);Regular (1);92;RENASCENCA DTVM LTDA;107;TERRA INVESTIMENTOS DTVM LTDA
BOVA11;127;0,72%;109.009.495;Balcão;23/07/2026;10:30:11;Novo (0);Regular (1);92;RENASCENCA DTVM LTDA;107;TERRA INVESTIMENTOS DTVM LTDA
BOVA11;50;0,72%;109.009.492;Balcão;23/07/2026;10:30:11;Novo (0);Regular (1);92;RENASCENCA DTVM LTDA;107;TERRA INVESTIMENTOS DTVM LTDA
BOVA11;39;0,72%;109.009.497;Balcão;23/07/2026;10:30:11;Novo (0);Regular (1);92;RENASCENCA DTVM LTDA;107;TERRA INVESTIMENTOS DTVM LTDA
BOVA11;50;0,72%;109.009.489;Balcão;23/07/2026;10:30:11;Novo (0);Regular (1);92;RENASCENCA DTVM LTDA;107;TERRA INVESTIMENTOS DTVM LTDA
ABEV3;700;2,88%;109.009.487;Balcão;23/07/2026;10:30:11;Novo (0);Regular (1);1099;INTER DISTRIBUIDORA DE TITULOS E VALORES MOBILIARIOS LTDA;107;TERRA INVESTIMENTOS DTVM LTDA
BOVA11;155;0,72%;109.009.491;Balcão;23/07/2026;10:30:11;Novo (0);Regular (1);92;RENASCENCA DTVM LTDA;107;TERRA INVESTIMENTOS DTVM LTDA
PRIO3;1.024;0,02%;109.009.488;Balcão;23/07/2026;10:30:11;Novo (0);Regular (1);1099;INTER DISTRIBUIDORA DE TITULOS E VALORES MOBILIARIOS LTDA;107;TERRA INVESTIMENTOS DTVM LTDA
BOVA11;16;0,72%;109.009.498;Balcão;23/07/2026;10:30:11;Novo (0);Regular (1);92;RENASCENCA DTVM LTDA;107;TERRA INVESTIMENTOS DTVM LTDA
AMZO34;75;0,14%;109.009.496;Balcão;23/07/2026;10:30:11;Novo (0);Regular (1);1099;INTER DISTRIBUIDORA DE TITULOS E VALORES MOBILIARIOS LTDA;107;TERRA INVESTIMENTOS DTVM LTDA
CMIN3;2.900;42,73%;109.008.009;Balcão;23/07/2026;10:28:26;Novo (0);Regular (1);39;AGORA CTVM S/A;39;AGORA CTVM S/A
WEGE3;11.600;0,03%;109.008.010;Balcão;23/07/2026;10:28:25;Novo (0);Regular (1);39;AGORA CTVM S/A;39;AGORA CTVM S/A
SPCX34;490;0,29%;109.007.928;Balcão;23/07/2026;10:28:24;Novo (0);Regular (1);39;AGORA CTVM S/A;39;AGORA CTVM S/A
WEGE3;1.646;0,03%;109.007.920;Balcão;23/07/2026;10:28:24;Novo (0);Regular (1);39;AGORA CTVM S/A;39;AGORA CTVM S/A
WEGE3;4.654;0,03%;109.007.896;Balcão;23/07/2026;10:28:23;Novo (0);Regular (1);39;AGORA CTVM S/A;39;AGORA CTVM S/A
BBAS3;2.400;0,02%;109.008.007;Balcão;23/07/2026;10:28:17;Novo (0);Regular (1);39;AGORA CTVM S/A;39;AGORA CTVM S/A
WEGE3;24.100;0,03%;109.007.413;Eletrônico D0;23/07/2026;10:27:05;Novo (0);Regular (1);39;AGORA CTVM S/A;39;AGORA CTVM S/A
WEGE3;23.200;0,03%;109.007.414;Eletrônico D0;23/07/2026;10:27:05;Novo (0);Regular (1);39;AGORA CTVM S/A;39;AGORA CTVM S/A
WEGE3;11.600;0,03%;109.007.419;Eletrônico D0;23/07/2026;10:27:03;Novo (0);Regular (1);39;AGORA CTVM S/A;39;AGORA CTVM S/A
ITUB4;1.000;0,03%;109.007.418;Eletrônico D0;23/07/2026;10:27:03;Novo (0);Regular (1);39;AGORA CTVM S/A;39;AGORA CTVM S/A
ABEV3;100;2,88%;109.007.417;Eletrônico D0;23/07/2026;10:27:03;Novo (0);Regular (1);39;AGORA CTVM S/A;39;AGORA CTVM S/A
WEGE3;23.200;0,03%;109.007.416;Eletrônico D0;23/07/2026;10:27:03;Novo (0);Regular (1);39;AGORA CTVM S/A;39;AGORA CTVM S/A
WEGE3;23.200;0,03%;109.007.415;Eletrônico D0;23/07/2026;10:27:03;Novo (0);Regular (1);39;AGORA CTVM S/A;39;AGORA CTVM S/A
SMTO3;12.000;4,47%;109.007.412;Eletrônico D0;23/07/2026;10:27:02;Novo (0);Regular (1);39;AGORA CTVM S/A;39;AGORA CTVM S/A
RENT3;14;0,30%;109.006.996;Balcão;23/07/2026;10:26:23;Novo (0);Regular (1);23;NECTON INVESTIMENTOS - BTG PACTUAL CTVM S.A;23;NECTON INVESTIMENTOS - BTG PACTUAL CTVM S.A
RENT3;505;0,30%;109.006.992;Balcão;23/07/2026;10:26:22;Novo (0);Regular (1);23;NECTON INVESTIMENTOS - BTG PACTUAL CTVM S.A;23;NECTON INVESTIMENTOS - BTG PACTUAL CTVM S.A
RENT3;11.316;0,30%;109.006.993;Balcão;23/07/2026;10:26:22;Novo (0);Regular (1);23;NECTON INVESTIMENTOS - BTG PACTUAL CTVM S.A;23;NECTON INVESTIMENTOS - BTG PACTUAL CTVM S.A
RENT3;12.901;0,30%;109.006.997;Balcão;23/07/2026;10:26:22;Novo (0);Regular (1);23;NECTON INVESTIMENTOS - BTG PACTUAL CTVM S.A;23;NECTON INVESTIMENTOS - BTG PACTUAL CTVM S.A
RENT3;4.879;0,30%;109.006.994;Balcão;23/07/2026;10:26:22;Novo (0);Regular (1);23;NECTON INVESTIMENTOS - BTG PACTUAL CTVM S.A;23;NECTON INVESTIMENTOS - BTG PACTUAL CTVM S.A
RENT3;2.281;0,30%;109.006.995;Balcão;23/07/2026;10:26:22;Novo (0);Regular (1);23;NECTON INVESTIMENTOS - BTG PACTUAL CTVM S.A;23;NECTON INVESTIMENTOS - BTG PACTUAL CTVM S.A
VIVA3;326;3,75%;109.007.398;Balcão;23/07/2026;10:26:13;Novo (0);Regular (1);85;BTG PACTUAL CTVM S/A;23;NECTON INVESTIMENTOS - BTG PACTUAL CTVM S.A
VIVA3;487;3,75%;109.007.400;Balcão;23/07/2026;10:26:13;Novo (0);Regular (1);85;BTG PACTUAL CTVM S/A;23;NECTON INVESTIMENTOS - BTG PACTUAL CTVM S.A
VIVA3;1.588;3,75%;109.007.401;Balcão;23/07/2026;10:26:13;Novo (0);Regular (1);85;BTG PACTUAL CTVM S/A;23;NECTON INVESTIMENTOS - BTG PACTUAL CTVM S.A
VIVA3;199;3,75%;109.007.399;Balcão;23/07/2026;10:26:13;Novo (0);Regular (1);85;BTG PACTUAL CTVM S/A;23;NECTON INVESTIMENTOS - BTG PACTUAL CTVM S.A
VIVA3;719;3,75%;109.007.402;Balcão;23/07/2026;10:26:13;Novo (0);Regular (1);85;BTG PACTUAL CTVM S/A;23;NECTON INVESTIMENTOS - BTG PACTUAL CTVM S.A
BOVV11;47.000;0,13%;109.001.249;Balcão;23/07/2026;10:25:40;Novo (0);Regular (1);3;XP INVESTIMENTOS CCTVM S/A;3;XP INVESTIMENTOS CCTVM S/A
ABEV3;4.184;2,88%;109.007.397;Balcão;23/07/2026;10:25:34;Novo (0);Regular (1);27;SANTANDER CCVM S/A;27;SANTANDER CCVM S/A
TAEE11;100;0,17%;109.007.388;Balcão;23/07/2026;10:24:55;Novo (0);Regular (1);39;AGORA CTVM S/A;39;AGORA CTVM S/A
ANIM3;3.100;0,39%;109.007.389;Balcão;23/07/2026;10:24:55;Novo (0);Regular (1);39;AGORA CTVM S/A;39;AGORA CTVM S/A
BBSE3;1;0,88%;109.007.390;Balcão;23/07/2026;10:24:55;Novo (0);Regular (1);39;AGORA CTVM S/A;39;AGORA CTVM S/A
VIVA3;300;3,75%;109.007.257;Balcão;23/07/2026;10:23:32;Novo (0);Regular (1);85;BTG PACTUAL CTVM S/A;23;NECTON INVESTIMENTOS - BTG PACTUAL CTVM S.A
VIVA3;17;3,75%;109.007.252;Balcão;23/07/2026;10:23:32;Novo (0);Regular (1);85;BTG PACTUAL CTVM S/A;23;NECTON INVESTIMENTOS - BTG PACTUAL CTVM S.A
VIVA3;286;3,75%;109.007.254;Balcão;23/07/2026;10:23:32;Novo (0);Regular (1);85;BTG PACTUAL CTVM S/A;23;NECTON INVESTIMENTOS - BTG PACTUAL CTVM S.A
VIVA3;100;3,75%;109.007.259;Balcão;23/07/2026;10:23:32;Novo (0);Regular (1);85;BTG PACTUAL CTVM S/A;23;NECTON INVESTIMENTOS - BTG PACTUAL CTVM S.A
VIVA3;276;3,75%;109.007.251;Balcão;23/07/2026;10:23:31;Novo (0);Regular (1);85;BTG PACTUAL CTVM S/A;23;NECTON INVESTIMENTOS - BTG PACTUAL CTVM S.A
VIVA3;927;3,75%;109.007.204;Balcão;23/07/2026;10:23:31;Novo (0);Regular (1);85;BTG PACTUAL CTVM S/A;23;NECTON INVESTIMENTOS - BTG PACTUAL CTVM S.A
VIVA3;100;3,75%;109.007.246;Balcão;23/07/2026;10:23:31;Novo (0);Regular (1);85;BTG PACTUAL CTVM S/A;23;NECTON INVESTIMENTOS - BTG PACTUAL CTVM S.A
VIVA3;100;3,75%;109.007.250;Balcão;23/07/2026;10:23:31;Novo (0);Regular (1);85;BTG PACTUAL CTVM S/A;23;NECTON INVESTIMENTOS - BTG PACTUAL CTVM S.A
VIVA3;30;3,75%;109.007.245;Balcão;23/07/2026;10:23:31;Novo (0);Regular (1);85;BTG PACTUAL CTVM S/A;23;NECTON INVESTIMENTOS - BTG PACTUAL CTVM S.A
VIVA3;100;3,75%;109.007.256;Balcão;23/07/2026;10:23:31;Novo (0);Regular (1);85;BTG PACTUAL CTVM S/A;23;NECTON INVESTIMENTOS - BTG PACTUAL CTVM S.A
VIVA3;200;3,75%;109.007.255;Balcão;23/07/2026;10:23:31;Novo (0);Regular (1);85;BTG PACTUAL CTVM S/A;23;NECTON INVESTIMENTOS - BTG PACTUAL CTVM S.A
VIVA3;200;3,75%;109.007.253;Balcão;23/07/2026;10:23:31;Novo (0);Regular (1);85;BTG PACTUAL CTVM S/A;23;NECTON INVESTIMENTOS - BTG PACTUAL CTVM S.A
VIVA3;400;3,75%;109.007.248;Balcão;23/07/2026;10:23:31;Novo (0);Regular (1);85;BTG PACTUAL CTVM S/A;23;NECTON INVESTIMENTOS - BTG PACTUAL CTVM S.A
VIVA3;24;3,75%;109.007.260;Balcão;23/07/2026;10:23:31;Novo (0);Regular (1);85;BTG PACTUAL CTVM S/A;23;NECTON INVESTIMENTOS - BTG PACTUAL CTVM S.A
VIVA3;100;3,75%;109.007.258;Balcão;23/07/2026;10:23:31;Novo (0);Regular (1);85;BTG PACTUAL CTVM S/A;23;NECTON INVESTIMENTOS - BTG PACTUAL CTVM S.A
VIVA3;100;3,75%;109.007.249;Balcão;23/07/2026;10:23:30;Novo (0);Regular (1);85;BTG PACTUAL CTVM S/A;23;NECTON INVESTIMENTOS - BTG PACTUAL CTVM S.A
VIVA3;500;3,75%;109.007.218;Balcão;23/07/2026;10:23:30;Novo (0);Regular (1);85;BTG PACTUAL CTVM S/A;23;NECTON INVESTIMENTOS - BTG PACTUAL CTVM S.A
VIVA3;100;3,75%;109.007.216;Balcão;23/07/2026;10:23:30;Novo (0);Regular (1);85;BTG PACTUAL CTVM S/A;23;NECTON INVESTIMENTOS - BTG PACTUAL CTVM S.A
VIVA3;200;3,75%;109.007.233;Balcão;23/07/2026;10:23:30;Novo (0);Regular (1);85;BTG PACTUAL CTVM S/A;23;NECTON INVESTIMENTOS - BTG PACTUAL CTVM S.A
VIVA3;219;3,75%;109.007.215;Balcão;23/07/2026;10:23:30;Novo (0);Regular (1);85;BTG PACTUAL CTVM S/A;23;NECTON INVESTIMENTOS - BTG PACTUAL CTVM S.A
VIVA3;100;3,75%;109.007.247;Balcão;23/07/2026;10:23:30;Novo (0);Regular (1);85;BTG PACTUAL CTVM S/A;23;NECTON INVESTIMENTOS - BTG PACTUAL CTVM S.A
VIVA3;100;3,75%;109.007.244;Balcão;23/07/2026;10:23:30;Novo (0);Regular (1);85;BTG PACTUAL CTVM S/A;23;NECTON INVESTIMENTOS - BTG PACTUAL CTVM S.A
VIVA3;200;3,75%;109.007.219;Balcão;23/07/2026;10:23:30;Novo (0);Regular (1);85;BTG PACTUAL CTVM S/A;23;NECTON INVESTIMENTOS - BTG PACTUAL CTVM S.A
VIVA3;80;3,75%;109.007.227;Balcão;23/07/2026;10:23:29;Novo (0);Regular (1);85;BTG PACTUAL CTVM S/A;23;NECTON INVESTIMENTOS - BTG PACTUAL CTVM S.A
VIVA3;1;3,75%;109.007.242;Balcão;23/07/2026;10:23:29;Novo (0);Regular (1);85;BTG PACTUAL CTVM S/A;23;NECTON INVESTIMENTOS - BTG PACTUAL CTVM S.A
VIVA3;500;3,75%;109.007.207;Balcão;23/07/2026;10:23:29;Novo (0);Regular (1);85;BTG PACTUAL CTVM S/A;23;NECTON INVESTIMENTOS - BTG PACTUAL CTVM S.A
VIVA3;206;3,75%;109.007.225;Balcão;23/07/2026;10:23:29;Novo (0);Regular (1);85;BTG PACTUAL CTVM S/A;23;NECTON INVESTIMENTOS - BTG PACTUAL CTVM S.A
VIVA3;500;3,75%;109.007.199;Balcão;23/07/2026;10:23:29;Novo (0);Regular (1);85;BTG PACTUAL CTVM S/A;23;NECTON INVESTIMENTOS - BTG PACTUAL CTVM S.A
VIVA3;142;3,75%;109.007.212;Balcão;23/07/2026;10:23:29;Novo (0);Regular (1);85;BTG PACTUAL CTVM S/A;23;NECTON INVESTIMENTOS - BTG PACTUAL CTVM S.A
VIVA3;500;3,75%;109.007.217;Balcão;23/07/2026;10:23:29;Novo (0);Regular (1);85;BTG PACTUAL CTVM S/A;23;NECTON INVESTIMENTOS - BTG PACTUAL CTVM S.A
VIVA3;200;3,75%;109.007.224;Balcão;23/07/2026;10:23:29;Novo (0);Regular (1);85;BTG PACTUAL CTVM S/A;23;NECTON INVESTIMENTOS - BTG PACTUAL CTVM S.A
VIVA3;700;3,75%;109.007.223;Balcão;23/07/2026;10:23:29;Novo (0);Regular (1);85;BTG PACTUAL CTVM S/A;23;NECTON INVESTIMENTOS - BTG PACTUAL CTVM S.A
VIVA3;4;3,75%;109.007.221;Balcão;23/07/2026;10:23:29;Novo (0);Regular (1);85;BTG PACTUAL CTVM S/A;23;NECTON INVESTIMENTOS - BTG PACTUAL CTVM S.A
VIVA3;80;3,75%;109.007.220;Balcão;23/07/2026;10:23:28;Novo (0);Regular (1);85;BTG PACTUAL CTVM S/A;23;NECTON INVESTIMENTOS - BTG PACTUAL CTVM S.A
VIVA3;100;3,75%;109.007.232;Balcão;23/07/2026;10:23:28;Novo (0);Regular (1);85;BTG PACTUAL CTVM S/A;23;NECTON INVESTIMENTOS - BTG PACTUAL CTVM S.A
VIVA3;3;3,75%;109.007.231;Balcão;23/07/2026;10:23:28;Novo (0);Regular (1);85;BTG PACTUAL CTVM S/A;23;NECTON INVESTIMENTOS - BTG PACTUAL CTVM S.A
VIVA3;100;3,75%;109.007.201;Balcão;23/07/2026;10:23:28;Novo (0);Regular (1);85;BTG PACTUAL CTVM S/A;23;NECTON INVESTIMENTOS - BTG PACTUAL CTVM S.A
VIVA3;20;3,75%;109.007.193;Balcão;23/07/2026;10:23:28;Novo (0);Regular (1);85;BTG PACTUAL CTVM S/A;23;NECTON INVESTIMENTOS - BTG PACTUAL CTVM S.A
VIVA3;100;3,75%;109.007.210;Balcão;23/07/2026;10:23:28;Novo (0);Regular (1);85;BTG PACTUAL CTVM S/A;23;NECTON INVESTIMENTOS - BTG PACTUAL CTVM S.A
VIVA3;781;3,75%;109.007.196;Balcão;23/07/2026;10:23:28;Novo (0);Regular (1);85;BTG PACTUAL CTVM S/A;23;NECTON INVESTIMENTOS - BTG PACTUAL CTVM S.A
VIVA3;1;3,75%;109.007.213;Balcão;23/07/2026;10:23:28;Novo (0);Regular (1);85;BTG PACTUAL CTVM S/A;23;NECTON INVESTIMENTOS - BTG PACTUAL CTVM S.A
VIVA3;848;3,75%;109.007.205;Balcão;23/07/2026;10:23:28;Novo (0);Regular (1);85;BTG PACTUAL CTVM S/A;23;NECTON INVESTIMENTOS - BTG PACTUAL CTVM S.A
VIVA3;900;3,75%;109.007.209;Balcão;23/07/2026;10:23:28;Novo (0);Regular (1);85;BTG PACTUAL CTVM S/A;23;NECTON INVESTIMENTOS - BTG PACTUAL CTVM S.A
VIVA3;554;3,75%;109.007.200;Balcão;23/07/2026;10:23:28;Novo (0);Regular (1);85;BTG PACTUAL CTVM S/A;23;NECTON INVESTIMENTOS - BTG PACTUAL CTVM S.A
BBAS3;521.436;0,02%;109.006.935;Balcão;23/07/2026;10:23:28;Novo (0);Regular (1);39;AGORA CTVM S/A;39;AGORA CTVM S/A
VIVA3;9.361;3,75%;109.006.407;Balcão;23/07/2026;10:23:27;Novo (0);Regular (1);39;AGORA CTVM S/A;39;AGORA CTVM S/A
VIVA3;100;3,75%;109.007.197;Balcão;23/07/2026;10:23:27;Novo (0);Regular (1);85;BTG PACTUAL CTVM S/A;23;NECTON INVESTIMENTOS - BTG PACTUAL CTVM S.A
VIVA3;200;3,75%;109.007.185;Balcão;23/07/2026;10:23:27;Novo (0);Regular (1);85;BTG PACTUAL CTVM S/A;23;NECTON INVESTIMENTOS - BTG PACTUAL CTVM S.A
VIVA3;300;3,75%;109.007.203;Balcão;23/07/2026;10:23:27;Novo (0);Regular (1);85;BTG PACTUAL CTVM S/A;23;NECTON INVESTIMENTOS - BTG PACTUAL CTVM S.A
VIVA3;114;3,75%;109.007.192;Balcão;23/07/2026;10:23:27;Novo (0);Regular (1);85;BTG PACTUAL CTVM S/A;23;NECTON INVESTIMENTOS - BTG PACTUAL CTVM S.A
VIVA3;200;3,75%;109.007.198;Balcão;23/07/2026;10:23:27;Novo (0);Regular (1);85;BTG PACTUAL CTVM S/A;23;NECTON INVESTIMENTOS - BTG PACTUAL CTVM S.A
VIVA3;100;3,75%;109.007.214;Balcão;23/07/2026;10:23:27;Novo (0);Regular (1);85;BTG PACTUAL CTVM S/A;23;NECTON INVESTIMENTOS - BTG PACTUAL CTVM S.A
VIVA3;302;3,75%;109.007.202;Balcão;23/07/2026;10:23:27;Novo (0);Regular (1);85;BTG PACTUAL CTVM S/A;23;NECTON INVESTIMENTOS - BTG PACTUAL CTVM S.A
VIVA3;150;3,75%;109.007.222;Balcão;23/07/2026;10:23:27;Novo (0);Regular (1);85;BTG PACTUAL CTVM S/A;23;NECTON INVESTIMENTOS - BTG PACTUAL CTVM S.A
VIVA3;136;3,75%;109.007.211;Balcão;23/07/2026;10:23:27;Novo (0);Regular (1);85;BTG PACTUAL CTVM S/A;23;NECTON INVESTIMENTOS - BTG PACTUAL CTVM S.A
VIVA3;6;3,75%;109.007.194;Balcão;23/07/2026;10:23:27;Novo (0);Regular (1);85;BTG PACTUAL CTVM S/A;23;NECTON INVESTIMENTOS - BTG PACTUAL CTVM S.A
VIVA3;500;3,75%;109.007.183;Balcão;23/07/2026;10:23:27;Novo (0);Regular (1);85;BTG PACTUAL CTVM S/A;23;NECTON INVESTIMENTOS - BTG PACTUAL CTVM S.A
VIVA3;13;3,75%;109.007.187;Balcão;23/07/2026;10:23:27;Novo (0);Regular (1);85;BTG PACTUAL CTVM S/A;23;NECTON INVESTIMENTOS - BTG PACTUAL CTVM S.A
VIVA3;765;3,75%;109.007.172;Balcão;23/07/2026;10:23:27;Novo (0);Regular (1);85;BTG PACTUAL CTVM S/A;23;NECTON INVESTIMENTOS - BTG PACTUAL CTVM S.A
VIVA3;7;3,75%;109.007.191;Balcão;23/07/2026;10:23:27;Novo (0);Regular (1);85;BTG PACTUAL CTVM S/A;23;NECTON INVESTIMENTOS - BTG PACTUAL CTVM S.A
BPAC11;28.000;0,01%;109.006.752;Balcão;23/07/2026;10:23:27;Novo (0);Regular (1);39;AGORA CTVM S/A;39;AGORA CTVM S/A
VIVA3;200;3,75%;109.007.189;Balcão;23/07/2026;10:23:27;Novo (0);Regular (1);85;BTG PACTUAL CTVM S/A;23;NECTON INVESTIMENTOS - BTG PACTUAL CTVM S.A
VIVA3;400;3,75%;109.007.206;Balcão;23/07/2026;10:23:27;Novo (0);Regular (1);85;BTG PACTUAL CTVM S/A;23;NECTON INVESTIMENTOS - BTG PACTUAL CTVM S.A
VIVA3;93;3,75%;109.007.208;Balcão;23/07/2026;10:23:26;Novo (0);Regular (1);85;BTG PACTUAL CTVM S/A;23;NECTON INVESTIMENTOS - BTG PACTUAL CTVM S.A
VIVA3;300;3,75%;109.007.177;Balcão;23/07/2026;10:23:26;Novo (0);Regular (1);85;BTG PACTUAL CTVM S/A;23;NECTON INVESTIMENTOS - BTG PACTUAL CTVM S.A
VIVA3;70;3,75%;109.007.176;Balcão;23/07/2026;10:23:26;Novo (0);Regular (1);85;BTG PACTUAL CTVM S/A;23;NECTON INVESTIMENTOS - BTG PACTUAL CTVM S.A
VIVA3;130;3,75%;109.007.164;Balcão;23/07/2026;10:23:26;Novo (0);Regular (1);85;BTG PACTUAL CTVM S/A;23;NECTON INVESTIMENTOS - BTG PACTUAL CTVM S.A
VIVA3;700;3,75%;109.007.168;Balcão;23/07/2026;10:23:26;Novo (0);Regular (1);85;BTG PACTUAL CTVM S/A;23;NECTON INVESTIMENTOS - BTG PACTUAL CTVM S.A
VIVA3;10;3,75%;109.007.186;Balcão;23/07/2026;10:23:26;Novo (0);Regular (1);85;BTG PACTUAL CTVM S/A;23;NECTON INVESTIMENTOS - BTG PACTUAL CTVM S.A
VIVA3;100;3,75%;109.007.190;Balcão;23/07/2026;10:23:26;Novo (0);Regular (1);85;BTG PACTUAL CTVM S/A;23;NECTON INVESTIMENTOS - BTG PACTUAL CTVM S.A
VIVA3;9;3,75%;109.007.195;Balcão;23/07/2026;10:23:26;Novo (0);Regular (1);85;BTG PACTUAL CTVM S/A;23;NECTON INVESTIMENTOS - BTG PACTUAL CTVM S.A
VIVA3;60;3,75%;109.007.188;Balcão;23/07/2026;10:23:26;Novo (0);Regular (1);85;BTG PACTUAL CTVM S/A;23;NECTON INVESTIMENTOS - BTG PACTUAL CTVM S.A
VIVA3;300;3,75%;109.007.184;Balcão;23/07/2026;10:23:26;Novo (0);Regular (1);85;BTG PACTUAL CTVM S/A;23;NECTON INVESTIMENTOS - BTG PACTUAL CTVM S.A
VIVA3;100;3,75%;109.007.170;Balcão;23/07/2026;10:23:26;Novo (0);Regular (1);85;BTG PACTUAL CTVM S/A;23;NECTON INVESTIMENTOS - BTG PACTUAL CTVM S.A
VIVA3;58;3,75%;109.007.163;Balcão;23/07/2026;10:23:26;Novo (0);Regular (1);85;BTG PACTUAL CTVM S/A;23;NECTON INVESTIMENTOS - BTG PACTUAL CTVM S.A
VIVA3;300;3,75%;109.007.167;Balcão;23/07/2026;10:23:26;Novo (0);Regular (1);85;BTG PACTUAL CTVM S/A;23;NECTON INVESTIMENTOS - BTG PACTUAL CTVM S.A
VIVA3;58;3,75%;109.007.175;Balcão;23/07/2026;10:23:26;Novo (0);Regular (1);85;BTG PACTUAL CTVM S/A;23;NECTON INVESTIMENTOS - BTG PACTUAL CTVM S.A
VIVA3;200;3,75%;109.007.182;Balcão;23/07/2026;10:23:26;Novo (0);Regular (1);85;BTG PACTUAL CTVM S/A;23;NECTON INVESTIMENTOS - BTG PACTUAL CTVM S.A
VIVA3;600;3,75%;109.007.181;Balcão;23/07/2026;10:23:26;Novo (0);Regular (1);85;BTG PACTUAL CTVM S/A;23;NECTON INVESTIMENTOS - BTG PACTUAL CTVM S.A
VIVA3;1.000;3,75%;109.007.180;Balcão;23/07/2026;10:23:26;Novo (0);Regular (1);85;BTG PACTUAL CTVM S/A;23;NECTON INVESTIMENTOS - BTG PACTUAL CTVM S.A
VIVA3;400;3,75%;109.007.166;Balcão;23/07/2026;10:23:25;Novo (0);Regular (1);85;BTG PACTUAL CTVM S/A;23;NECTON INVESTIMENTOS - BTG PACTUAL CTVM S.A
VIVA3;700;3,75%;109.007.178;Balcão;23/07/2026;10:23:25;Novo (0);Regular (1);85;BTG PACTUAL CTVM S/A;23;NECTON INVESTIMENTOS - BTG PACTUAL CTVM S.A
VIVA3;70;3,75%;109.007.171;Balcão;23/07/2026;10:23:25;Novo (0);Regular (1);85;BTG PACTUAL CTVM S/A;23;NECTON INVESTIMENTOS - BTG PACTUAL CTVM S.A
VIVA3;400;3,75%;109.007.162;Balcão;23/07/2026;10:23:25;Novo (0);Regular (1);85;BTG PACTUAL CTVM S/A;23;NECTON INVESTIMENTOS - BTG PACTUAL CTVM S.A
VIVA3;2.000;3,75%;109.007.179;Balcão;23/07/2026;10:23:25;Novo (0);Regular (1);85;BTG PACTUAL CTVM S/A;23;NECTON INVESTIMENTOS - BTG PACTUAL CTVM S.A
VIVA3;2.375;3,75%;109.006.751;Balcão;23/07/2026;10:23:24;Novo (0);Regular (1);39;AGORA CTVM S/A;39;AGORA CTVM S/A
BBAS3;8.805;0,02%;109.006.934;Balcão;23/07/2026;10:23:24;Novo (0);Regular (1);39;AGORA CTVM S/A;39;AGORA CTVM S/A
VIVA3;1.100;3,75%;109.007.169;Balcão;23/07/2026;10:23:24;Novo (0);Regular (1);85;BTG PACTUAL CTVM S/A;23;NECTON INVESTIMENTOS - BTG PACTUAL CTVM S.A
VIVA3;79;3,75%;109.007.173;Balcão;23/07/2026;10:23:24;Novo (0);Regular (1);85;BTG PACTUAL CTVM S/A;23;NECTON INVESTIMENTOS - BTG PACTUAL CTVM S.A
BBAS3;83.600;0,02%;109.006.936;Balcão;23/07/2026;10:23:24;Novo (0);Regular (1);39;AGORA CTVM S/A;39;AGORA CTVM S/A
VIVA3;900;3,75%;109.007.165;Balcão;23/07/2026;10:23:24;Novo (0);Regular (1);85;BTG PACTUAL CTVM S/A;23;NECTON INVESTIMENTOS - BTG PACTUAL CTVM S.A
VIVA3;37;3,75%;109.007.174;Balcão;23/07/2026;10:23:24;Novo (0);Regular (1);85;BTG PACTUAL CTVM S/A;23;NECTON INVESTIMENTOS - BTG PACTUAL CTVM S.A
VIVA3;200;3,75%;109.007.158;Balcão;23/07/2026;10:23:24;Novo (0);Regular (1);85;BTG PACTUAL CTVM S/A;23;NECTON INVESTIMENTOS - BTG PACTUAL CTVM S.A
VIVA3;1.000;3,75%;109.007.160;Balcão;23/07/2026;10:23:22;Novo (0);Regular (1);85;BTG PACTUAL CTVM S/A;23;NECTON INVESTIMENTOS - BTG PACTUAL CTVM S.A
VIVA3;900;3,75%;109.007.153;Balcão;23/07/2026;10:23:22;Novo (0);Regular (1);85;BTG PACTUAL CTVM S/A;23;NECTON INVESTIMENTOS - BTG PACTUAL CTVM S.A
VIVA3;35;3,75%;109.007.159;Balcão;23/07/2026;10:23:22;Novo (0);Regular (1);85;BTG PACTUAL CTVM S/A;23;NECTON INVESTIMENTOS - BTG PACTUAL CTVM S.A
VIVA3;900;3,75%;109.007.154;Balcão;23/07/2026;10:23:22;Novo (0);Regular (1);85;BTG PACTUAL CTVM S/A;23;NECTON INVESTIMENTOS - BTG PACTUAL CTVM S.A
VIVA3;800;3,75%;109.007.161;Balcão;23/07/2026;10:23:22;Novo (0);Regular (1);85;BTG PACTUAL CTVM S/A;23;NECTON INVESTIMENTOS - BTG PACTUAL CTVM S.A
VIVA3;800;3,75%;109.007.157;Balcão;23/07/2026;10:23:22;Novo (0);Regular (1);85;BTG PACTUAL CTVM S/A;23;NECTON INVESTIMENTOS - BTG PACTUAL CTVM S.A
VIVA3;871;3,75%;109.007.152;Balcão;23/07/2026;10:23:22;Novo (0);Regular (1);85;BTG PACTUAL CTVM S/A;23;NECTON INVESTIMENTOS - BTG PACTUAL CTVM S.A
VIVA3;33;3,75%;109.007.150;Balcão;23/07/2026;10:23:22;Novo (0);Regular (1);85;BTG PACTUAL CTVM S/A;23;NECTON INVESTIMENTOS - BTG PACTUAL CTVM S.A
VIVA3;1.035;3,75%;109.007.156;Balcão;23/07/2026;10:23:21;Novo (0);Regular (1);85;BTG PACTUAL CTVM S/A;23;NECTON INVESTIMENTOS - BTG PACTUAL CTVM S.A
VIVA3;600;3,75%;109.007.155;Balcão;23/07/2026;10:23:20;Novo (0);Regular (1);85;BTG PACTUAL CTVM S/A;23;NECTON INVESTIMENTOS - BTG PACTUAL CTVM S.A
VIVA3;500;3,75%;109.007.149;Balcão;23/07/2026;10:23:20;Novo (0);Regular (1);85;BTG PACTUAL CTVM S/A;23;NECTON INVESTIMENTOS - BTG PACTUAL CTVM S.A
VIVA3;800;3,75%;109.007.151;Balcão;23/07/2026;10:23:20;Novo (0);Regular (1);85;BTG PACTUAL CTVM S/A;23;NECTON INVESTIMENTOS - BTG PACTUAL CTVM S.A
GGPS3;300;0,12%;109.007.143;Balcão;23/07/2026;10:22:52;Novo (0);Regular (1);1099;INTER DISTRIBUIDORA DE TITULOS E VALORES MOBILIARIOS LTDA;262;MIRAE ASSET WEALTH MANAGEMENT (BRASIL) CCTVM LTDA.
BBAS3;2.338;0,02%;109.007.076;Balcão;23/07/2026;10:22:49;Novo (0);Regular (1);39;AGORA CTVM S/A;39;AGORA CTVM S/A
BBAS3;25.000;0,02%;109.007.079;Balcão;23/07/2026;10:22:49;Novo (0);Regular (1);39;AGORA CTVM S/A;39;AGORA CTVM S/A
BBAS3;11.400;0,02%;109.007.078;Balcão;23/07/2026;10:22:49;Novo (0);Regular (1);39;AGORA CTVM S/A;39;AGORA CTVM S/A
BBAS3;143.932;0,02%;109.007.077;Balcão;23/07/2026;10:22:49;Novo (0);Regular (1);39;AGORA CTVM S/A;39;AGORA CTVM S/A
BBAS3;29.600;0,02%;109.007.082;Balcão;23/07/2026;10:22:49;Novo (0);Regular (1);39;AGORA CTVM S/A;39;AGORA CTVM S/A
BBAS3;6.000;0,02%;109.007.081;Balcão;23/07/2026;10:22:49;Novo (0);Regular (1);39;AGORA CTVM S/A;39;AGORA CTVM S/A
BBAS3;6.000;0,02%;109.007.075;Balcão;23/07/2026;10:22:49;Novo (0);Regular (1);39;AGORA CTVM S/A;39;AGORA CTVM S/A
NVDC34;26.905;0,10%;109.006.963;Balcão;23/07/2026;10:22:48;Novo (0);Regular (1);120;GENIAL INSTITUCIONAL CCTVM S/A;39;AGORA CTVM S/A
BBAS3;10.730;0,02%;109.007.080;Balcão;23/07/2026;10:22:48;Novo (0);Regular (1);39;AGORA CTVM S/A;39;AGORA CTVM S/A
CMIN3;193;42,73%;109.007.127;Balcão;23/07/2026;10:22:40;Novo (0);Regular (1);85;BTG PACTUAL CTVM S/A;85;BTG PACTUAL CTVM S/A
CMIN3;1.555;42,73%;109.007.125;Balcão;23/07/2026;10:22:21;Novo (0);Regular (1);59;SAFRA CORRETORA DE VALORES E CAMBIO LTDA;59;SAFRA CORRETORA DE VALORES E CAMBIO LTDA
CMIN3;5.700;42,73%;109.007.126;Balcão;23/07/2026;10:22:21;Novo (0);Regular (1);59;SAFRA CORRETORA DE VALORES E CAMBIO LTDA;59;SAFRA CORRETORA DE VALORES E CAMBIO LTDA
CMIN3;6.243;42,73%;109.007.123;Balcão;23/07/2026;10:22:12;Novo (0);Regular (1);59;SAFRA CORRETORA DE VALORES E CAMBIO LTDA;59;SAFRA CORRETORA DE VALORES E CAMBIO LTDA
CMIN3;100;42,73%;109.007.124;Balcão;23/07/2026;10:22:12;Novo (0);Regular (1);59;SAFRA CORRETORA DE VALORES E CAMBIO LTDA;59;SAFRA CORRETORA DE VALORES E CAMBIO LTDA
IVVB11;296;0,56%;109.007.122;Balcão;23/07/2026;10:21:48;Novo (0);Regular (1);59;SAFRA CORRETORA DE VALORES E CAMBIO LTDA;59;SAFRA CORRETORA DE VALORES E CAMBIO LTDA
BBSE3;566;0,88%;109.007.120;Balcão;23/07/2026;10:21:33;Novo (0);Regular (1);59;SAFRA CORRETORA DE VALORES E CAMBIO LTDA;59;SAFRA CORRETORA DE VALORES E CAMBIO LTDA
BBSE3;50;0,88%;109.007.121;Balcão;23/07/2026;10:21:33;Novo (0);Regular (1);59;SAFRA CORRETORA DE VALORES E CAMBIO LTDA;59;SAFRA CORRETORA DE VALORES E CAMBIO LTDA
BBSE3;20;0,88%;109.007.119;Balcão;23/07/2026;10:21:33;Novo (0);Regular (1);59;SAFRA CORRETORA DE VALORES E CAMBIO LTDA;59;SAFRA CORRETORA DE VALORES E CAMBIO LTDA
BBSE3;160;0,88%;109.007.117;Balcão;23/07/2026;10:21:30;Novo (0);Regular (1);59;SAFRA CORRETORA DE VALORES E CAMBIO LTDA;59;SAFRA CORRETORA DE VALORES E CAMBIO LTDA
BBSE3;1.864;0,88%;109.007.118;Balcão;23/07/2026;10:21:30;Novo (0);Regular (1);59;SAFRA CORRETORA DE VALORES E CAMBIO LTDA;59;SAFRA CORRETORA DE VALORES E CAMBIO LTDA
KLBN11;3.273;0,66%;109.007.116;Balcão;23/07/2026;10:21:27;Novo (0);Regular (1);85;BTG PACTUAL CTVM S/A;85;BTG PACTUAL CTVM S/A
BBDC4;390;0,02%;109.007.115;Balcão;23/07/2026;10:21:17;Novo (0);Regular (1);59;SAFRA CORRETORA DE VALORES E CAMBIO LTDA;59;SAFRA CORRETORA DE VALORES E CAMBIO LTDA
MELI34;422;0,10%;109.007.112;Eletrônico D0;23/07/2026;10:21:12;Novo (0);Regular (1);3;XP INVESTIMENTOS CCTVM S/A;3;XP INVESTIMENTOS CCTVM S/A
CEAB3;2.076;0,10%;109.007.109;Eletrônico D0;23/07/2026;10:21:09;Novo (0);Regular (1);3;XP INVESTIMENTOS CCTVM S/A;3;XP INVESTIMENTOS CCTVM S/A
MELI34;68;0,10%;109.007.114;Eletrônico D0;23/07/2026;10:21:09;Novo (0);Regular (1);3;XP INVESTIMENTOS CCTVM S/A;3;XP INVESTIMENTOS CCTVM S/A
MSFT34;92;0,10%;109.007.111;Eletrônico D0;23/07/2026;10:21:05;Novo (0);Regular (1);3;XP INVESTIMENTOS CCTVM S/A;3;XP INVESTIMENTOS CCTVM S/A
GOGL34;7;0,10%;109.007.106;Eletrônico D0;23/07/2026;10:21:05;Novo (0);Regular (1);3;XP INVESTIMENTOS CCTVM S/A;3;XP INVESTIMENTOS CCTVM S/A
TSLA34;21;0,10%;109.007.103;Eletrônico D0;23/07/2026;10:21:05;Novo (0);Regular (1);3;XP INVESTIMENTOS CCTVM S/A;3;XP INVESTIMENTOS CCTVM S/A
MELI34;4;0,10%;109.007.107;Eletrônico D0;23/07/2026;10:21:05;Novo (0);Regular (1);3;XP INVESTIMENTOS CCTVM S/A;3;XP INVESTIMENTOS CCTVM S/A
MRVE3;2.069;0,10%;109.007.102;Eletrônico D0;23/07/2026;10:21:03;Novo (0);Regular (1);3;XP INVESTIMENTOS CCTVM S/A;3;XP INVESTIMENTOS CCTVM S/A
CEAB3;1.840;0,10%;109.007.101;Eletrônico D0;23/07/2026;10:21:03;Novo (0);Regular (1);3;XP INVESTIMENTOS CCTVM S/A;3;XP INVESTIMENTOS CCTVM S/A
SUZB3;8;0,53%;109.007.095;Balcão;23/07/2026;10:20:39;Novo (0);Regular (1);59;SAFRA CORRETORA DE VALORES E CAMBIO LTDA;59;SAFRA CORRETORA DE VALORES E CAMBIO LTDA
MBRF3;3.600;6,33%;109.007.090;Balcão;23/07/2026;10:20:32;Novo (0);Regular (1);59;SAFRA CORRETORA DE VALORES E CAMBIO LTDA;59;SAFRA CORRETORA DE VALORES E CAMBIO LTDA
NATU3;1.179;210,44%;109.007.088;Balcão;23/07/2026;10:20:17;Novo (0);Regular (1);262;MIRAE ASSET WEALTH MANAGEMENT (BRASIL) CCTVM LTDA.;262;MIRAE ASSET WEALTH MANAGEMENT (BRASIL) CCTVM LTDA.
MBRF3;300;6,33%;109.007.087;Balcão;23/07/2026;10:19:50;Novo (0);Regular (1);262;MIRAE ASSET WEALTH MANAGEMENT (BRASIL) CCTVM LTDA.;262;MIRAE ASSET WEALTH MANAGEMENT (BRASIL) CCTVM LTDA.
PETR3;4.700;0,02%;109.007.086;Balcão;23/07/2026;10:19:40;Novo (0);Regular (1);59;SAFRA CORRETORA DE VALORES E CAMBIO LTDA;77;CITIGROUP GLOBAL MARKETS BRASIL CCTVM S/A
FLRY3;1.433;0,04%;109.007.084;Balcão;23/07/2026;10:19:38;Novo (0);Regular (1);85;BTG PACTUAL CTVM S/A;85;BTG PACTUAL CTVM S/A
FLRY3;95;0,04%;109.007.085;Balcão;23/07/2026;10:19:38;Novo (0);Regular (1);85;BTG PACTUAL CTVM S/A;85;BTG PACTUAL CTVM S/A
B3SA3;10.726;0,02%;109.007.083;Balcão;23/07/2026;10:19:10;Novo (0);Regular (1);59;SAFRA CORRETORA DE VALORES E CAMBIO LTDA;77;CITIGROUP GLOBAL MARKETS BRASIL CCTVM S/A
PCAR3;22.220;35,00%;109.007.074;Balcão;23/07/2026;10:18:54;Novo (0);Regular (1);27;SANTANDER CCVM S/A;27;SANTANDER CCVM S/A
ABEV3;6.847;2,88%;109.007.073;Balcão;23/07/2026;10:18:38;Novo (0);Regular (1);59;SAFRA CORRETORA DE VALORES E CAMBIO LTDA;77;CITIGROUP GLOBAL MARKETS BRASIL CCTVM S/A
BTLG11;202;0,10%;109.007.072;Balcão;23/07/2026;10:17:29;Novo (0);Regular (1);39;AGORA CTVM S/A;39;AGORA CTVM S/A
BRCO11;54;0,03%;109.007.071;Balcão;23/07/2026;10:17:28;Novo (0);Regular (1);39;AGORA CTVM S/A;39;AGORA CTVM S/A
GARE11;5.318;0,03%;109.007.069;Balcão;23/07/2026;10:17:28;Novo (0);Regular (1);39;AGORA CTVM S/A;39;AGORA CTVM S/A
BRCO11;72;0,03%;109.007.070;Balcão;23/07/2026;10:17:28;Novo (0);Regular (1);39;AGORA CTVM S/A;39;AGORA CTVM S/A
DIRR3;34.837;0,08%;109.007.068;Balcão;23/07/2026;10:17:22;Novo (0);Regular (1);3;XP INVESTIMENTOS CCTVM S/A;16;J.P. MORGAN CCVM S/A
DIRR3;20.337;0,08%;109.007.067;Balcão;23/07/2026;10:17:21;Novo (0);Regular (1);3;XP INVESTIMENTOS CCTVM S/A;16;J.P. MORGAN CCVM S/A
PRIO3;7;0,02%;109.007.066;Balcão;23/07/2026;10:16:48;Novo (0);Regular (1);114;ITAU CV S/A;114;ITAU CV S/A
JHSF3;1;2,44%;109.007.065;Balcão;23/07/2026;10:16:48;Novo (0);Regular (1);114;ITAU CV S/A;114;ITAU CV S/A
PRIO3;167;0,02%;109.007.063;Balcão;23/07/2026;10:16:48;Novo (0);Regular (1);114;ITAU CV S/A;114;ITAU CV S/A
MBRF3;12;6,33%;109.007.064;Balcão;23/07/2026;10:16:48;Novo (0);Regular (1);114;ITAU CV S/A;114;ITAU CV S/A
PRIO3;100;0,02%;109.007.061;Balcão;23/07/2026;10:16:48;Novo (0);Regular (1);114;ITAU CV S/A;114;ITAU CV S/A
MBRF3;5;6,33%;109.007.059;Balcão;23/07/2026;10:16:48;Novo (0);Regular (1);114;ITAU CV S/A;114;ITAU CV S/A
BBSE3;9;0,88%;109.007.058;Balcão;23/07/2026;10:16:48;Novo (0);Regular (1);114;ITAU CV S/A;114;ITAU CV S/A
TAEE11;7;0,17%;109.007.057;Balcão;23/07/2026;10:16:48;Novo (0);Regular (1);114;ITAU CV S/A;114;ITAU CV S/A
PRIO3;33;0,02%;109.007.056;Balcão;23/07/2026;10:16:48;Novo (0);Regular (1);114;ITAU CV S/A;114;ITAU CV S/A
BBSE3;5;0,88%;109.007.060;Balcão;23/07/2026;10:16:48;Novo (0);Regular (1);114;ITAU CV S/A;114;ITAU CV S/A
PRIO3;35;0,02%;109.007.062;Balcão;23/07/2026;10:16:48;Novo (0);Regular (1);114;ITAU CV S/A;114;ITAU CV S/A
PRIO3;8;0,02%;109.007.050;Balcão;23/07/2026;10:16:45;Novo (0);Regular (1);114;ITAU CV S/A;114;ITAU CV S/A
BBSE3;8;0,88%;109.007.053;Balcão;23/07/2026;10:16:45;Novo (0);Regular (1);114;ITAU CV S/A;114;ITAU CV S/A
PRIO3;2;0,02%;109.007.055;Balcão;23/07/2026;10:16:45;Novo (0);Regular (1);114;ITAU CV S/A;114;ITAU CV S/A
JHSF3;35;2,44%;109.007.051;Balcão;23/07/2026;10:16:45;Novo (0);Regular (1);114;ITAU CV S/A;114;ITAU CV S/A
PETR4;200;0,08%;109.007.052;Balcão;23/07/2026;10:16:45;Novo (0);Regular (1);114;ITAU CV S/A;114;ITAU CV S/A
MBRF3;83;6,33%;109.007.054;Balcão;23/07/2026;10:16:44;Novo (0);Regular (1);114;ITAU CV S/A;114;ITAU CV S/A
BBDC4;3.132;0,02%;109.007.049;Balcão;23/07/2026;10:16:37;Novo (0);Regular (1);85;BTG PACTUAL CTVM S/A;23;NECTON INVESTIMENTOS - BTG PACTUAL CTVM S.A
BBDC4;1.598;0,02%;109.007.047;Balcão;23/07/2026;10:16:37;Novo (0);Regular (1);85;BTG PACTUAL CTVM S/A;23;NECTON INVESTIMENTOS - BTG PACTUAL CTVM S.A
BBDC4;13.395;0,02%;109.007.046;Balcão;23/07/2026;10:16:36;Novo (0);Regular (1);85;BTG PACTUAL CTVM S/A;23;NECTON INVESTIMENTOS - BTG PACTUAL CTVM S.A
BBDC4;32.474;0,02%;109.007.043;Balcão;23/07/2026;10:16:36;Novo (0);Regular (1);85;BTG PACTUAL CTVM S/A;23;NECTON INVESTIMENTOS - BTG PACTUAL CTVM S.A
BBDC4;1.428;0,02%;109.007.039;Balcão;23/07/2026;10:16:36;Novo (0);Regular (1);85;BTG PACTUAL CTVM S/A;23;NECTON INVESTIMENTOS - BTG PACTUAL CTVM S.A
BBDC4;11.632;0,02%;109.007.044;Balcão;23/07/2026;10:16:36;Novo (0);Regular (1);85;BTG PACTUAL CTVM S/A;23;NECTON INVESTIMENTOS - BTG PACTUAL CTVM S.A
BBDC4;2.349;0,02%;109.007.045;Balcão;23/07/2026;10:16:36;Novo (0);Regular (1);85;BTG PACTUAL CTVM S/A;23;NECTON INVESTIMENTOS - BTG PACTUAL CTVM S.A
BBDC4;18.904;0,02%;109.007.048;Balcão;23/07/2026;10:16:36;Novo (0);Regular (1);85;BTG PACTUAL CTVM S/A;23;NECTON INVESTIMENTOS - BTG PACTUAL CTVM S.A
BBDC4;29.365;0,02%;109.007.041;Balcão;23/07/2026;10:16:36;Novo (0);Regular (1);85;BTG PACTUAL CTVM S/A;23;NECTON INVESTIMENTOS - BTG PACTUAL CTVM S.A
BBDC4;16.099;0,02%;109.007.040;Balcão;23/07/2026;10:16:36;Novo (0);Regular (1);85;BTG PACTUAL CTVM S/A;23;NECTON INVESTIMENTOS - BTG PACTUAL CTVM S.A
BBDC4;6.138;0,02%;109.007.042;Balcão;23/07/2026;10:16:36;Novo (0);Regular (1);85;BTG PACTUAL CTVM S/A;23;NECTON INVESTIMENTOS - BTG PACTUAL CTVM S.A
BBDC4;13.058;0,02%;109.007.037;Balcão;23/07/2026;10:16:35;Novo (0);Regular (1);85;BTG PACTUAL CTVM S/A;23;NECTON INVESTIMENTOS - BTG PACTUAL CTVM S.A
BBDC4;3.891;0,02%;109.007.038;Balcão;23/07/2026;10:16:35;Novo (0);Regular (1);85;BTG PACTUAL CTVM S/A;23;NECTON INVESTIMENTOS - BTG PACTUAL CTVM S.A
BBDC4;43.713;0,02%;109.007.036;Balcão;23/07/2026;10:16:35;Novo (0);Regular (1);85;BTG PACTUAL CTVM S/A;23;NECTON INVESTIMENTOS - BTG PACTUAL CTVM S.A
BOVA11;58.172;1,50%;109.007.035;Balcão;23/07/2026;10:14:49;Novo (0);Regular (1);13;MERRILL LYNCH S/A CTVM;114;ITAU CV S/A
BBDC4;27.926;0,02%;109.007.032;Balcão;23/07/2026;10:14:05;Novo (0);Regular (1);85;BTG PACTUAL CTVM S/A;23;NECTON INVESTIMENTOS - BTG PACTUAL CTVM S.A
BBDC4;20.000;0,02%;109.007.030;Balcão;23/07/2026;10:14:04;Novo (0);Regular (1);85;BTG PACTUAL CTVM S/A;23;NECTON INVESTIMENTOS - BTG PACTUAL CTVM S.A
BBDC4;15.174;0,02%;109.007.031;Balcão;23/07/2026;10:14:04;Novo (0);Regular (1);85;BTG PACTUAL CTVM S/A;23;NECTON INVESTIMENTOS - BTG PACTUAL CTVM S.A
BBDC4;20.709;0,02%;109.007.029;Balcão;23/07/2026;10:13:58;Novo (0);Regular (1);85;BTG PACTUAL CTVM S/A;23;NECTON INVESTIMENTOS - BTG PACTUAL CTVM S.A
BBDC4;38.926;0,02%;109.007.028;Balcão;23/07/2026;10:13:57;Novo (0);Regular (1);85;BTG PACTUAL CTVM S/A;23;NECTON INVESTIMENTOS - BTG PACTUAL CTVM S.A
YDUQ3;97.885;0,10%;109.007.027;Balcão;23/07/2026;10:13:47;Novo (0);Regular (1);2659;BANCO DO BRASIL S/A;85;BTG PACTUAL CTVM S/A
AZZA3;1.573;29,29%;109.007.026;Balcão;23/07/2026;10:13:45;Novo (0);Regular (1);2659;BANCO DO BRASIL S/A;85;BTG PACTUAL CTVM S/A
NATU3;17.555;210,44%;109.007.025;Balcão;23/07/2026;10:13:42;Novo (0);Regular (1);2659;BANCO DO BRASIL S/A;85;BTG PACTUAL CTVM S/A
NATU3;4.607;210,44%;109.007.024;Balcão;23/07/2026;10:13:42;Novo (0);Regular (1);2659;BANCO DO BRASIL S/A;85;BTG PACTUAL CTVM S/A
NATU3;29.618;210,44%;109.007.023;Balcão;23/07/2026;10:13:40;Novo (0);Regular (1);2659;BANCO DO BRASIL S/A;85;BTG PACTUAL CTVM S/A
NATU3;12.249;210,44%;109.007.022;Balcão;23/07/2026;10:13:40;Novo (0);Regular (1);2659;BANCO DO BRASIL S/A;85;BTG PACTUAL CTVM S/A
NATU3;5.770;210,44%;109.007.021;Balcão;23/07/2026;10:13:39;Novo (0);Regular (1);2659;BANCO DO BRASIL S/A;85;BTG PACTUAL CTVM S/A
VIVA3;121;3,75%;109.007.020;Balcão;23/07/2026;10:13:33;Novo (0);Regular (1);2659;BANCO DO BRASIL S/A;85;BTG PACTUAL CTVM S/A
VIVA3;111;3,75%;109.007.019;Balcão;23/07/2026;10:13:30;Novo (0);Regular (1);2659;BANCO DO BRASIL S/A;85;BTG PACTUAL CTVM S/A
CURY3;786;1,21%;109.007.018;Balcão;23/07/2026;10:13:21;Novo (0);Regular (1);2659;BANCO DO BRASIL S/A;85;BTG PACTUAL CTVM S/A
POMO4;17.652;0,02%;109.007.014;Balcão;23/07/2026;10:13:13;Novo (0);Regular (1);85;BTG PACTUAL CTVM S/A;23;NECTON INVESTIMENTOS - BTG PACTUAL CTVM S.A
POMO4;4.422;0,02%;109.007.013;Balcão;23/07/2026;10:13:13;Novo (0);Regular (1);85;BTG PACTUAL CTVM S/A;23;NECTON INVESTIMENTOS - BTG PACTUAL CTVM S.A
POMO4;40.850;0,02%;109.007.016;Balcão;23/07/2026;10:13:13;Novo (0);Regular (1);85;BTG PACTUAL CTVM S/A;23;NECTON INVESTIMENTOS - BTG PACTUAL CTVM S.A
POMO4;22.517;0,02%;109.007.011;Balcão;23/07/2026;10:13:13;Novo (0);Regular (1);85;BTG PACTUAL CTVM S/A;23;NECTON INVESTIMENTOS - BTG PACTUAL CTVM S.A
POMO4;7.742;0,02%;109.007.012;Balcão;23/07/2026;10:13:13;Novo (0);Regular (1);85;BTG PACTUAL CTVM S/A;23;NECTON INVESTIMENTOS - BTG PACTUAL CTVM S.A
POMO4;4.872;0,02%;109.007.017;Balcão;23/07/2026;10:13:12;Novo (0);Regular (1);85;BTG PACTUAL CTVM S/A;23;NECTON INVESTIMENTOS - BTG PACTUAL CTVM S.A
POMO4;15.919;0,02%;109.007.009;Balcão;23/07/2026;10:13:12;Novo (0);Regular (1);85;BTG PACTUAL CTVM S/A;23;NECTON INVESTIMENTOS - BTG PACTUAL CTVM S.A
POMO4;102.713;0,02%;109.007.004;Balcão;23/07/2026;10:13:12;Novo (0);Regular (1);85;BTG PACTUAL CTVM S/A;23;NECTON INVESTIMENTOS - BTG PACTUAL CTVM S.A
POMO4;2.923;0,02%;109.007.006;Balcão;23/07/2026;10:13:12;Novo (0);Regular (1);85;BTG PACTUAL CTVM S/A;23;NECTON INVESTIMENTOS - BTG PACTUAL CTVM S.A
POMO4;2.009;0,02%;109.007.010;Balcão;23/07/2026;10:13:12;Novo (0);Regular (1);85;BTG PACTUAL CTVM S/A;23;NECTON INVESTIMENTOS - BTG PACTUAL CTVM S.A
POMO4;37.405;0,02%;109.007.015;Balcão;23/07/2026;10:13:11;Novo (0);Regular (1);85;BTG PACTUAL CTVM S/A;23;NECTON INVESTIMENTOS - BTG PACTUAL CTVM S.A
POMO4;22.427;0,02%;109.007.007;Balcão;23/07/2026;10:13:11;Novo (0);Regular (1);85;BTG PACTUAL CTVM S/A;23;NECTON INVESTIMENTOS - BTG PACTUAL CTVM S.A
POMO4;13.196;0,02%;109.007.005;Balcão;23/07/2026;10:13:11;Novo (0);Regular (1);85;BTG PACTUAL CTVM S/A;23;NECTON INVESTIMENTOS - BTG PACTUAL CTVM S.A
POMO4;104.702;0,02%;109.007.008;Balcão;23/07/2026;10:13:11;Novo (0);Regular (1);85;BTG PACTUAL CTVM S/A;23;NECTON INVESTIMENTOS - BTG PACTUAL CTVM S.A
VAMO3;147.606;0,07%;109.006.903;Balcão;23/07/2026;10:12:45;Novo (0);Regular (1);3;XP INVESTIMENTOS CCTVM S/A;3;XP INVESTIMENTOS CCTVM S/A
BHIA3;1.835;70,00%;109.006.987;Balcão;23/07/2026;10:11:44;Novo (0);Regular (1);85;BTG PACTUAL CTVM S/A;85;BTG PACTUAL CTVM S/A
BHIA3;1.579;70,00%;109.006.991;Balcão;23/07/2026;10:11:44;Novo (0);Regular (1);85;BTG PACTUAL CTVM S/A;85;BTG PACTUAL CTVM S/A
BHIA3;2.086;70,00%;109.006.981;Balcão;23/07/2026;10:11:44;Novo (0);Regular (1);85;BTG PACTUAL CTVM S/A;85;BTG PACTUAL CTVM S/A
BHIA3;1.809;70,00%;109.006.985;Balcão;23/07/2026;10:11:44;Novo (0);Regular (1);85;BTG PACTUAL CTVM S/A;85;BTG PACTUAL CTVM S/A
BHIA3;1.535;70,00%;109.006.988;Balcão;23/07/2026;10:11:44;Novo (0);Regular (1);85;BTG PACTUAL CTVM S/A;85;BTG PACTUAL CTVM S/A
BHIA3;1.729;70,00%;109.006.979;Balcão;23/07/2026;10:11:44;Novo (0);Regular (1);85;BTG PACTUAL CTVM S/A;85;BTG PACTUAL CTVM S/A
BHIA3;2.089;70,00%;109.006.983;Balcão;23/07/2026;10:11:44;Novo (0);Regular (1);85;BTG PACTUAL CTVM S/A;85;BTG PACTUAL CTVM S/A
BHIA3;690;70,00%;109.006.982;Balcão;23/07/2026;10:11:44;Novo (0);Regular (1);85;BTG PACTUAL CTVM S/A;85;BTG PACTUAL CTVM S/A
BHIA3;2.276;70,00%;109.006.984;Balcão;23/07/2026;10:11:44;Novo (0);Regular (1);85;BTG PACTUAL CTVM S/A;85;BTG PACTUAL CTVM S/A
BHIA3;1.801;70,00%;109.006.986;Balcão;23/07/2026;10:11:44;Novo (0);Regular (1);85;BTG PACTUAL CTVM S/A;85;BTG PACTUAL CTVM S/A
BHIA3;1.928;70,00%;109.006.980;Balcão;23/07/2026;10:11:44;Novo (0);Regular (1);85;BTG PACTUAL CTVM S/A;85;BTG PACTUAL CTVM S/A
BHIA3;1.801;70,00%;109.006.990;Balcão;23/07/2026;10:11:42;Novo (0);Regular (1);85;BTG PACTUAL CTVM S/A;85;BTG PACTUAL CTVM S/A
BHIA3;2.017;70,00%;109.006.989;Balcão;23/07/2026;10:11:41;Novo (0);Regular (1);85;BTG PACTUAL CTVM S/A;85;BTG PACTUAL CTVM S/A
BHIA3;1.440;70,00%;109.006.978;Balcão;23/07/2026;10:11:41;Novo (0);Regular (1);85;BTG PACTUAL CTVM S/A;85;BTG PACTUAL CTVM S/A
BHIA3;1.579;70,00%;109.006.966;Balcão;23/07/2026;10:11:41;Novo (0);Regular (1);85;BTG PACTUAL CTVM S/A;85;BTG PACTUAL CTVM S/A
BHIA3;1.665;70,00%;109.006.976;Balcão;23/07/2026;10:11:41;Novo (0);Regular (1);85;BTG PACTUAL CTVM S/A;85;BTG PACTUAL CTVM S/A
BHIA3;2.089;70,00%;109.006.969;Balcão;23/07/2026;10:11:41;Novo (0);Regular (1);85;BTG PACTUAL CTVM S/A;85;BTG PACTUAL CTVM S/A
BHIA3;1.817;70,00%;109.006.967;Balcão;23/07/2026;10:11:41;Novo (0);Regular (1);85;BTG PACTUAL CTVM S/A;85;BTG PACTUAL CTVM S/A
BHIA3;2.175;70,00%;109.006.974;Balcão;23/07/2026;10:11:41;Novo (0);Regular (1);85;BTG PACTUAL CTVM S/A;85;BTG PACTUAL CTVM S/A
BHIA3;1.584;70,00%;109.006.977;Balcão;23/07/2026;10:11:41;Novo (0);Regular (1);85;BTG PACTUAL CTVM S/A;85;BTG PACTUAL CTVM S/A
BHIA3;1.440;70,00%;109.006.970;Balcão;23/07/2026;10:11:40;Novo (0);Regular (1);85;BTG PACTUAL CTVM S/A;85;BTG PACTUAL CTVM S/A
BHIA3;1.512;70,00%;109.006.965;Balcão;23/07/2026;10:11:40;Novo (0);Regular (1);85;BTG PACTUAL CTVM S/A;85;BTG PACTUAL CTVM S/A
BHIA3;1.440;70,00%;109.006.973;Balcão;23/07/2026;10:11:40;Novo (0);Regular (1);85;BTG PACTUAL CTVM S/A;85;BTG PACTUAL CTVM S/A
BHIA3;1.908;70,00%;109.006.975;Balcão;23/07/2026;10:11:40;Novo (0);Regular (1);85;BTG PACTUAL CTVM S/A;85;BTG PACTUAL CTVM S/A
BHIA3;2.002;70,00%;109.006.968;Balcão;23/07/2026;10:11:40;Novo (0);Regular (1);85;BTG PACTUAL CTVM S/A;85;BTG PACTUAL CTVM S/A
BHIA3;1.811;70,00%;109.006.972;Balcão;23/07/2026;10:11:40;Novo (0);Regular (1);85;BTG PACTUAL CTVM S/A;85;BTG PACTUAL CTVM S/A
BHIA3;1.945;70,00%;109.006.971;Balcão;23/07/2026;10:11:40;Novo (0);Regular (1);85;BTG PACTUAL CTVM S/A;85;BTG PACTUAL CTVM S/A
PAGS34;1.100;0,11%;109.006.960;Balcão;23/07/2026;10:10:39;Novo (0);Regular (1);13;MERRILL LYNCH S/A CTVM;1099;INTER DISTRIBUIDORA DE TITULOS E VALORES MOBILIARIOS LTDA
BOVA11;30;1,50%;109.006.957;Balcão;23/07/2026;10:10:25;Novo (0);Regular (1);13;MERRILL LYNCH S/A CTVM;1099;INTER DISTRIBUIDORA DE TITULOS E VALORES MOBILIARIOS LTDA
BOVA11;497;1,50%;109.006.956;Balcão;23/07/2026;10:10:25;Novo (0);Regular (1);13;MERRILL LYNCH S/A CTVM;1099;INTER DISTRIBUIDORA DE TITULOS E VALORES MOBILIARIOS LTDA
BOVA11;1.320;1,50%;109.006.954;Balcão;23/07/2026;10:10:25;Novo (0);Regular (1);13;MERRILL LYNCH S/A CTVM;1099;INTER DISTRIBUIDORA DE TITULOS E VALORES MOBILIARIOS LTDA
BOVA11;415;1,50%;109.006.953;Balcão;23/07/2026;10:10:25;Novo (0);Regular (1);13;MERRILL LYNCH S/A CTVM;1099;INTER DISTRIBUIDORA DE TITULOS E VALORES MOBILIARIOS LTDA
BOVA11;520;1,50%;109.006.955;Balcão;23/07/2026;10:10:25;Novo (0);Regular (1);13;MERRILL LYNCH S/A CTVM;1099;INTER DISTRIBUIDORA DE TITULOS E VALORES MOBILIARIOS LTDA
BOVA11;189;1,50%;109.006.958;Balcão;23/07/2026;10:10:25;Novo (0);Regular (1);13;MERRILL LYNCH S/A CTVM;1099;INTER DISTRIBUIDORA DE TITULOS E VALORES MOBILIARIOS LTDA
BOVA11;387;1,50%;109.006.959;Balcão;23/07/2026;10:10:25;Novo (0);Regular (1);13;MERRILL LYNCH S/A CTVM;1099;INTER DISTRIBUIDORA DE TITULOS E VALORES MOBILIARIOS LTDA
BOVA11;2.600;1,50%;109.006.950;Balcão;23/07/2026;10:10:25;Novo (0);Regular (1);13;MERRILL LYNCH S/A CTVM;1099;INTER DISTRIBUIDORA DE TITULOS E VALORES MOBILIARIOS LTDA
BOVA11;1.030;1,50%;109.006.952;Balcão;23/07/2026;10:10:25;Novo (0);Regular (1);13;MERRILL LYNCH S/A CTVM;1099;INTER DISTRIBUIDORA DE TITULOS E VALORES MOBILIARIOS LTDA
BOVA11;710;1,50%;109.006.951;Balcão;23/07/2026;10:10:25;Novo (0);Regular (1);13;MERRILL LYNCH S/A CTVM;1099;INTER DISTRIBUIDORA DE TITULOS E VALORES MOBILIARIOS LTDA
BOVA11;111;1,50%;109.006.945;Balcão;23/07/2026;10:10:24;Novo (0);Regular (1);13;MERRILL LYNCH S/A CTVM;1099;INTER DISTRIBUIDORA DE TITULOS E VALORES MOBILIARIOS LTDA
BOVA11;5.410;1,50%;109.006.946;Balcão;23/07/2026;10:10:24;Novo (0);Regular (1);13;MERRILL LYNCH S/A CTVM;1099;INTER DISTRIBUIDORA DE TITULOS E VALORES MOBILIARIOS LTDA
BOVA11;195;1,50%;109.006.949;Balcão;23/07/2026;10:10:24;Novo (0);Regular (1);13;MERRILL LYNCH S/A CTVM;1099;INTER DISTRIBUIDORA DE TITULOS E VALORES MOBILIARIOS LTDA
BOVA11;13.000;1,50%;109.006.947;Balcão;23/07/2026;10:10:24;Novo (0);Regular (1);13;MERRILL LYNCH S/A CTVM;1099;INTER DISTRIBUIDORA DE TITULOS E VALORES MOBILIARIOS LTDA
BOVA11;540;1,50%;109.006.948;Balcão;23/07/2026;10:10:24;Novo (0);Regular (1);13;MERRILL LYNCH S/A CTVM;1099;INTER DISTRIBUIDORA DE TITULOS E VALORES MOBILIARIOS LTDA
KLBN11;45;0,66%;109.006.944;Balcão;23/07/2026;10:10:18;Novo (0);Regular (1);85;BTG PACTUAL CTVM S/A;8;UBS BRASIL CCTVM S/A
ITUB3;1.385;1,16%;109.006.943;Balcão;23/07/2026;10:10:14;Novo (0);Regular (1);85;BTG PACTUAL CTVM S/A;23;NECTON INVESTIMENTOS - BTG PACTUAL CTVM S.A
ITUB3;3.964;1,16%;109.006.942;Balcão;23/07/2026;10:10:13;Novo (0);Regular (1);85;BTG PACTUAL CTVM S/A;23;NECTON INVESTIMENTOS - BTG PACTUAL CTVM S.A
ITUB3;1.870;1,16%;109.006.939;Balcão;23/07/2026;10:10:13;Novo (0);Regular (1);85;BTG PACTUAL CTVM S/A;23;NECTON INVESTIMENTOS - BTG PACTUAL CTVM S.A
ITUB3;4.164;1,16%;109.006.940;Balcão;23/07/2026;10:10:13;Novo (0);Regular (1);85;BTG PACTUAL CTVM S/A;23;NECTON INVESTIMENTOS - BTG PACTUAL CTVM S.A
ITUB3;8.386;1,16%;109.006.941;Balcão;23/07/2026;10:10:13;Novo (0);Regular (1);85;BTG PACTUAL CTVM S/A;23;NECTON INVESTIMENTOS - BTG PACTUAL CTVM S.A
ITUB3;125;1,16%;109.006.938;Balcão;23/07/2026;10:10:12;Novo (0);Regular (1);85;BTG PACTUAL CTVM S/A;23;NECTON INVESTIMENTOS - BTG PACTUAL CTVM S.A
ITUB3;3.411;1,16%;109.006.937;Balcão;23/07/2026;10:10:12;Novo (0);Regular (1);85;BTG PACTUAL CTVM S/A;23;NECTON INVESTIMENTOS - BTG PACTUAL CTVM S.A
BOVA11;414;1,50%;109.003.769;Balcão;23/07/2026;10:08:42;Novo (0);Regular (1);85;BTG PACTUAL CTVM S/A;85;BTG PACTUAL CTVM S/A
BOVA11;2.500;1,50%;109.003.766;Balcão;23/07/2026;10:08:41;Novo (0);Regular (1);85;BTG PACTUAL CTVM S/A;85;BTG PACTUAL CTVM S/A
BOVA11;353;1,50%;109.003.768;Balcão;23/07/2026;10:08:41;Novo (0);Regular (1);85;BTG PACTUAL CTVM S/A;85;BTG PACTUAL CTVM S/A
BOVA11;1.182;1,50%;109.003.770;Balcão;23/07/2026;10:08:41;Novo (0);Regular (1);85;BTG PACTUAL CTVM S/A;85;BTG PACTUAL CTVM S/A
BOVA11;9.965;1,50%;109.003.767;Balcão;23/07/2026;10:08:39;Novo (0);Regular (1);85;BTG PACTUAL CTVM S/A;85;BTG PACTUAL CTVM S/A
CVCB3;500;3,97%;109.003.444;Balcão;23/07/2026;10:08:32;Novo (0);Regular (1);3;XP INVESTIMENTOS CCTVM S/A;3;XP INVESTIMENTOS CCTVM S/A
BHIA3;201;39,00%;109.002.119;Balcão;23/07/2026;10:08:01;Novo (0);Regular (1);3;XP INVESTIMENTOS CCTVM S/A;3;XP INVESTIMENTOS CCTVM S/A
MGLU3;8;14,36%;109.002.008;Balcão;23/07/2026;10:07:36;Novo (0);Regular (1);3;XP INVESTIMENTOS CCTVM S/A;3;XP INVESTIMENTOS CCTVM S/A
TUPY3;206;0,11%;109.006.932;Balcão;23/07/2026;10:06:41;Novo (0);Regular (1);85;BTG PACTUAL CTVM S/A;23;NECTON INVESTIMENTOS - BTG PACTUAL CTVM S.A
TUPY3;443;0,11%;109.006.933;Balcão;23/07/2026;10:06:41;Novo (0);Regular (1);85;BTG PACTUAL CTVM S/A;23;NECTON INVESTIMENTOS - BTG PACTUAL CTVM S.A
TUPY3;1.946;0,11%;109.006.929;Balcão;23/07/2026;10:06:41;Novo (0);Regular (1);85;BTG PACTUAL CTVM S/A;23;NECTON INVESTIMENTOS - BTG PACTUAL CTVM S.A
TUPY3;213;0,11%;109.006.927;Balcão;23/07/2026;10:06:40;Novo (0);Regular (1);85;BTG PACTUAL CTVM S/A;23;NECTON INVESTIMENTOS - BTG PACTUAL CTVM S.A
TUPY3;26;0,11%;109.006.928;Balcão;23/07/2026;10:06:40;Novo (0);Regular (1);85;BTG PACTUAL CTVM S/A;23;NECTON INVESTIMENTOS - BTG PACTUAL CTVM S.A
TUPY3;92;0,11%;109.006.931;Balcão;23/07/2026;10:06:40;Novo (0);Regular (1);85;BTG PACTUAL CTVM S/A;23;NECTON INVESTIMENTOS - BTG PACTUAL CTVM S.A
TUPY3;28;0,11%;109.006.930;Balcão;23/07/2026;10:06:40;Novo (0);Regular (1);85;BTG PACTUAL CTVM S/A;23;NECTON INVESTIMENTOS - BTG PACTUAL CTVM S.A
GMAT3;10.857;2,34%;109.006.926;Balcão;23/07/2026;10:05:46;Novo (0);Regular (1);114;ITAU CV S/A;147;ATIVA INVESTIMENTOS S/A CTCV
ENGI11;2.400;0,12%;109.006.784;Balcão;23/07/2026;10:05:45;Novo (0);Regular (1);114;ITAU CV S/A;59;SAFRA CORRETORA DE VALORES E CAMBIO LTDA
RAIL3;520;0,23%;109.006.925;Balcão;23/07/2026;10:05:07;Novo (0);Regular (1);85;BTG PACTUAL CTVM S/A;23;NECTON INVESTIMENTOS - BTG PACTUAL CTVM S.A
RAIL3;766;0,23%;109.006.922;Balcão;23/07/2026;10:05:07;Novo (0);Regular (1);85;BTG PACTUAL CTVM S/A;23;NECTON INVESTIMENTOS - BTG PACTUAL CTVM S.A
RAIL3;4.009;0,23%;109.006.924;Balcão;23/07/2026;10:05:06;Novo (0);Regular (1);85;BTG PACTUAL CTVM S/A;23;NECTON INVESTIMENTOS - BTG PACTUAL CTVM S.A
RAIL3;3.140;0,23%;109.006.918;Balcão;23/07/2026;10:05:06;Novo (0);Regular (1);85;BTG PACTUAL CTVM S/A;23;NECTON INVESTIMENTOS - BTG PACTUAL CTVM S.A
RAIL3;243;0,23%;109.006.917;Balcão;23/07/2026;10:05:06;Novo (0);Regular (1);85;BTG PACTUAL CTVM S/A;23;NECTON INVESTIMENTOS - BTG PACTUAL CTVM S.A
RAIL3;850;0,23%;109.006.923;Balcão;23/07/2026;10:05:06;Novo (0);Regular (1);85;BTG PACTUAL CTVM S/A;23;NECTON INVESTIMENTOS - BTG PACTUAL CTVM S.A
RAIL3;3.791;0,23%;109.006.919;Balcão;23/07/2026;10:05:06;Novo (0);Regular (1);85;BTG PACTUAL CTVM S/A;23;NECTON INVESTIMENTOS - BTG PACTUAL CTVM S.A
RAIL3;2.581;0,23%;109.006.920;Balcão;23/07/2026;10:05:06;Novo (0);Regular (1);85;BTG PACTUAL CTVM S/A;23;NECTON INVESTIMENTOS - BTG PACTUAL CTVM S.A
RAIL3;2.754;0,23%;109.006.921;Balcão;23/07/2026;10:05:06;Novo (0);Regular (1);85;BTG PACTUAL CTVM S/A;23;NECTON INVESTIMENTOS - BTG PACTUAL CTVM S.A
RAIL3;1.346;0,23%;109.006.916;Balcão;23/07/2026;10:05:06;Novo (0);Regular (1);85;BTG PACTUAL CTVM S/A;23;NECTON INVESTIMENTOS - BTG PACTUAL CTVM S.A
RAIL3;6.496;0,23%;109.006.914;Balcão;23/07/2026;10:05:03;Novo (0);Regular (1);85;BTG PACTUAL CTVM S/A;23;NECTON INVESTIMENTOS - BTG PACTUAL CTVM S.A
RAIL3;621;0,23%;109.006.915;Balcão;23/07/2026;10:05:03;Novo (0);Regular (1);85;BTG PACTUAL CTVM S/A;23;NECTON INVESTIMENTOS - BTG PACTUAL CTVM S.A
PLPL3;753;1,77%;109.006.913;Balcão;23/07/2026;10:04:41;Novo (0);Regular (1);85;BTG PACTUAL CTVM S/A;23;NECTON INVESTIMENTOS - BTG PACTUAL CTVM S.A
PLPL3;128;1,77%;109.006.910;Balcão;23/07/2026;10:04:40;Novo (0);Regular (1);85;BTG PACTUAL CTVM S/A;23;NECTON INVESTIMENTOS - BTG PACTUAL CTVM S.A
PLPL3;88;1,77%;109.006.911;Balcão;23/07/2026;10:04:40;Novo (0);Regular (1);85;BTG PACTUAL CTVM S/A;23;NECTON INVESTIMENTOS - BTG PACTUAL CTVM S.A
PLPL3;1.116;1,77%;109.006.912;Balcão;23/07/2026;10:04:40;Novo (0);Regular (1);85;BTG PACTUAL CTVM S/A;23;NECTON INVESTIMENTOS - BTG PACTUAL CTVM S.A
PLPL3;3.000;1,77%;109.006.909;Balcão;23/07/2026;10:04:37;Novo (0);Regular (1);85;BTG PACTUAL CTVM S/A;23;NECTON INVESTIMENTOS - BTG PACTUAL CTVM S.A
PLPL3;3.000;1,77%;109.006.908;Balcão;23/07/2026;10:04:36;Novo (0);Regular (1);85;BTG PACTUAL CTVM S/A;23;NECTON INVESTIMENTOS - BTG PACTUAL CTVM S.A
PLPL3;2.100;1,77%;109.006.907;Balcão;23/07/2026;10:04:34;Novo (0);Regular (1);85;BTG PACTUAL CTVM S/A;23;NECTON INVESTIMENTOS - BTG PACTUAL CTVM S.A
PLPL3;3.000;1,77%;109.006.904;Balcão;23/07/2026;10:04:34;Novo (0);Regular (1);85;BTG PACTUAL CTVM S/A;23;NECTON INVESTIMENTOS - BTG PACTUAL CTVM S.A
PLPL3;2.100;1,77%;109.006.906;Balcão;23/07/2026;10:04:34;Novo (0);Regular (1);85;BTG PACTUAL CTVM S/A;23;NECTON INVESTIMENTOS - BTG PACTUAL CTVM S.A
PLPL3;2.200;1,77%;109.006.905;Balcão;23/07/2026;10:04:34;Novo (0);Regular (1);85;BTG PACTUAL CTVM S/A;23;NECTON INVESTIMENTOS - BTG PACTUAL CTVM S.A
AXIA3;10;0,02%;109.006.902;Balcão;23/07/2026;10:04:06;Novo (0);Regular (1);85;BTG PACTUAL CTVM S/A;85;BTG PACTUAL CTVM S/A
BHIA3;3.000;39,00%;109.006.901;Balcão;23/07/2026;10:03:54;Novo (0);Regular (1);114;ITAU CV S/A;1618;IDEAL CTVM S.A.
JBSS32;475;0,16%;109.006.900;Balcão;23/07/2026;10:03:24;Novo (0);Regular (1);3;XP INVESTIMENTOS CCTVM S/A;3;XP INVESTIMENTOS CCTVM S/A
JBSS32;5;0,16%;109.006.899;Balcão;23/07/2026;10:03:24;Novo (0);Regular (1);3;XP INVESTIMENTOS CCTVM S/A;3;XP INVESTIMENTOS CCTVM S/A
POMO3;1;0,23%;109.006.898;Balcão;23/07/2026;10:02:50;Novo (0);Regular (1);85;BTG PACTUAL CTVM S/A;23;NECTON INVESTIMENTOS - BTG PACTUAL CTVM S.A
POMO3;1;0,23%;109.006.897;Balcão;23/07/2026;10:02:50;Novo (0);Regular (1);85;BTG PACTUAL CTVM S/A;23;NECTON INVESTIMENTOS - BTG PACTUAL CTVM S.A
MULT3;205;0,27%;109.006.896;Balcão;23/07/2026;10:02:35;Novo (0);Regular (1);85;BTG PACTUAL CTVM S/A;23;NECTON INVESTIMENTOS - BTG PACTUAL CTVM S.A
JHSF3;500;2,44%;109.003.789;Balcão;23/07/2026;10:02:30;Novo (0);Regular (1);39;AGORA CTVM S/A;39;AGORA CTVM S/A
ITUB4;1.133;0,03%;109.003.865;Balcão;23/07/2026;10:02:30;Novo (0);Regular (1);39;AGORA CTVM S/A;39;AGORA CTVM S/A
ITUB4;1.186;0,03%;109.003.880;Balcão;23/07/2026;10:02:30;Novo (0);Regular (1);39;AGORA CTVM S/A;39;AGORA CTVM S/A
USIM5;52;0,04%;109.003.821;Balcão;23/07/2026;10:02:30;Novo (0);Regular (1);39;AGORA CTVM S/A;39;AGORA CTVM S/A
ITUB4;637;0,03%;109.003.819;Balcão;23/07/2026;10:02:29;Novo (0);Regular (1);39;AGORA CTVM S/A;39;AGORA CTVM S/A
ITUB4;723;0,03%;109.003.987;Balcão;23/07/2026;10:02:29;Novo (0);Regular (1);39;AGORA CTVM S/A;39;AGORA CTVM S/A
USIM5;18.131;0,04%;109.003.792;Balcão;23/07/2026;10:02:29;Novo (0);Regular (1);39;AGORA CTVM S/A;39;AGORA CTVM S/A
SLCE3;100;0,12%;109.003.790;Balcão;23/07/2026;10:02:29;Novo (0);Regular (1);39;AGORA CTVM S/A;39;AGORA CTVM S/A
RENT3;146;0,30%;109.004.042;Balcão;23/07/2026;10:02:29;Novo (0);Regular (1);39;AGORA CTVM S/A;39;AGORA CTVM S/A
ITUB4;617;0,03%;109.003.788;Balcão;23/07/2026;10:02:29;Novo (0);Regular (1);39;AGORA CTVM S/A;39;AGORA CTVM S/A
ITUB4;1.336;0,03%;109.003.996;Balcão;23/07/2026;10:02:29;Novo (0);Regular (1);39;AGORA CTVM S/A;39;AGORA CTVM S/A
ITUB4;896;0,03%;109.004.155;Balcão;23/07/2026;10:02:29;Novo (0);Regular (1);39;AGORA CTVM S/A;39;AGORA CTVM S/A
JHSF3;900;2,44%;109.003.905;Balcão;23/07/2026;10:02:29;Novo (0);Regular (1);39;AGORA CTVM S/A;39;AGORA CTVM S/A
ITUB4;1.699;0,03%;109.004.013;Balcão;23/07/2026;10:02:29;Novo (0);Regular (1);39;AGORA CTVM S/A;39;AGORA CTVM S/A
JHSF3;500;2,44%;109.003.787;Balcão;23/07/2026;10:02:28;Novo (0);Regular (1);39;AGORA CTVM S/A;39;AGORA CTVM S/A
USIM5;400;0,04%;109.004.038;Balcão;23/07/2026;10:02:28;Novo (0);Regular (1);39;AGORA CTVM S/A;39;AGORA CTVM S/A
JHSF3;400;2,44%;109.003.786;Balcão;23/07/2026;10:02:28;Novo (0);Regular (1);39;AGORA CTVM S/A;39;AGORA CTVM S/A
USIM5;200;0,04%;109.004.036;Balcão;23/07/2026;10:02:28;Novo (0);Regular (1);39;AGORA CTVM S/A;39;AGORA CTVM S/A
ITUB4;679;0,03%;109.003.785;Balcão;23/07/2026;10:02:28;Novo (0);Regular (1);39;AGORA CTVM S/A;39;AGORA CTVM S/A
ITUB4;1.040;0,03%;109.004.167;Balcão;23/07/2026;10:02:28;Novo (0);Regular (1);39;AGORA CTVM S/A;39;AGORA CTVM S/A
USIM5;200;0,04%;109.003.845;Balcão;23/07/2026;10:02:28;Novo (0);Regular (1);39;AGORA CTVM S/A;39;AGORA CTVM S/A
ITUB4;2.218;0,03%;109.004.040;Balcão;23/07/2026;10:02:28;Novo (0);Regular (1);39;AGORA CTVM S/A;39;AGORA CTVM S/A
JHSF3;400;2,44%;109.003.781;Balcão;23/07/2026;10:02:28;Novo (0);Regular (1);39;AGORA CTVM S/A;39;AGORA CTVM S/A
ITUB4;1.641;0,03%;109.003.935;Balcão;23/07/2026;10:02:28;Novo (0);Regular (1);39;AGORA CTVM S/A;39;AGORA CTVM S/A
ITUB4;1.500;0,03%;109.004.064;Balcão;23/07/2026;10:02:27;Novo (0);Regular (1);39;AGORA CTVM S/A;39;AGORA CTVM S/A
JHSF3;1.000;2,44%;109.003.953;Balcão;23/07/2026;10:02:27;Novo (0);Regular (1);39;AGORA CTVM S/A;39;AGORA CTVM S/A
ITUB4;1.241;0,03%;109.003.932;Balcão;23/07/2026;10:02:27;Novo (0);Regular (1);39;AGORA CTVM S/A;39;AGORA CTVM S/A
RENT3;102;0,30%;109.003.840;Balcão;23/07/2026;10:02:27;Novo (0);Regular (1);39;AGORA CTVM S/A;39;AGORA CTVM S/A
JHSF3;218;2,44%;109.004.065;Balcão;23/07/2026;10:02:27;Novo (0);Regular (1);39;AGORA CTVM S/A;39;AGORA CTVM S/A
ITUB4;679;0,03%;109.003.881;Balcão;23/07/2026;10:02:27;Novo (0);Regular (1);39;AGORA CTVM S/A;39;AGORA CTVM S/A
ITUB4;1.077;0,03%;109.003.818;Balcão;23/07/2026;10:02:27;Novo (0);Regular (1);39;AGORA CTVM S/A;39;AGORA CTVM S/A
USIM5;100;0,04%;109.003.997;Balcão;23/07/2026;10:02:27;Novo (0);Regular (1);39;AGORA CTVM S/A;39;AGORA CTVM S/A
USIM5;200;0,04%;109.004.067;Balcão;23/07/2026;10:02:27;Novo (0);Regular (1);39;AGORA CTVM S/A;39;AGORA CTVM S/A
ITUB4;1.112;0,03%;109.003.793;Balcão;23/07/2026;10:02:27;Novo (0);Regular (1);39;AGORA CTVM S/A;39;AGORA CTVM S/A
USIM5;300;0,04%;109.004.096;Balcão;23/07/2026;10:02:26;Novo (0);Regular (1);39;AGORA CTVM S/A;39;AGORA CTVM S/A
JHSF3;1.100;2,44%;109.004.152;Balcão;23/07/2026;10:02:26;Novo (0);Regular (1);39;AGORA CTVM S/A;39;AGORA CTVM S/A
ITUB4;612;0,03%;109.003.930;Balcão;23/07/2026;10:02:26;Novo (0);Regular (1);39;AGORA CTVM S/A;39;AGORA CTVM S/A
RENT3;100;0,30%;109.004.007;Balcão;23/07/2026;10:02:26;Novo (0);Regular (1);39;AGORA CTVM S/A;39;AGORA CTVM S/A
ITUB4;1.694;0,03%;109.004.069;Balcão;23/07/2026;10:02:26;Novo (0);Regular (1);39;AGORA CTVM S/A;39;AGORA CTVM S/A
USIM5;9;0,04%;109.003.779;Balcão;23/07/2026;10:02:26;Novo (0);Regular (1);39;AGORA CTVM S/A;39;AGORA CTVM S/A
ITUB4;1.133;0,03%;109.003.783;Balcão;23/07/2026;10:02:26;Novo (0);Regular (1);39;AGORA CTVM S/A;39;AGORA CTVM S/A
RENT3;149;0,30%;109.004.153;Balcão;23/07/2026;10:02:26;Novo (0);Regular (1);39;AGORA CTVM S/A;39;AGORA CTVM S/A
ITUB4;2.262;0,03%;109.004.070;Balcão;23/07/2026;10:02:26;Novo (0);Regular (1);39;AGORA CTVM S/A;39;AGORA CTVM S/A
USIM5;100;0,04%;109.003.883;Balcão;23/07/2026;10:02:26;Novo (0);Regular (1);39;AGORA CTVM S/A;39;AGORA CTVM S/A
JHSF3;1.000;2,44%;109.003.944;Balcão;23/07/2026;10:02:25;Novo (0);Regular (1);39;AGORA CTVM S/A;39;AGORA CTVM S/A
JHSF3;800;2,44%;109.003.909;Balcão;23/07/2026;10:02:25;Novo (0);Regular (1);39;AGORA CTVM S/A;39;AGORA CTVM S/A
USIM5;100;0,04%;109.003.907;Balcão;23/07/2026;10:02:25;Novo (0);Regular (1);39;AGORA CTVM S/A;39;AGORA CTVM S/A
ITUB4;1.076;0,03%;109.003.795;Balcão;23/07/2026;10:02:25;Novo (0);Regular (1);39;AGORA CTVM S/A;39;AGORA CTVM S/A
ITUB4;1.000;0,03%;109.004.173;Balcão;23/07/2026;10:02:25;Novo (0);Regular (1);39;AGORA CTVM S/A;39;AGORA CTVM S/A
USIM5;260;0,04%;109.004.107;Balcão;23/07/2026;10:02:25;Novo (0);Regular (1);39;AGORA CTVM S/A;39;AGORA CTVM S/A
USIM5;200;0,04%;109.003.815;Balcão;23/07/2026;10:02:25;Novo (0);Regular (1);39;AGORA CTVM S/A;39;AGORA CTVM S/A
ITUB4;743;0,03%;109.003.998;Balcão;23/07/2026;10:02:25;Novo (0);Regular (1);39;AGORA CTVM S/A;39;AGORA CTVM S/A
USIM5;4.000;0,04%;109.003.816;Balcão;23/07/2026;10:02:25;Novo (0);Regular (1);39;AGORA CTVM S/A;39;AGORA CTVM S/A
ITUB4;566;0,03%;109.003.937;Balcão;23/07/2026;10:02:25;Novo (0);Regular (1);39;AGORA CTVM S/A;39;AGORA CTVM S/A
JHSF3;1.000;2,44%;109.004.008;Balcão;23/07/2026;10:02:24;Novo (0);Regular (1);39;AGORA CTVM S/A;39;AGORA CTVM S/A
JHSF3;500;2,44%;109.003.817;Balcão;23/07/2026;10:02:24;Novo (0);Regular (1);39;AGORA CTVM S/A;39;AGORA CTVM S/A
ITUB4;1.024;0,03%;109.004.101;Balcão;23/07/2026;10:02:24;Novo (0);Regular (1);39;AGORA CTVM S/A;39;AGORA CTVM S/A
ITUB4;1.203;0,03%;109.003.904;Balcão;23/07/2026;10:02:24;Novo (0);Regular (1);39;AGORA CTVM S/A;39;AGORA CTVM S/A
ITUB4;1.098;0,03%;109.003.782;Balcão;23/07/2026;10:02:24;Novo (0);Regular (1);39;AGORA CTVM S/A;39;AGORA CTVM S/A
ITUB4;1.754;0,03%;109.004.073;Balcão;23/07/2026;10:02:24;Novo (0);Regular (1);39;AGORA CTVM S/A;39;AGORA CTVM S/A
JHSF3;400;2,44%;109.003.824;Balcão;23/07/2026;10:02:24;Novo (0);Regular (1);39;AGORA CTVM S/A;39;AGORA CTVM S/A
JHSF3;935;2,44%;109.003.999;Balcão;23/07/2026;10:02:24;Novo (0);Regular (1);39;AGORA CTVM S/A;39;AGORA CTVM S/A
ITUB4;1.000;0,03%;109.003.947;Balcão;23/07/2026;10:02:24;Novo (0);Regular (1);39;AGORA CTVM S/A;39;AGORA CTVM S/A
USIM5;100;0,04%;109.003.882;Balcão;23/07/2026;10:02:24;Novo (0);Regular (1);39;AGORA CTVM S/A;39;AGORA CTVM S/A
ITUB4;953;0,03%;109.004.094;Balcão;23/07/2026;10:02:23;Novo (0);Regular (1);39;AGORA CTVM S/A;39;AGORA CTVM S/A
USIM5;239;0,04%;109.004.156;Balcão;23/07/2026;10:02:23;Novo (0);Regular (1);39;AGORA CTVM S/A;39;AGORA CTVM S/A
ITUB4;1.472;0,03%;109.004.039;Balcão;23/07/2026;10:02:23;Novo (0);Regular (1);39;AGORA CTVM S/A;39;AGORA CTVM S/A
USIM5;200;0,04%;109.004.072;Balcão;23/07/2026;10:02:23;Novo (0);Regular (1);39;AGORA CTVM S/A;39;AGORA CTVM S/A
ITUB4;807;0,03%;109.004.026;Balcão;23/07/2026;10:02:23;Novo (0);Regular (1);39;AGORA CTVM S/A;39;AGORA CTVM S/A
JHSF3;1.000;2,44%;109.004.016;Balcão;23/07/2026;10:02:23;Novo (0);Regular (1);39;AGORA CTVM S/A;39;AGORA CTVM S/A
RENT3;300;0,30%;109.003.879;Balcão;23/07/2026;10:02:23;Novo (0);Regular (1);39;AGORA CTVM S/A;39;AGORA CTVM S/A
ITUB4;679;0,03%;109.003.864;Balcão;23/07/2026;10:02:23;Novo (0);Regular (1);39;AGORA CTVM S/A;39;AGORA CTVM S/A
JHSF3;1.040;2,44%;109.004.023;Balcão;23/07/2026;10:02:23;Novo (0);Regular (1);39;AGORA CTVM S/A;39;AGORA CTVM S/A
ITUB4;2.000;0,03%;109.003.942;Balcão;23/07/2026;10:02:23;Novo (0);Regular (1);39;AGORA CTVM S/A;39;AGORA CTVM S/A
RENT3;100;0,30%;109.003.927;Balcão;23/07/2026;10:02:22;Novo (0);Regular (1);39;AGORA CTVM S/A;39;AGORA CTVM S/A
JHSF3;1.500;2,44%;109.003.946;Balcão;23/07/2026;10:02:22;Novo (0);Regular (1);39;AGORA CTVM S/A;39;AGORA CTVM S/A
ITUB4;1.135;0,03%;109.003.869;Balcão;23/07/2026;10:02:22;Novo (0);Regular (1);39;AGORA CTVM S/A;39;AGORA CTVM S/A
RENT3;513;0,30%;109.004.111;Balcão;23/07/2026;10:02:22;Novo (0);Regular (1);39;AGORA CTVM S/A;39;AGORA CTVM S/A
ITUB4;10.580;0,03%;109.004.204;Balcão;23/07/2026;10:02:22;Novo (0);Regular (1);39;AGORA CTVM S/A;39;AGORA CTVM S/A
ITUB4;1.429;0,03%;109.004.044;Balcão;23/07/2026;10:02:22;Novo (0);Regular (1);39;AGORA CTVM S/A;39;AGORA CTVM S/A
ITUB4;1.203;0,03%;109.003.823;Balcão;23/07/2026;10:02:22;Novo (0);Regular (1);39;AGORA CTVM S/A;39;AGORA CTVM S/A
USIM5;400;0,04%;109.004.003;Balcão;23/07/2026;10:02:22;Novo (0);Regular (1);39;AGORA CTVM S/A;39;AGORA CTVM S/A
USIM5;300;0,04%;109.004.166;Balcão;23/07/2026;10:02:22;Novo (0);Regular (1);39;AGORA CTVM S/A;39;AGORA CTVM S/A
ITUB4;566;0,03%;109.004.017;Balcão;23/07/2026;10:02:22;Novo (0);Regular (1);39;AGORA CTVM S/A;39;AGORA CTVM S/A
JHSF3;800;2,44%;109.003.847;Balcão;23/07/2026;10:02:22;Novo (0);Regular (1);39;AGORA CTVM S/A;39;AGORA CTVM S/A
USIM5;100;0,04%;109.003.884;Balcão;23/07/2026;10:02:21;Novo (0);Regular (1);39;AGORA CTVM S/A;39;AGORA CTVM S/A
RENT3;166;0,30%;109.004.081;Balcão;23/07/2026;10:02:21;Novo (0);Regular (1);39;AGORA CTVM S/A;39;AGORA CTVM S/A
USIM5;1.000;0,04%;109.004.004;Balcão;23/07/2026;10:02:21;Novo (0);Regular (1);39;AGORA CTVM S/A;39;AGORA CTVM S/A
RENT3;100;0,30%;109.004.037;Balcão;23/07/2026;10:02:21;Novo (0);Regular (1);39;AGORA CTVM S/A;39;AGORA CTVM S/A
ITUB4;1.200;0,03%;109.003.873;Balcão;23/07/2026;10:02:21;Novo (0);Regular (1);39;AGORA CTVM S/A;39;AGORA CTVM S/A
ITUB4;618;0,03%;109.003.846;Balcão;23/07/2026;10:02:21;Novo (0);Regular (1);39;AGORA CTVM S/A;39;AGORA CTVM S/A
ITUB4;1.069;0,03%;109.003.848;Balcão;23/07/2026;10:02:21;Novo (0);Regular (1);39;AGORA CTVM S/A;39;AGORA CTVM S/A
ITUB4;1.133;0,03%;109.003.797;Balcão;23/07/2026;10:02:21;Novo (0);Regular (1);39;AGORA CTVM S/A;39;AGORA CTVM S/A
RENT3;43;0,30%;109.003.915;Balcão;23/07/2026;10:02:21;Novo (0);Regular (1);39;AGORA CTVM S/A;39;AGORA CTVM S/A
RENT3;554;0,30%;109.004.157;Balcão;23/07/2026;10:02:21;Novo (0);Regular (1);39;AGORA CTVM S/A;39;AGORA CTVM S/A
RENT3;406;0,30%;109.004.109;Balcão;23/07/2026;10:02:21;Novo (0);Regular (1);39;AGORA CTVM S/A;39;AGORA CTVM S/A
ITUB4;4.253;0,03%;109.004.210;Balcão;23/07/2026;10:02:21;Novo (0);Regular (1);39;AGORA CTVM S/A;39;AGORA CTVM S/A
ITUB4;785;0,03%;109.004.051;Balcão;23/07/2026;10:02:21;Novo (0);Regular (1);39;AGORA CTVM S/A;39;AGORA CTVM S/A
JHSF3;8.000;2,44%;109.004.112;Balcão;23/07/2026;10:02:21;Novo (0);Regular (1);39;AGORA CTVM S/A;39;AGORA CTVM S/A
USIM5;90;0,04%;109.003.830;Balcão;23/07/2026;10:02:21;Novo (0);Regular (1);39;AGORA CTVM S/A;39;AGORA CTVM S/A
USIM5;2.000;0,04%;109.003.794;Balcão;23/07/2026;10:02:21;Novo (0);Regular (1);39;AGORA CTVM S/A;39;AGORA CTVM S/A
USIM5;5.886;0,04%;109.003.798;Balcão;23/07/2026;10:02:21;Novo (0);Regular (1);39;AGORA CTVM S/A;39;AGORA CTVM S/A
ITUB4;679;0,03%;109.003.800;Balcão;23/07/2026;10:02:21;Novo (0);Regular (1);39;AGORA CTVM S/A;39;AGORA CTVM S/A
USIM5;54;0,04%;109.003.849;Balcão;23/07/2026;10:02:20;Novo (0);Regular (1);39;AGORA CTVM S/A;39;AGORA CTVM S/A
USIM5;100;0,04%;109.003.888;Balcão;23/07/2026;10:02:20;Novo (0);Regular (1);39;AGORA CTVM S/A;39;AGORA CTVM S/A
USIM5;400;0,04%;109.004.161;Balcão;23/07/2026;10:02:20;Novo (0);Regular (1);39;AGORA CTVM S/A;39;AGORA CTVM S/A
ITUB4;1.054;0,03%;109.004.158;Balcão;23/07/2026;10:02:20;Novo (0);Regular (1);39;AGORA CTVM S/A;39;AGORA CTVM S/A
PRIO3;1.600;0,02%;109.003.914;Balcão;23/07/2026;10:02:20;Novo (0);Regular (1);39;AGORA CTVM S/A;39;AGORA CTVM S/A
ITUB4;4.426;0,03%;109.004.218;Balcão;23/07/2026;10:02:20;Novo (0);Regular (1);39;AGORA CTVM S/A;39;AGORA CTVM S/A
ITUB4;905;0,03%;109.004.091;Balcão;23/07/2026;10:02:20;Novo (0);Regular (1);39;AGORA CTVM S/A;39;AGORA CTVM S/A
JHSF3;1.247;2,44%;109.004.066;Balcão;23/07/2026;10:02:20;Novo (0);Regular (1);39;AGORA CTVM S/A;39;AGORA CTVM S/A
ITUB4;10.852;0,03%;109.004.203;Balcão;23/07/2026;10:02:20;Novo (0);Regular (1);39;AGORA CTVM S/A;39;AGORA CTVM S/A
BBAS3;1.000;0,02%;109.004.206;Balcão;23/07/2026;10:02:20;Novo (0);Regular (1);39;AGORA CTVM S/A;39;AGORA CTVM S/A
RENT3;100;0,30%;109.003.964;Balcão;23/07/2026;10:02:20;Novo (0);Regular (1);39;AGORA CTVM S/A;39;AGORA CTVM S/A
ITUB4;1.056;0,03%;109.004.005;Balcão;23/07/2026;10:02:18;Novo (0);Regular (1);39;AGORA CTVM S/A;39;AGORA CTVM S/A
ITUB4;725;0,03%;109.003.929;Balcão;23/07/2026;10:02:18;Novo (0);Regular (1);39;AGORA CTVM S/A;39;AGORA CTVM S/A
ITUB4;1.000;0,03%;109.004.177;Balcão;23/07/2026;10:02:18;Novo (0);Regular (1);39;AGORA CTVM S/A;39;AGORA CTVM S/A
JHSF3;1.439;2,44%;109.004.150;Balcão;23/07/2026;10:02:18;Novo (0);Regular (1);39;AGORA CTVM S/A;39;AGORA CTVM S/A
JHSF3;370;2,44%;109.003.801;Balcão;23/07/2026;10:02:18;Novo (0);Regular (1);39;AGORA CTVM S/A;39;AGORA CTVM S/A
USIM5;100;0,04%;109.004.113;Balcão;23/07/2026;10:02:18;Novo (0);Regular (1);39;AGORA CTVM S/A;39;AGORA CTVM S/A
RENT3;1.400;0,30%;109.003.962;Balcão;23/07/2026;10:02:18;Novo (0);Regular (1);39;AGORA CTVM S/A;39;AGORA CTVM S/A
USIM5;1.500;0,04%;109.004.121;Balcão;23/07/2026;10:02:18;Novo (0);Regular (1);39;AGORA CTVM S/A;39;AGORA CTVM S/A
ITUB4;792;0,03%;109.004.059;Balcão;23/07/2026;10:02:18;Novo (0);Regular (1);39;AGORA CTVM S/A;39;AGORA CTVM S/A
ITUB4;2.356;0,03%;109.004.211;Balcão;23/07/2026;10:02:18;Novo (0);Regular (1);39;AGORA CTVM S/A;39;AGORA CTVM S/A
GGBR4;12.708;0,02%;109.004.217;Balcão;23/07/2026;10:02:17;Novo (0);Regular (1);39;AGORA CTVM S/A;39;AGORA CTVM S/A
USIM5;300;0,04%;109.004.087;Balcão;23/07/2026;10:02:17;Novo (0);Regular (1);39;AGORA CTVM S/A;39;AGORA CTVM S/A
JHSF3;880;2,44%;109.003.887;Balcão;23/07/2026;10:02:17;Novo (0);Regular (1);39;AGORA CTVM S/A;39;AGORA CTVM S/A
USIM5;100;0,04%;109.003.924;Balcão;23/07/2026;10:02:17;Novo (0);Regular (1);39;AGORA CTVM S/A;39;AGORA CTVM S/A
USIM5;200;0,04%;109.003.928;Balcão;23/07/2026;10:02:17;Novo (0);Regular (1);39;AGORA CTVM S/A;39;AGORA CTVM S/A
RENT3;408;0,30%;109.004.009;Balcão;23/07/2026;10:02:17;Novo (0);Regular (1);39;AGORA CTVM S/A;39;AGORA CTVM S/A
ITUB4;1.061;0,03%;109.004.015;Balcão;23/07/2026;10:02:17;Novo (0);Regular (1);39;AGORA CTVM S/A;39;AGORA CTVM S/A
ITUB4;2.379;0,03%;109.004.212;Balcão;23/07/2026;10:02:17;Novo (0);Regular (1);39;AGORA CTVM S/A;39;AGORA CTVM S/A
ITUB4;1.385;0,03%;109.004.127;Balcão;23/07/2026;10:02:17;Novo (0);Regular (1);39;AGORA CTVM S/A;39;AGORA CTVM S/A
JHSF3;500;2,44%;109.003.867;Balcão;23/07/2026;10:02:17;Novo (0);Regular (1);39;AGORA CTVM S/A;39;AGORA CTVM S/A
ITUB4;1.699;0,03%;109.004.099;Balcão;23/07/2026;10:02:16;Novo (0);Regular (1);39;AGORA CTVM S/A;39;AGORA CTVM S/A
JHSF3;1.000;2,44%;109.004.006;Balcão;23/07/2026;10:02:16;Novo (0);Regular (1);39;AGORA CTVM S/A;39;AGORA CTVM S/A
ITUB4;1.889;0,03%;109.003.970;Balcão;23/07/2026;10:02:16;Novo (0);Regular (1);39;AGORA CTVM S/A;39;AGORA CTVM S/A
ITUB4;821;0,03%;109.004.011;Balcão;23/07/2026;10:02:16;Novo (0);Regular (1);39;AGORA CTVM S/A;39;AGORA CTVM S/A
ITUB4;1.140;0,03%;109.003.891;Balcão;23/07/2026;10:02:16;Novo (0);Regular (1);39;AGORA CTVM S/A;39;AGORA CTVM S/A
USIM5;200;0,04%;109.004.043;Balcão;23/07/2026;10:02:16;Novo (0);Regular (1);39;AGORA CTVM S/A;39;AGORA CTVM S/A
ITUB4;1.205;0,03%;109.003.829;Balcão;23/07/2026;10:02:16;Novo (0);Regular (1);39;AGORA CTVM S/A;39;AGORA CTVM S/A
ITUB4;4.758;0,03%;109.004.215;Balcão;23/07/2026;10:02:16;Novo (0);Regular (1);39;AGORA CTVM S/A;39;AGORA CTVM S/A
ITUB4;679;0,03%;109.003.886;Balcão;23/07/2026;10:02:16;Novo (0);Regular (1);39;AGORA CTVM S/A;39;AGORA CTVM S/A
USIM5;344;0,04%;109.004.045;Balcão;23/07/2026;10:02:16;Novo (0);Regular (1);39;AGORA CTVM S/A;39;AGORA CTVM S/A
JHSF3;536;2,44%;109.004.098;Balcão;23/07/2026;10:02:15;Novo (0);Regular (1);39;AGORA CTVM S/A;39;AGORA CTVM S/A
USIM5;100;0,04%;109.003.874;Balcão;23/07/2026;10:02:15;Novo (0);Regular (1);39;AGORA CTVM S/A;39;AGORA CTVM S/A
JHSF3;927;2,44%;109.004.149;Balcão;23/07/2026;10:02:15;Novo (0);Regular (1);39;AGORA CTVM S/A;39;AGORA CTVM S/A
JHSF3;340;2,44%;109.003.931;Balcão;23/07/2026;10:02:15;Novo (0);Regular (1);39;AGORA CTVM S/A;39;AGORA CTVM S/A
BBAS3;1.025;0,02%;109.004.216;Balcão;23/07/2026;10:02:15;Novo (0);Regular (1);39;AGORA CTVM S/A;39;AGORA CTVM S/A
ITUB4;679;0,03%;109.003.853;Balcão;23/07/2026;10:02:15;Novo (0);Regular (1);39;AGORA CTVM S/A;39;AGORA CTVM S/A
ITUB4;1.000;0,03%;109.003.968;Balcão;23/07/2026;10:02:15;Novo (0);Regular (1);39;AGORA CTVM S/A;39;AGORA CTVM S/A
ITUB4;679;0,03%;109.003.780;Balcão;23/07/2026;10:02:15;Novo (0);Regular (1);39;AGORA CTVM S/A;39;AGORA CTVM S/A
ITUB4;1.014;0,03%;109.004.123;Balcão;23/07/2026;10:02:15;Novo (0);Regular (1);39;AGORA CTVM S/A;39;AGORA CTVM S/A
ITUB4;751;0,03%;109.004.027;Balcão;23/07/2026;10:02:15;Novo (0);Regular (1);39;AGORA CTVM S/A;39;AGORA CTVM S/A
ITUB4;2.781;0,03%;109.004.213;Balcão;23/07/2026;10:02:15;Novo (0);Regular (1);39;AGORA CTVM S/A;39;AGORA CTVM S/A
RENT3;100;0,30%;109.003.950;Balcão;23/07/2026;10:02:15;Novo (0);Regular (1);39;AGORA CTVM S/A;39;AGORA CTVM S/A
ITUB4;1.927;0,03%;109.003.943;Balcão;23/07/2026;10:02:15;Novo (0);Regular (1);39;AGORA CTVM S/A;39;AGORA CTVM S/A
ITUB4;875;0,03%;109.004.071;Balcão;23/07/2026;10:02:14;Novo (0);Regular (1);39;AGORA CTVM S/A;39;AGORA CTVM S/A
ITUB4;908;0,03%;109.004.163;Balcão;23/07/2026;10:02:14;Novo (0);Regular (1);39;AGORA CTVM S/A;39;AGORA CTVM S/A
JHSF3;120;2,44%;109.004.054;Balcão;23/07/2026;10:02:14;Novo (0);Regular (1);39;AGORA CTVM S/A;39;AGORA CTVM S/A
ITUB4;1.574;0,03%;109.004.092;Balcão;23/07/2026;10:02:14;Novo (0);Regular (1);39;AGORA CTVM S/A;39;AGORA CTVM S/A
ITUB4;2.266;0,03%;109.004.221;Balcão;23/07/2026;10:02:14;Novo (0);Regular (1);39;AGORA CTVM S/A;39;AGORA CTVM S/A
USIM5;252;0,04%;109.004.053;Balcão;23/07/2026;10:02:14;Novo (0);Regular (1);39;AGORA CTVM S/A;39;AGORA CTVM S/A
JHSF3;991;2,44%;109.003.906;Balcão;23/07/2026;10:02:14;Novo (0);Regular (1);39;AGORA CTVM S/A;39;AGORA CTVM S/A
RENT3;591;0,30%;109.004.001;Balcão;23/07/2026;10:02:14;Novo (0);Regular (1);39;AGORA CTVM S/A;39;AGORA CTVM S/A
USIM5;226;0,04%;109.004.068;Balcão;23/07/2026;10:02:14;Novo (0);Regular (1);39;AGORA CTVM S/A;39;AGORA CTVM S/A
ITUB4;618;0,03%;109.003.844;Balcão;23/07/2026;10:02:14;Novo (0);Regular (1);39;AGORA CTVM S/A;39;AGORA CTVM S/A
ITUB4;700;0,03%;109.003.974;Balcão;23/07/2026;10:02:14;Novo (0);Regular (1);39;AGORA CTVM S/A;39;AGORA CTVM S/A
JHSF3;1.600;2,44%;109.004.014;Balcão;23/07/2026;10:02:14;Novo (0);Regular (1);39;AGORA CTVM S/A;39;AGORA CTVM S/A
ITUB4;570;0,03%;109.004.178;Balcão;23/07/2026;10:02:14;Novo (0);Regular (1);39;AGORA CTVM S/A;39;AGORA CTVM S/A
ITUB4;1.430;0,03%;109.003.948;Balcão;23/07/2026;10:02:14;Novo (0);Regular (1);39;AGORA CTVM S/A;39;AGORA CTVM S/A
JHSF3;328;2,44%;109.004.122;Balcão;23/07/2026;10:02:14;Novo (0);Regular (1);39;AGORA CTVM S/A;39;AGORA CTVM S/A
ITUB4;679;0,03%;109.003.825;Balcão;23/07/2026;10:02:14;Novo (0);Regular (1);39;AGORA CTVM S/A;39;AGORA CTVM S/A
ITUB4;1.738;0,03%;109.003.877;Balcão;23/07/2026;10:02:14;Novo (0);Regular (1);39;AGORA CTVM S/A;39;AGORA CTVM S/A
ITUB4;679;0,03%;109.003.878;Balcão;23/07/2026;10:02:14;Novo (0);Regular (1);39;AGORA CTVM S/A;39;AGORA CTVM S/A
JHSF3;600;2,44%;109.003.876;Balcão;23/07/2026;10:02:14;Novo (0);Regular (1);39;AGORA CTVM S/A;39;AGORA CTVM S/A
JHSF3;731;2,44%;109.003.820;Balcão;23/07/2026;10:02:14;Novo (0);Regular (1);39;AGORA CTVM S/A;39;AGORA CTVM S/A
RENT3;45;0,30%;109.003.863;Balcão;23/07/2026;10:02:13;Novo (0);Regular (1);39;AGORA CTVM S/A;39;AGORA CTVM S/A
RENT3;548;0,30%;109.004.128;Balcão;23/07/2026;10:02:13;Novo (0);Regular (1);39;AGORA CTVM S/A;39;AGORA CTVM S/A
ITUB4;900;0,03%;109.004.046;Balcão;23/07/2026;10:02:13;Novo (0);Regular (1);39;AGORA CTVM S/A;39;AGORA CTVM S/A
POSI3;200;0,22%;109.004.034;Balcão;23/07/2026;10:02:13;Novo (0);Regular (1);39;AGORA CTVM S/A;39;AGORA CTVM S/A
ITUB4;2.437;0,03%;109.004.223;Balcão;23/07/2026;10:02:13;Novo (0);Regular (1);39;AGORA CTVM S/A;39;AGORA CTVM S/A
ITUB4;700;0,03%;109.003.981;Balcão;23/07/2026;10:02:13;Novo (0);Regular (1);39;AGORA CTVM S/A;39;AGORA CTVM S/A
ITUB4;679;0,03%;109.003.842;Balcão;23/07/2026;10:02:13;Novo (0);Regular (1);39;AGORA CTVM S/A;39;AGORA CTVM S/A
JHSF3;363;2,44%;109.003.910;Balcão;23/07/2026;10:02:13;Novo (0);Regular (1);39;AGORA CTVM S/A;39;AGORA CTVM S/A
USIM5;50;0,04%;109.003.841;Balcão;23/07/2026;10:02:13;Novo (0);Regular (1);39;AGORA CTVM S/A;39;AGORA CTVM S/A
RENT3;45;0,30%;109.003.843;Balcão;23/07/2026;10:02:13;Novo (0);Regular (1);39;AGORA CTVM S/A;39;AGORA CTVM S/A
ITUB4;2.266;0,03%;109.004.089;Balcão;23/07/2026;10:02:13;Novo (0);Regular (1);39;AGORA CTVM S/A;39;AGORA CTVM S/A
USIM5;100;0,04%;109.003.875;Balcão;23/07/2026;10:02:13;Novo (0);Regular (1);39;AGORA CTVM S/A;39;AGORA CTVM S/A
ITUB4;1.019;0,03%;109.004.180;Balcão;23/07/2026;10:02:13;Novo (0);Regular (1);39;AGORA CTVM S/A;39;AGORA CTVM S/A
ITUB4;626;0,03%;109.003.852;Balcão;23/07/2026;10:02:13;Novo (0);Regular (1);39;AGORA CTVM S/A;39;AGORA CTVM S/A
ITUB4;767;0,03%;109.003.940;Balcão;23/07/2026;10:02:13;Novo (0);Regular (1);39;AGORA CTVM S/A;39;AGORA CTVM S/A
USIM5;100;0,04%;109.003.854;Balcão;23/07/2026;10:02:13;Novo (0);Regular (1);39;AGORA CTVM S/A;39;AGORA CTVM S/A
ITUB4;637;0,03%;109.003.802;Balcão;23/07/2026;10:02:13;Novo (0);Regular (1);39;AGORA CTVM S/A;39;AGORA CTVM S/A
RENT3;282;0,30%;109.003.908;Balcão;23/07/2026;10:02:12;Novo (0);Regular (1);39;AGORA CTVM S/A;39;AGORA CTVM S/A
USIM5;2.100;0,04%;109.003.784;Balcão;23/07/2026;10:02:12;Novo (0);Regular (1);39;AGORA CTVM S/A;39;AGORA CTVM S/A
RENT3;83;0,30%;109.003.922;Balcão;23/07/2026;10:02:12;Novo (0);Regular (1);39;AGORA CTVM S/A;39;AGORA CTVM S/A
ITUB4;616;0,03%;109.003.796;Balcão;23/07/2026;10:02:12;Novo (0);Regular (1);39;AGORA CTVM S/A;39;AGORA CTVM S/A
ITUB4;2.159;0,03%;109.003.984;Balcão;23/07/2026;10:02:12;Novo (0);Regular (1);39;AGORA CTVM S/A;39;AGORA CTVM S/A
JHSF3;468;2,44%;109.003.828;Balcão;23/07/2026;10:02:12;Novo (0);Regular (1);39;AGORA CTVM S/A;39;AGORA CTVM S/A
ITUB4;1.871;0,03%;109.004.179;Balcão;23/07/2026;10:02:12;Novo (0);Regular (1);39;AGORA CTVM S/A;39;AGORA CTVM S/A
ITUB4;616;0,03%;109.003.806;Balcão;23/07/2026;10:02:12;Novo (0);Regular (1);39;AGORA CTVM S/A;39;AGORA CTVM S/A
ITUB4;1.006;0,03%;109.004.055;Balcão;23/07/2026;10:02:12;Novo (0);Regular (1);39;AGORA CTVM S/A;39;AGORA CTVM S/A
ITUB4;1.629;0,03%;109.004.181;Balcão;23/07/2026;10:02:12;Novo (0);Regular (1);39;AGORA CTVM S/A;39;AGORA CTVM S/A
USIM5;400;0,04%;109.004.000;Balcão;23/07/2026;10:02:12;Novo (0);Regular (1);39;AGORA CTVM S/A;39;AGORA CTVM S/A
JHSF3;1.500;2,44%;109.004.154;Balcão;23/07/2026;10:02:12;Novo (0);Regular (1);39;AGORA CTVM S/A;39;AGORA CTVM S/A
USIM5;50;0,04%;109.003.791;Balcão;23/07/2026;10:02:12;Novo (0);Regular (1);39;AGORA CTVM S/A;39;AGORA CTVM S/A
ITUB4;1.359;0,03%;109.003.993;Balcão;23/07/2026;10:02:12;Novo (0);Regular (1);39;AGORA CTVM S/A;39;AGORA CTVM S/A
ITUB4;1.246;0,03%;109.003.903;Balcão;23/07/2026;10:02:12;Novo (0);Regular (1);39;AGORA CTVM S/A;39;AGORA CTVM S/A
JHSF3;335;2,44%;109.004.083;Balcão;23/07/2026;10:02:12;Novo (0);Regular (1);39;AGORA CTVM S/A;39;AGORA CTVM S/A
USIM5;60;0,04%;109.003.826;Balcão;23/07/2026;10:02:12;Novo (0);Regular (1);39;AGORA CTVM S/A;39;AGORA CTVM S/A
JHSF3;400;2,44%;109.003.803;Balcão;23/07/2026;10:02:12;Novo (0);Regular (1);39;AGORA CTVM S/A;39;AGORA CTVM S/A
ITUB4;977;0,03%;109.003.934;Balcão;23/07/2026;10:02:12;Novo (0);Regular (1);39;AGORA CTVM S/A;39;AGORA CTVM S/A
ITUB4;1.133;0,03%;109.003.861;Balcão;23/07/2026;10:02:11;Novo (0);Regular (1);39;AGORA CTVM S/A;39;AGORA CTVM S/A
ITUB4;1.925;0,03%;109.004.093;Balcão;23/07/2026;10:02:11;Novo (0);Regular (1);39;AGORA CTVM S/A;39;AGORA CTVM S/A
ITUB4;566;0,03%;109.004.172;Balcão;23/07/2026;10:02:11;Novo (0);Regular (1);39;AGORA CTVM S/A;39;AGORA CTVM S/A
JHSF3;10.000;2,44%;109.004.168;Balcão;23/07/2026;10:02:11;Novo (0);Regular (1);39;AGORA CTVM S/A;39;AGORA CTVM S/A
JHSF3;525;2,44%;109.003.866;Balcão;23/07/2026;10:02:11;Novo (0);Regular (1);39;AGORA CTVM S/A;39;AGORA CTVM S/A
RDOR3;45;0,08%;109.006.895;Eletrônico D+1;23/07/2026;10:02:11;Novo (0);Regular (1);147;ATIVA INVESTIMENTOS S/A CTCV;127;TULLETT PREBON BRASIL CVC LTDA.
JHSF3;1.000;2,44%;109.003.938;Balcão;23/07/2026;10:02:11;Novo (0);Regular (1);39;AGORA CTVM S/A;39;AGORA CTVM S/A
RENT3;52;0,30%;109.003.892;Balcão;23/07/2026;10:02:11;Novo (0);Regular (1);39;AGORA CTVM S/A;39;AGORA CTVM S/A
ITUB4;1.000;0,03%;109.003.979;Balcão;23/07/2026;10:02:11;Novo (0);Regular (1);39;AGORA CTVM S/A;39;AGORA CTVM S/A
RENT3;213;0,30%;109.004.058;Balcão;23/07/2026;10:02:11;Novo (0);Regular (1);39;AGORA CTVM S/A;39;AGORA CTVM S/A
ITUB4;1.019;0,03%;109.003.977;Balcão;23/07/2026;10:02:11;Novo (0);Regular (1);39;AGORA CTVM S/A;39;AGORA CTVM S/A
RENT3;8;0,30%;109.003.862;Balcão;23/07/2026;10:02:11;Novo (0);Regular (1);39;AGORA CTVM S/A;39;AGORA CTVM S/A
ITUB4;678;0,03%;109.003.799;Balcão;23/07/2026;10:02:11;Novo (0);Regular (1);39;AGORA CTVM S/A;39;AGORA CTVM S/A
ITUB4;759;0,03%;109.003.933;Balcão;23/07/2026;10:02:11;Novo (0);Regular (1);39;AGORA CTVM S/A;39;AGORA CTVM S/A
USIM5;200;0,04%;109.004.029;Balcão;23/07/2026;10:02:11;Novo (0);Regular (1);39;AGORA CTVM S/A;39;AGORA CTVM S/A
ITUB4;850;0,03%;109.004.151;Balcão;23/07/2026;10:02:11;Novo (0);Regular (1);39;AGORA CTVM S/A;39;AGORA CTVM S/A
RENT3;1.723;0,30%;109.004.028;Balcão;23/07/2026;10:02:11;Novo (0);Regular (1);39;AGORA CTVM S/A;39;AGORA CTVM S/A
ITUB4;9.630;0,03%;109.004.219;Balcão;23/07/2026;10:02:10;Novo (0);Regular (1);39;AGORA CTVM S/A;39;AGORA CTVM S/A
USIM5;50;0,04%;109.003.813;Balcão;23/07/2026;10:02:10;Novo (0);Regular (1);39;AGORA CTVM S/A;39;AGORA CTVM S/A
ITUB4;1.030;0,03%;109.004.048;Balcão;23/07/2026;10:02:10;Novo (0);Regular (1);39;AGORA CTVM S/A;39;AGORA CTVM S/A
USIM5;340;0,04%;109.003.913;Balcão;23/07/2026;10:02:10;Novo (0);Regular (1);39;AGORA CTVM S/A;39;AGORA CTVM S/A
USIM5;200;0,04%;109.004.041;Balcão;23/07/2026;10:02:10;Novo (0);Regular (1);39;AGORA CTVM S/A;39;AGORA CTVM S/A
JHSF3;355;2,44%;109.003.963;Balcão;23/07/2026;10:02:10;Novo (0);Regular (1);39;AGORA CTVM S/A;39;AGORA CTVM S/A
USIM5;55;0,04%;109.003.850;Balcão;23/07/2026;10:02:10;Novo (0);Regular (1);39;AGORA CTVM S/A;39;AGORA CTVM S/A
UGPA3;4.300;0,11%;109.004.131;Balcão;23/07/2026;10:02:10;Novo (0);Regular (1);39;AGORA CTVM S/A;39;AGORA CTVM S/A
ITUB4;2.080;0,03%;109.004.115;Balcão;23/07/2026;10:02:10;Novo (0);Regular (1);39;AGORA CTVM S/A;39;AGORA CTVM S/A
ITUB4;1.699;0,03%;109.004.090;Balcão;23/07/2026;10:02:10;Novo (0);Regular (1);39;AGORA CTVM S/A;39;AGORA CTVM S/A
USIM5;379;0,04%;109.004.021;Balcão;23/07/2026;10:02:10;Novo (0);Regular (1);39;AGORA CTVM S/A;39;AGORA CTVM S/A
ITUB4;566;0,03%;109.004.002;Balcão;23/07/2026;10:02:10;Novo (0);Regular (1);39;AGORA CTVM S/A;39;AGORA CTVM S/A
JHSF3;890;2,44%;109.003.975;Balcão;23/07/2026;10:02:10;Novo (0);Regular (1);39;AGORA CTVM S/A;39;AGORA CTVM S/A
ITUB4;906;0,03%;109.004.125;Balcão;23/07/2026;10:02:10;Novo (0);Regular (1);39;AGORA CTVM S/A;39;AGORA CTVM S/A
RENT3;532;0,30%;109.004.159;Balcão;23/07/2026;10:02:10;Novo (0);Regular (1);39;AGORA CTVM S/A;39;AGORA CTVM S/A
USIM5;2.000;0,04%;109.003.811;Balcão;23/07/2026;10:02:10;Novo (0);Regular (1);39;AGORA CTVM S/A;39;AGORA CTVM S/A
USIM5;2.500;0,04%;109.003.810;Balcão;23/07/2026;10:02:10;Novo (0);Regular (1);39;AGORA CTVM S/A;39;AGORA CTVM S/A
USIM5;100;0,04%;109.003.945;Balcão;23/07/2026;10:02:10;Novo (0);Regular (1);39;AGORA CTVM S/A;39;AGORA CTVM S/A
JHSF3;1.000;2,44%;109.003.951;Balcão;23/07/2026;10:02:10;Novo (0);Regular (1);39;AGORA CTVM S/A;39;AGORA CTVM S/A
USIM5;200;0,04%;109.004.080;Balcão;23/07/2026;10:02:10;Novo (0);Regular (1);39;AGORA CTVM S/A;39;AGORA CTVM S/A
ITUB4;1.066;0,03%;109.004.022;Balcão;23/07/2026;10:02:10;Novo (0);Regular (1);39;AGORA CTVM S/A;39;AGORA CTVM S/A
USIM5;354;0,04%;109.003.952;Balcão;23/07/2026;10:02:10;Novo (0);Regular (1);39;AGORA CTVM S/A;39;AGORA CTVM S/A
JHSF3;1.140;2,44%;109.003.871;Balcão;23/07/2026;10:02:10;Novo (0);Regular (1);39;AGORA CTVM S/A;39;AGORA CTVM S/A
JHSF3;1.100;2,44%;109.003.889;Balcão;23/07/2026;10:02:10;Novo (0);Regular (1);39;AGORA CTVM S/A;39;AGORA CTVM S/A
RENT3;55;0,30%;109.003.978;Balcão;23/07/2026;10:02:10;Novo (0);Regular (1);39;AGORA CTVM S/A;39;AGORA CTVM S/A
USIM5;400;0,04%;109.004.077;Balcão;23/07/2026;10:02:10;Novo (0);Regular (1);39;AGORA CTVM S/A;39;AGORA CTVM S/A
JHSF3;1.000;2,44%;109.003.972;Balcão;23/07/2026;10:02:09;Novo (0);Regular (1);39;AGORA CTVM S/A;39;AGORA CTVM S/A
RENT3;1.830;0,30%;109.003.923;Balcão;23/07/2026;10:02:09;Novo (0);Regular (1);39;AGORA CTVM S/A;39;AGORA CTVM S/A
ITUB4;1.490;0,03%;109.004.114;Balcão;23/07/2026;10:02:09;Novo (0);Regular (1);39;AGORA CTVM S/A;39;AGORA CTVM S/A
ITUB4;2.153;0,03%;109.003.960;Balcão;23/07/2026;10:02:09;Novo (0);Regular (1);39;AGORA CTVM S/A;39;AGORA CTVM S/A
RENT3;58;0,30%;109.003.899;Balcão;23/07/2026;10:02:09;Novo (0);Regular (1);39;AGORA CTVM S/A;39;AGORA CTVM S/A
USIM5;324;0,04%;109.004.135;Balcão;23/07/2026;10:02:09;Novo (0);Regular (1);39;AGORA CTVM S/A;39;AGORA CTVM S/A
ITUB4;1.359;0,03%;109.004.032;Balcão;23/07/2026;10:02:09;Novo (0);Regular (1);39;AGORA CTVM S/A;39;AGORA CTVM S/A
USIM5;7.200;0,04%;109.003.859;Balcão;23/07/2026;10:02:09;Novo (0);Regular (1);39;AGORA CTVM S/A;39;AGORA CTVM S/A
ITUB4;900;0,03%;109.004.110;Balcão;23/07/2026;10:02:09;Novo (0);Regular (1);39;AGORA CTVM S/A;39;AGORA CTVM S/A
JHSF3;41.911;2,44%;109.003.949;Balcão;23/07/2026;10:02:09;Novo (0);Regular (1);39;AGORA CTVM S/A;39;AGORA CTVM S/A
ITUB4;2.487;0,03%;109.004.208;Balcão;23/07/2026;10:02:09;Novo (0);Regular (1);39;AGORA CTVM S/A;39;AGORA CTVM S/A
USIM5;100;0,04%;109.003.890;Balcão;23/07/2026;10:02:09;Novo (0);Regular (1);39;AGORA CTVM S/A;39;AGORA CTVM S/A
JHSF3;2.327;2,44%;109.004.108;Balcão;23/07/2026;10:02:08;Novo (0);Regular (1);39;AGORA CTVM S/A;39;AGORA CTVM S/A
ITUB4;1.542;0,03%;109.003.831;Balcão;23/07/2026;10:02:08;Novo (0);Regular (1);39;AGORA CTVM S/A;39;AGORA CTVM S/A
ITUB4;10.279;0,03%;109.004.239;Balcão;23/07/2026;10:02:08;Novo (0);Regular (1);39;AGORA CTVM S/A;39;AGORA CTVM S/A
RENT3;349;0,30%;109.004.076;Balcão;23/07/2026;10:02:08;Novo (0);Regular (1);39;AGORA CTVM S/A;39;AGORA CTVM S/A
JHSF3;2.909;2,44%;109.004.175;Balcão;23/07/2026;10:02:08;Novo (0);Regular (1);39;AGORA CTVM S/A;39;AGORA CTVM S/A
ITUB4;4.202;0,03%;109.004.242;Balcão;23/07/2026;10:02:08;Novo (0);Regular (1);39;AGORA CTVM S/A;39;AGORA CTVM S/A
USIM5;400;0,04%;109.004.176;Balcão;23/07/2026;10:02:08;Novo (0);Regular (1);39;AGORA CTVM S/A;39;AGORA CTVM S/A
BBAS3;1.024;0,02%;109.004.205;Balcão;23/07/2026;10:02:08;Novo (0);Regular (1);39;AGORA CTVM S/A;39;AGORA CTVM S/A
ITUB4;1.854;0,03%;109.003.965;Balcão;23/07/2026;10:02:08;Novo (0);Regular (1);39;AGORA CTVM S/A;39;AGORA CTVM S/A
BBAS3;1.400;0,02%;109.004.214;Balcão;23/07/2026;10:02:08;Novo (0);Regular (1);39;AGORA CTVM S/A;39;AGORA CTVM S/A
USIM5;203;0,04%;109.003.868;Balcão;23/07/2026;10:02:08;Novo (0);Regular (1);39;AGORA CTVM S/A;39;AGORA CTVM S/A
USIM5;1.800;0,04%;109.004.075;Balcão;23/07/2026;10:02:08;Novo (0);Regular (1);39;AGORA CTVM S/A;39;AGORA CTVM S/A
RENT3;100;0,30%;109.003.921;Balcão;23/07/2026;10:02:08;Novo (0);Regular (1);39;AGORA CTVM S/A;39;AGORA CTVM S/A
USIM5;200;0,04%;109.004.130;Balcão;23/07/2026;10:02:08;Novo (0);Regular (1);39;AGORA CTVM S/A;39;AGORA CTVM S/A
RENT3;6.701;0,30%;109.003.992;Balcão;23/07/2026;10:02:08;Novo (0);Regular (1);39;AGORA CTVM S/A;39;AGORA CTVM S/A
GGBR4;11.216;0,02%;109.004.228;Balcão;23/07/2026;10:02:08;Novo (0);Regular (1);39;AGORA CTVM S/A;39;AGORA CTVM S/A
ITUB4;2.244;0,03%;109.004.100;Balcão;23/07/2026;10:02:08;Novo (0);Regular (1);39;AGORA CTVM S/A;39;AGORA CTVM S/A
ITUB4;566;0,03%;109.004.120;Balcão;23/07/2026;10:02:07;Novo (0);Regular (1);39;AGORA CTVM S/A;39;AGORA CTVM S/A
ITUB4;1.133;0,03%;109.003.827;Balcão;23/07/2026;10:02:07;Novo (0);Regular (1);39;AGORA CTVM S/A;39;AGORA CTVM S/A
RENT3;500;0,30%;109.004.171;Balcão;23/07/2026;10:02:07;Novo (0);Regular (1);39;AGORA CTVM S/A;39;AGORA CTVM S/A
ITUB4;1.145;0,03%;109.003.851;Balcão;23/07/2026;10:02:07;Novo (0);Regular (1);39;AGORA CTVM S/A;39;AGORA CTVM S/A
ITUB4;1.270;0,03%;109.004.129;Balcão;23/07/2026;10:02:07;Novo (0);Regular (1);39;AGORA CTVM S/A;39;AGORA CTVM S/A
ITUB4;1.628;0,03%;109.003.976;Balcão;23/07/2026;10:02:07;Novo (0);Regular (1);39;AGORA CTVM S/A;39;AGORA CTVM S/A
VIVA3;398;3,75%;109.003.809;Balcão;23/07/2026;10:02:07;Novo (0);Regular (1);39;AGORA CTVM S/A;39;AGORA CTVM S/A
ITUB4;1.157;0,03%;109.003.872;Balcão;23/07/2026;10:02:07;Novo (0);Regular (1);39;AGORA CTVM S/A;39;AGORA CTVM S/A
RENT3;100;0,30%;109.003.939;Balcão;23/07/2026;10:02:07;Novo (0);Regular (1);39;AGORA CTVM S/A;39;AGORA CTVM S/A
ITUB4;1.728;0,03%;109.004.117;Balcão;23/07/2026;10:02:07;Novo (0);Regular (1);39;AGORA CTVM S/A;39;AGORA CTVM S/A
ITUB4;871;0,03%;109.004.088;Balcão;23/07/2026;10:02:07;Novo (0);Regular (1);39;AGORA CTVM S/A;39;AGORA CTVM S/A
ITUB4;1.668;0,03%;109.004.095;Balcão;23/07/2026;10:02:07;Novo (0);Regular (1);39;AGORA CTVM S/A;39;AGORA CTVM S/A
ITUB4;566;0,03%;109.003.967;Balcão;23/07/2026;10:02:07;Novo (0);Regular (1);39;AGORA CTVM S/A;39;AGORA CTVM S/A
USIM5;100;0,04%;109.004.126;Balcão;23/07/2026;10:02:07;Novo (0);Regular (1);39;AGORA CTVM S/A;39;AGORA CTVM S/A
JHSF3;400;2,44%;109.003.805;Balcão;23/07/2026;10:02:07;Novo (0);Regular (1);39;AGORA CTVM S/A;39;AGORA CTVM S/A
ITUB4;1.445;0,03%;109.004.118;Balcão;23/07/2026;10:02:07;Novo (0);Regular (1);39;AGORA CTVM S/A;39;AGORA CTVM S/A
ITUB4;992;0,03%;109.004.084;Balcão;23/07/2026;10:02:07;Novo (0);Regular (1);39;AGORA CTVM S/A;39;AGORA CTVM S/A
JHSF3;374;2,44%;109.003.808;Balcão;23/07/2026;10:02:07;Novo (0);Regular (1);39;AGORA CTVM S/A;39;AGORA CTVM S/A
USIM5;90;0,04%;109.003.858;Balcão;23/07/2026;10:02:07;Novo (0);Regular (1);39;AGORA CTVM S/A;39;AGORA CTVM S/A
RENT3;105;0,30%;109.004.056;Balcão;23/07/2026;10:02:07;Novo (0);Regular (1);39;AGORA CTVM S/A;39;AGORA CTVM S/A
ITUB4;868;0,03%;109.004.086;Balcão;23/07/2026;10:02:07;Novo (0);Regular (1);39;AGORA CTVM S/A;39;AGORA CTVM S/A
USIM5;266;0,04%;109.003.966;Balcão;23/07/2026;10:02:07;Novo (0);Regular (1);39;AGORA CTVM S/A;39;AGORA CTVM S/A
VIVA3;2.564;3,75%;109.003.804;Balcão;23/07/2026;10:02:06;Novo (0);Regular (1);39;AGORA CTVM S/A;39;AGORA CTVM S/A
USIM5;100;0,04%;109.003.920;Balcão;23/07/2026;10:02:06;Novo (0);Regular (1);39;AGORA CTVM S/A;39;AGORA CTVM S/A
JHSF3;482;2,44%;109.003.833;Balcão;23/07/2026;10:02:06;Novo (0);Regular (1);39;AGORA CTVM S/A;39;AGORA CTVM S/A
ITUB4;800;0,03%;109.003.989;Balcão;23/07/2026;10:02:06;Novo (0);Regular (1);39;AGORA CTVM S/A;39;AGORA CTVM S/A
RENT3;50;0,30%;109.003.870;Balcão;23/07/2026;10:02:06;Novo (0);Regular (1);39;AGORA CTVM S/A;39;AGORA CTVM S/A
ITUB4;2.093;0,03%;109.004.132;Balcão;23/07/2026;10:02:06;Novo (0);Regular (1);39;AGORA CTVM S/A;39;AGORA CTVM S/A
BBAS3;1.176;0,02%;109.004.252;Balcão;23/07/2026;10:02:06;Novo (0);Regular (1);39;AGORA CTVM S/A;39;AGORA CTVM S/A
ITUB4;3.975;0,03%;109.004.220;Balcão;23/07/2026;10:02:06;Novo (0);Regular (1);39;AGORA CTVM S/A;39;AGORA CTVM S/A
ITUB4;2.266;0,03%;109.004.052;Balcão;23/07/2026;10:02:06;Novo (0);Regular (1);39;AGORA CTVM S/A;39;AGORA CTVM S/A
ITUB4;701;0,03%;109.003.926;Balcão;23/07/2026;10:02:06;Novo (0);Regular (1);39;AGORA CTVM S/A;39;AGORA CTVM S/A
USIM5;100;0,04%;109.003.912;Balcão;23/07/2026;10:02:06;Novo (0);Regular (1);39;AGORA CTVM S/A;39;AGORA CTVM S/A
USIM5;100;0,04%;109.003.885;Balcão;23/07/2026;10:02:06;Novo (0);Regular (1);39;AGORA CTVM S/A;39;AGORA CTVM S/A
ITUB4;1.217;0,03%;109.004.145;Balcão;23/07/2026;10:02:06;Novo (0);Regular (1);39;AGORA CTVM S/A;39;AGORA CTVM S/A
USIM5;7.100;0,04%;109.003.855;Balcão;23/07/2026;10:02:06;Novo (0);Regular (1);39;AGORA CTVM S/A;39;AGORA CTVM S/A
ITUB4;4.263;0,03%;109.004.196;Balcão;23/07/2026;10:02:06;Novo (0);Regular (1);39;AGORA CTVM S/A;39;AGORA CTVM S/A
ITUB4;11.083;0,03%;109.004.209;Balcão;23/07/2026;10:02:06;Novo (0);Regular (1);39;AGORA CTVM S/A;39;AGORA CTVM S/A
JHSF3;99;2,44%;109.003.994;Balcão;23/07/2026;10:02:06;Novo (0);Regular (1);39;AGORA CTVM S/A;39;AGORA CTVM S/A
JHSF3;1.000;2,44%;109.004.024;Balcão;23/07/2026;10:02:05;Novo (0);Regular (1);39;AGORA CTVM S/A;39;AGORA CTVM S/A
ITUB4;679;0,03%;109.003.893;Balcão;23/07/2026;10:02:05;Novo (0);Regular (1);39;AGORA CTVM S/A;39;AGORA CTVM S/A
ITUB4;1.106;0,03%;109.003.812;Balcão;23/07/2026;10:02:05;Novo (0);Regular (1);39;AGORA CTVM S/A;39;AGORA CTVM S/A
JHSF3;1.100;2,44%;109.003.925;Balcão;23/07/2026;10:02:05;Novo (0);Regular (1);39;AGORA CTVM S/A;39;AGORA CTVM S/A
BBAS3;1.000;0,02%;109.004.222;Balcão;23/07/2026;10:02:05;Novo (0);Regular (1);39;AGORA CTVM S/A;39;AGORA CTVM S/A
ITUB4;2.000;0,03%;109.004.169;Balcão;23/07/2026;10:02:05;Novo (0);Regular (1);39;AGORA CTVM S/A;39;AGORA CTVM S/A
USIM5;200;0,04%;109.004.030;Balcão;23/07/2026;10:02:05;Novo (0);Regular (1);39;AGORA CTVM S/A;39;AGORA CTVM S/A
ITUB4;4.502;0,03%;109.004.250;Balcão;23/07/2026;10:02:05;Novo (0);Regular (1);39;AGORA CTVM S/A;39;AGORA CTVM S/A
ITUB4;574;0,03%;109.003.936;Balcão;23/07/2026;10:02:05;Novo (0);Regular (1);39;AGORA CTVM S/A;39;AGORA CTVM S/A
JHSF3;800;2,44%;109.003.897;Balcão;23/07/2026;10:02:05;Novo (0);Regular (1);39;AGORA CTVM S/A;39;AGORA CTVM S/A
JHSF3;8.918;2,44%;109.004.124;Balcão;23/07/2026;10:02:05;Novo (0);Regular (1);39;AGORA CTVM S/A;39;AGORA CTVM S/A
USIM5;400;0,04%;109.004.010;Balcão;23/07/2026;10:02:05;Novo (0);Regular (1);39;AGORA CTVM S/A;39;AGORA CTVM S/A
ITUB4;615;0,03%;109.004.078;Balcão;23/07/2026;10:02:05;Novo (0);Regular (1);39;AGORA CTVM S/A;39;AGORA CTVM S/A
RENT3;300;0,30%;109.003.969;Balcão;23/07/2026;10:02:05;Novo (0);Regular (1);39;AGORA CTVM S/A;39;AGORA CTVM S/A
RENT3;398;0,30%;109.004.164;Balcão;23/07/2026;10:02:05;Novo (0);Regular (1);39;AGORA CTVM S/A;39;AGORA CTVM S/A
ITUB4;1.455;0,03%;109.003.895;Balcão;23/07/2026;10:02:05;Novo (0);Regular (1);39;AGORA CTVM S/A;39;AGORA CTVM S/A
ITUB4;1.000;0,03%;109.004.170;Balcão;23/07/2026;10:02:05;Novo (0);Regular (1);39;AGORA CTVM S/A;39;AGORA CTVM S/A
USIM5;300;0,04%;109.004.138;Balcão;23/07/2026;10:02:05;Novo (0);Regular (1);39;AGORA CTVM S/A;39;AGORA CTVM S/A
ITUB4;601;0,03%;109.004.018;Balcão;23/07/2026;10:02:05;Novo (0);Regular (1);39;AGORA CTVM S/A;39;AGORA CTVM S/A
ITUB4;1.926;0,03%;109.003.919;Balcão;23/07/2026;10:02:05;Novo (0);Regular (1);39;AGORA CTVM S/A;39;AGORA CTVM S/A
ITUB4;1.471;0,03%;109.004.061;Balcão;23/07/2026;10:02:05;Novo (0);Regular (1);39;AGORA CTVM S/A;39;AGORA CTVM S/A
JHSF3;1.170;2,44%;109.004.160;Balcão;23/07/2026;10:02:05;Novo (0);Regular (1);39;AGORA CTVM S/A;39;AGORA CTVM S/A
JHSF3;1.000;2,44%;109.003.980;Balcão;23/07/2026;10:02:04;Novo (0);Regular (1);39;AGORA CTVM S/A;39;AGORA CTVM S/A
RENT3;76;0,30%;109.003.896;Balcão;23/07/2026;10:02:04;Novo (0);Regular (1);39;AGORA CTVM S/A;39;AGORA CTVM S/A
ITUB4;1.131;0,03%;109.003.832;Balcão;23/07/2026;10:02:04;Novo (0);Regular (1);39;AGORA CTVM S/A;39;AGORA CTVM S/A
USIM5;1.250;0,04%;109.004.106;Balcão;23/07/2026;10:02:04;Novo (0);Regular (1);39;AGORA CTVM S/A;39;AGORA CTVM S/A
USIM5;10.269;0,04%;109.003.834;Balcão;23/07/2026;10:02:04;Novo (0);Regular (1);39;AGORA CTVM S/A;39;AGORA CTVM S/A
ITUB4;863;0,03%;109.004.097;Balcão;23/07/2026;10:02:04;Novo (0);Regular (1);39;AGORA CTVM S/A;39;AGORA CTVM S/A
ITUB4;2.605;0,03%;109.004.256;Balcão;23/07/2026;10:02:04;Novo (0);Regular (1);39;AGORA CTVM S/A;39;AGORA CTVM S/A
RENT3;120;0,30%;109.004.031;Balcão;23/07/2026;10:02:04;Novo (0);Regular (1);39;AGORA CTVM S/A;39;AGORA CTVM S/A
ITUB4;793;0,03%;109.004.050;Balcão;23/07/2026;10:02:04;Novo (0);Regular (1);39;AGORA CTVM S/A;39;AGORA CTVM S/A
ITUB4;600;0,03%;109.004.057;Balcão;23/07/2026;10:02:04;Novo (0);Regular (1);39;AGORA CTVM S/A;39;AGORA CTVM S/A
JHSF3;340;2,44%;109.004.060;Balcão;23/07/2026;10:02:04;Novo (0);Regular (1);39;AGORA CTVM S/A;39;AGORA CTVM S/A
ITUB4;1.019;0,03%;109.003.983;Balcão;23/07/2026;10:02:04;Novo (0);Regular (1);39;AGORA CTVM S/A;39;AGORA CTVM S/A
RENT3;87;0,30%;109.003.900;Balcão;23/07/2026;10:02:04;Novo (0);Regular (1);39;AGORA CTVM S/A;39;AGORA CTVM S/A
ITUB4;1.388;0,03%;109.003.959;Balcão;23/07/2026;10:02:04;Novo (0);Regular (1);39;AGORA CTVM S/A;39;AGORA CTVM S/A
ITUB4;679;0,03%;109.003.901;Balcão;23/07/2026;10:02:04;Novo (0);Regular (1);39;AGORA CTVM S/A;39;AGORA CTVM S/A
USIM5;400;0,04%;109.003.918;Balcão;23/07/2026;10:02:04;Novo (0);Regular (1);39;AGORA CTVM S/A;39;AGORA CTVM S/A
ITUB4;2.589;0,03%;109.004.246;Balcão;23/07/2026;10:02:04;Novo (0);Regular (1);39;AGORA CTVM S/A;39;AGORA CTVM S/A
USIM5;300;0,04%;109.003.995;Balcão;23/07/2026;10:02:03;Novo (0);Regular (1);39;AGORA CTVM S/A;39;AGORA CTVM S/A
ITUB4;1.384;0,03%;109.004.079;Balcão;23/07/2026;10:02:03;Novo (0);Regular (1);39;AGORA CTVM S/A;39;AGORA CTVM S/A
ITUB4;849;0,03%;109.004.047;Balcão;23/07/2026;10:02:03;Novo (0);Regular (1);39;AGORA CTVM S/A;39;AGORA CTVM S/A
USIM5;203;0,04%;109.003.988;Balcão;23/07/2026;10:02:03;Novo (0);Regular (1);39;AGORA CTVM S/A;39;AGORA CTVM S/A
USIM5;60;0,04%;109.003.857;Balcão;23/07/2026;10:02:03;Novo (0);Regular (1);39;AGORA CTVM S/A;39;AGORA CTVM S/A
RENT3;118;0,30%;109.003.958;Balcão;23/07/2026;10:02:03;Novo (0);Regular (1);39;AGORA CTVM S/A;39;AGORA CTVM S/A
ITUB4;838;0,03%;109.004.134;Balcão;23/07/2026;10:02:03;Novo (0);Regular (1);39;AGORA CTVM S/A;39;AGORA CTVM S/A
EZTC3;400;0,05%;109.004.207;Balcão;23/07/2026;10:02:03;Novo (0);Regular (1);39;AGORA CTVM S/A;39;AGORA CTVM S/A
JHSF3;400;2,44%;109.003.814;Balcão;23/07/2026;10:02:03;Novo (0);Regular (1);39;AGORA CTVM S/A;39;AGORA CTVM S/A
ITUB4;1.402;0,03%;109.003.898;Balcão;23/07/2026;10:02:03;Novo (0);Regular (1);39;AGORA CTVM S/A;39;AGORA CTVM S/A
ITUB4;2.700;0,03%;109.004.258;Balcão;23/07/2026;10:02:03;Novo (0);Regular (1);39;AGORA CTVM S/A;39;AGORA CTVM S/A
ITUB4;2.155;0,03%;109.003.986;Balcão;23/07/2026;10:02:03;Novo (0);Regular (1);39;AGORA CTVM S/A;39;AGORA CTVM S/A
ITUB4;2.266;0,03%;109.004.198;Balcão;23/07/2026;10:02:03;Novo (0);Regular (1);39;AGORA CTVM S/A;39;AGORA CTVM S/A
JHSF3;1.400;2,44%;109.003.982;Balcão;23/07/2026;10:02:03;Novo (0);Regular (1);39;AGORA CTVM S/A;39;AGORA CTVM S/A
RENT3;531;0,30%;109.003.911;Balcão;23/07/2026;10:02:03;Novo (0);Regular (1);39;AGORA CTVM S/A;39;AGORA CTVM S/A
ITUB4;2.734;0,03%;109.004.197;Balcão;23/07/2026;10:02:03;Novo (0);Regular (1);39;AGORA CTVM S/A;39;AGORA CTVM S/A
RENT3;302;0,30%;109.004.104;Balcão;23/07/2026;10:02:03;Novo (0);Regular (1);39;AGORA CTVM S/A;39;AGORA CTVM S/A
ITUB4;720;0,03%;109.004.139;Balcão;23/07/2026;10:02:03;Novo (0);Regular (1);39;AGORA CTVM S/A;39;AGORA CTVM S/A
RENT3;100;0,30%;109.003.955;Balcão;23/07/2026;10:02:03;Novo (0);Regular (1);39;AGORA CTVM S/A;39;AGORA CTVM S/A
ITUB4;679;0,03%;109.003.856;Balcão;23/07/2026;10:02:03;Novo (0);Regular (1);39;AGORA CTVM S/A;39;AGORA CTVM S/A
ITUB4;4.000;0,03%;109.004.225;Balcão;23/07/2026;10:02:03;Novo (0);Regular (1);39;AGORA CTVM S/A;39;AGORA CTVM S/A
RENT3;115;0,30%;109.003.941;Balcão;23/07/2026;10:02:02;Novo (0);Regular (1);39;AGORA CTVM S/A;39;AGORA CTVM S/A
CPLE3;97.900;0,03%;109.004.253;Balcão;23/07/2026;10:02:02;Novo (0);Regular (1);39;AGORA CTVM S/A;39;AGORA CTVM S/A
JHSF3;1.000;2,44%;109.004.025;Balcão;23/07/2026;10:02:02;Novo (0);Regular (1);39;AGORA CTVM S/A;39;AGORA CTVM S/A
RENT3;200;0,30%;109.004.142;Balcão;23/07/2026;10:02:02;Novo (0);Regular (1);39;AGORA CTVM S/A;39;AGORA CTVM S/A
RENT3;100;0,30%;109.004.133;Balcão;23/07/2026;10:02:02;Novo (0);Regular (1);39;AGORA CTVM S/A;39;AGORA CTVM S/A
ITUB4;743;0,03%;109.004.035;Balcão;23/07/2026;10:02:02;Novo (0);Regular (1);39;AGORA CTVM S/A;39;AGORA CTVM S/A
RENT3;110;0,30%;109.004.144;Balcão;23/07/2026;10:02:02;Novo (0);Regular (1);39;AGORA CTVM S/A;39;AGORA CTVM S/A
ITUB4;1.001;0,03%;109.004.136;Balcão;23/07/2026;10:02:02;Novo (0);Regular (1);39;AGORA CTVM S/A;39;AGORA CTVM S/A
ITUB4;1.586;0,03%;109.004.140;Balcão;23/07/2026;10:02:02;Novo (0);Regular (1);39;AGORA CTVM S/A;39;AGORA CTVM S/A
ITUB4;2.660;0,03%;109.004.257;Balcão;23/07/2026;10:02:02;Novo (0);Regular (1);39;AGORA CTVM S/A;39;AGORA CTVM S/A
ENEV3;100;0,09%;109.004.243;Balcão;23/07/2026;10:02:02;Novo (0);Regular (1);39;AGORA CTVM S/A;39;AGORA CTVM S/A
USIM5;215;0,04%;109.004.174;Balcão;23/07/2026;10:02:02;Novo (0);Regular (1);39;AGORA CTVM S/A;39;AGORA CTVM S/A
USIM5;2.400;0,04%;109.003.807;Balcão;23/07/2026;10:02:02;Novo (0);Regular (1);39;AGORA CTVM S/A;39;AGORA CTVM S/A
ITUB4;2.039;0,03%;109.004.033;Balcão;23/07/2026;10:02:02;Novo (0);Regular (1);39;AGORA CTVM S/A;39;AGORA CTVM S/A
ITUB4;1.756;0,03%;109.003.956;Balcão;23/07/2026;10:02:02;Novo (0);Regular (1);39;AGORA CTVM S/A;39;AGORA CTVM S/A
USIM5;100;0,04%;109.004.148;Balcão;23/07/2026;10:02:02;Novo (0);Regular (1);39;AGORA CTVM S/A;39;AGORA CTVM S/A
JHSF3;1.100;2,44%;109.004.049;Balcão;23/07/2026;10:02:02;Novo (0);Regular (1);39;AGORA CTVM S/A;39;AGORA CTVM S/A
USIM5;200;0,04%;109.003.973;Balcão;23/07/2026;10:02:01;Novo (0);Regular (1);39;AGORA CTVM S/A;39;AGORA CTVM S/A
BBAS3;932;0,02%;109.004.199;Balcão;23/07/2026;10:02:01;Novo (0);Regular (1);39;AGORA CTVM S/A;39;AGORA CTVM S/A
ITUB4;2.153;0,03%;109.004.063;Balcão;23/07/2026;10:02:01;Novo (0);Regular (1);39;AGORA CTVM S/A;39;AGORA CTVM S/A
JHSF3;1.000;2,44%;109.003.957;Balcão;23/07/2026;10:02:01;Novo (0);Regular (1);39;AGORA CTVM S/A;39;AGORA CTVM S/A
BBAS3;1.000;0,02%;109.004.231;Balcão;23/07/2026;10:02:01;Novo (0);Regular (1);39;AGORA CTVM S/A;39;AGORA CTVM S/A
RENT3;135;0,30%;109.003.838;Balcão;23/07/2026;10:02:01;Novo (0);Regular (1);39;AGORA CTVM S/A;39;AGORA CTVM S/A
ITUB4;1.058;0,03%;109.004.074;Balcão;23/07/2026;10:02:01;Novo (0);Regular (1);39;AGORA CTVM S/A;39;AGORA CTVM S/A
ITUB4;600;0,03%;109.003.990;Balcão;23/07/2026;10:02:01;Novo (0);Regular (1);39;AGORA CTVM S/A;39;AGORA CTVM S/A
USIM5;300;0,04%;109.004.143;Balcão;23/07/2026;10:02:01;Novo (0);Regular (1);39;AGORA CTVM S/A;39;AGORA CTVM S/A
JHSF3;800;2,44%;109.004.147;Balcão;23/07/2026;10:02:01;Novo (0);Regular (1);39;AGORA CTVM S/A;39;AGORA CTVM S/A
ITUB4;4.142;0,03%;109.004.200;Balcão;23/07/2026;10:02:01;Novo (0);Regular (1);39;AGORA CTVM S/A;39;AGORA CTVM S/A
ITUB4;388;0,03%;109.004.137;Balcão;23/07/2026;10:02:01;Novo (0);Regular (1);39;AGORA CTVM S/A;39;AGORA CTVM S/A
MOTV3;2.109;0,06%;109.006.894;Balcão;23/07/2026;10:02:01;Novo (0);Regular (1);85;BTG PACTUAL CTVM S/A;23;NECTON INVESTIMENTOS - BTG PACTUAL CTVM S.A
BBAS3;911;0,02%;109.004.224;Balcão;23/07/2026;10:02:01;Novo (0);Regular (1);39;AGORA CTVM S/A;39;AGORA CTVM S/A
JHSF3;597;2,44%;109.003.894;Balcão;23/07/2026;10:02:01;Novo (0);Regular (1);39;AGORA CTVM S/A;39;AGORA CTVM S/A
JHSF3;3.954;2,44%;109.004.119;Balcão;23/07/2026;10:02:01;Novo (0);Regular (1);39;AGORA CTVM S/A;39;AGORA CTVM S/A
USIM5;300;0,04%;109.004.141;Balcão;23/07/2026;10:02:01;Novo (0);Regular (1);39;AGORA CTVM S/A;39;AGORA CTVM S/A
RENT3;101;0,30%;109.003.991;Balcão;23/07/2026;10:02:01;Novo (0);Regular (1);39;AGORA CTVM S/A;39;AGORA CTVM S/A
ITUB4;824;0,03%;109.004.146;Balcão;23/07/2026;10:02:01;Novo (0);Regular (1);39;AGORA CTVM S/A;39;AGORA CTVM S/A
BBAS3;2.495;0,02%;109.004.240;Balcão;23/07/2026;10:02:01;Novo (0);Regular (1);39;AGORA CTVM S/A;39;AGORA CTVM S/A
ITUB4;3.964;0,03%;109.004.226;Balcão;23/07/2026;10:02:01;Novo (0);Regular (1);39;AGORA CTVM S/A;39;AGORA CTVM S/A
RENT3;80;0,30%;109.003.839;Balcão;23/07/2026;10:02:01;Novo (0);Regular (1);39;AGORA CTVM S/A;39;AGORA CTVM S/A
ITUB4;908;0,03%;109.004.162;Balcão;23/07/2026;10:02:00;Novo (0);Regular (1);39;AGORA CTVM S/A;39;AGORA CTVM S/A
ITUB4;2.719;0,03%;109.004.255;Balcão;23/07/2026;10:02:00;Novo (0);Regular (1);39;AGORA CTVM S/A;39;AGORA CTVM S/A
ITUB4;1.582;0,03%;109.004.116;Balcão;23/07/2026;10:02:00;Novo (0);Regular (1);39;AGORA CTVM S/A;39;AGORA CTVM S/A
USIM5;239;0,04%;109.004.165;Balcão;23/07/2026;10:02:00;Novo (0);Regular (1);39;AGORA CTVM S/A;39;AGORA CTVM S/A
BPAC11;400;0,01%;109.004.280;Balcão;23/07/2026;10:02:00;Novo (0);Regular (1);39;AGORA CTVM S/A;39;AGORA CTVM S/A
USIM5;100;0,04%;109.004.019;Balcão;23/07/2026;10:02:00;Novo (0);Regular (1);39;AGORA CTVM S/A;39;AGORA CTVM S/A
BBAS3;1.431;0,02%;109.004.236;Balcão;23/07/2026;10:02:00;Novo (0);Regular (1);39;AGORA CTVM S/A;39;AGORA CTVM S/A
RENT3;358;0,30%;109.004.062;Balcão;23/07/2026;10:02:00;Novo (0);Regular (1);39;AGORA CTVM S/A;39;AGORA CTVM S/A
BPAC11;323;0,01%;109.004.262;Balcão;23/07/2026;10:02:00;Novo (0);Regular (1);39;AGORA CTVM S/A;39;AGORA CTVM S/A
RENT3;8.371;0,30%;109.004.105;Balcão;23/07/2026;10:02:00;Novo (0);Regular (1);39;AGORA CTVM S/A;39;AGORA CTVM S/A
ITUB4;2.551;0,03%;109.004.230;Balcão;23/07/2026;10:02:00;Novo (0);Regular (1);39;AGORA CTVM S/A;39;AGORA CTVM S/A
ITUB4;4.277;0,03%;109.004.229;Balcão;23/07/2026;10:02:00;Novo (0);Regular (1);39;AGORA CTVM S/A;39;AGORA CTVM S/A
ITUB4;1.545;0,03%;109.003.917;Balcão;23/07/2026;10:02:00;Novo (0);Regular (1);39;AGORA CTVM S/A;39;AGORA CTVM S/A
BBAS3;1.500;0,02%;109.004.241;Balcão;23/07/2026;10:02:00;Novo (0);Regular (1);39;AGORA CTVM S/A;39;AGORA CTVM S/A
BBAS3;2.000;0,02%;109.004.234;Balcão;23/07/2026;10:02:00;Novo (0);Regular (1);39;AGORA CTVM S/A;39;AGORA CTVM S/A
USIM5;400;0,04%;109.004.085;Balcão;23/07/2026;10:02:00;Novo (0);Regular (1);39;AGORA CTVM S/A;39;AGORA CTVM S/A
JHSF3;1.500;2,44%;109.004.102;Balcão;23/07/2026;10:01:59;Novo (0);Regular (1);39;AGORA CTVM S/A;39;AGORA CTVM S/A
ITUB4;759;0,03%;109.003.954;Balcão;23/07/2026;10:01:59;Novo (0);Regular (1);39;AGORA CTVM S/A;39;AGORA CTVM S/A
ITUB4;4.532;0,03%;109.004.237;Balcão;23/07/2026;10:01:59;Novo (0);Regular (1);39;AGORA CTVM S/A;39;AGORA CTVM S/A
CPFE3;1.000;0,08%;109.004.232;Balcão;23/07/2026;10:01:59;Novo (0);Regular (1);39;AGORA CTVM S/A;39;AGORA CTVM S/A
ITUB4;9.406;0,03%;109.004.201;Balcão;23/07/2026;10:01:59;Novo (0);Regular (1);39;AGORA CTVM S/A;39;AGORA CTVM S/A
ITUB4;1.472;0,03%;109.004.020;Balcão;23/07/2026;10:01:59;Novo (0);Regular (1);39;AGORA CTVM S/A;39;AGORA CTVM S/A
JHSF3;1.078;2,44%;109.003.822;Balcão;23/07/2026;10:01:59;Novo (0);Regular (1);39;AGORA CTVM S/A;39;AGORA CTVM S/A
JHSF3;1.214;2,44%;109.004.103;Balcão;23/07/2026;10:01:59;Novo (0);Regular (1);39;AGORA CTVM S/A;39;AGORA CTVM S/A
ITUB4;1.246;0,03%;109.004.012;Balcão;23/07/2026;10:01:59;Novo (0);Regular (1);39;AGORA CTVM S/A;39;AGORA CTVM S/A
RENT3;41;0,30%;109.003.860;Balcão;23/07/2026;10:01:59;Novo (0);Regular (1);39;AGORA CTVM S/A;39;AGORA CTVM S/A
CBAV3;1.900;0,08%;109.004.235;Balcão;23/07/2026;10:01:59;Novo (0);Regular (1);39;AGORA CTVM S/A;39;AGORA CTVM S/A
ITUB4;4.645;0,03%;109.004.245;Balcão;23/07/2026;10:01:59;Novo (0);Regular (1);39;AGORA CTVM S/A;39;AGORA CTVM S/A
ITUB4;600;0,03%;109.003.985;Balcão;23/07/2026;10:01:59;Novo (0);Regular (1);39;AGORA CTVM S/A;39;AGORA CTVM S/A
ITUB4;683;0,03%;109.003.902;Balcão;23/07/2026;10:01:59;Novo (0);Regular (1);39;AGORA CTVM S/A;39;AGORA CTVM S/A
JHSF3;1.445;2,44%;109.004.082;Balcão;23/07/2026;10:01:59;Novo (0);Regular (1);39;AGORA CTVM S/A;39;AGORA CTVM S/A
USIM5;200;0,04%;109.003.961;Balcão;23/07/2026;10:01:59;Novo (0);Regular (1);39;AGORA CTVM S/A;39;AGORA CTVM S/A
ITUB4;4.532;0,03%;109.004.254;Balcão;23/07/2026;10:01:59;Novo (0);Regular (1);39;AGORA CTVM S/A;39;AGORA CTVM S/A
ITUB4;2.327;0,03%;109.004.202;Balcão;23/07/2026;10:01:59;Novo (0);Regular (1);39;AGORA CTVM S/A;39;AGORA CTVM S/A
ITUB4;2.487;0,03%;109.004.227;Balcão;23/07/2026;10:01:59;Novo (0);Regular (1);39;AGORA CTVM S/A;39;AGORA CTVM S/A
ITUB4;1.300;0,03%;109.003.916;Balcão;23/07/2026;10:01:59;Novo (0);Regular (1);39;AGORA CTVM S/A;39;AGORA CTVM S/A
ITUB4;774;0,03%;109.003.971;Balcão;23/07/2026;10:01:58;Novo (0);Regular (1);39;AGORA CTVM S/A;39;AGORA CTVM S/A
DXCO3;38.600;1,06%;109.004.341;Balcão;23/07/2026;10:01:50;Novo (0);Regular (1);39;AGORA CTVM S/A;39;AGORA CTVM S/A
BPAC11;474;0,01%;109.004.349;Balcão;23/07/2026;10:01:50;Novo (0);Regular (1);39;AGORA CTVM S/A;39;AGORA CTVM S/A
ITUB4;3.298;0,03%;109.004.315;Balcão;23/07/2026;10:01:50;Novo (0);Regular (1);39;AGORA CTVM S/A;39;AGORA CTVM S/A
BPAC11;400;0,01%;109.004.277;Balcão;23/07/2026;10:01:49;Novo (0);Regular (1);39;AGORA CTVM S/A;39;AGORA CTVM S/A
BBAS3;2.700;0,02%;109.004.297;Balcão;23/07/2026;10:01:49;Novo (0);Regular (1);39;AGORA CTVM S/A;39;AGORA CTVM S/A
ITUB4;5.843;0,03%;109.004.291;Balcão;23/07/2026;10:01:49;Novo (0);Regular (1);39;AGORA CTVM S/A;39;AGORA CTVM S/A
ITUB4;3.160;0,03%;109.004.296;Balcão;23/07/2026;10:01:49;Novo (0);Regular (1);39;AGORA CTVM S/A;39;AGORA CTVM S/A
ITUB4;9.146;0,03%;109.004.326;Balcão;23/07/2026;10:01:49;Novo (0);Regular (1);39;AGORA CTVM S/A;39;AGORA CTVM S/A
ITUB4;7.210;0,03%;109.004.348;Balcão;23/07/2026;10:01:48;Novo (0);Regular (1);39;AGORA CTVM S/A;39;AGORA CTVM S/A
BPAC11;4.500;0,01%;109.004.340;Balcão;23/07/2026;10:01:48;Novo (0);Regular (1);39;AGORA CTVM S/A;39;AGORA CTVM S/A
ITUB4;3.326;0,03%;109.004.314;Balcão;23/07/2026;10:01:48;Novo (0);Regular (1);39;AGORA CTVM S/A;39;AGORA CTVM S/A
BEEF3;14.905;1,88%;109.006.506;Balcão;23/07/2026;10:01:48;Novo (0);Regular (1);3;XP INVESTIMENTOS CCTVM S/A;3;XP INVESTIMENTOS CCTVM S/A
BEEF3;160.900;1,88%;109.006.488;Balcão;23/07/2026;10:01:48;Novo (0);Regular (1);3;XP INVESTIMENTOS CCTVM S/A;3;XP INVESTIMENTOS CCTVM S/A
ITUB4;8.908;0,03%;109.004.327;Balcão;23/07/2026;10:01:48;Novo (0);Regular (1);39;AGORA CTVM S/A;39;AGORA CTVM S/A
ITUB4;5.258;0,03%;109.004.281;Balcão;23/07/2026;10:01:48;Novo (0);Regular (1);39;AGORA CTVM S/A;39;AGORA CTVM S/A
ABEV3;43.538;5,00%;109.004.319;Balcão;23/07/2026;10:01:47;Novo (0);Regular (1);39;AGORA CTVM S/A;39;AGORA CTVM S/A
BBAS3;6.300;0,02%;109.004.336;Balcão;23/07/2026;10:01:47;Novo (0);Regular (1);39;AGORA CTVM S/A;39;AGORA CTVM S/A
ITUB4;761.660;0,03%;109.004.322;Balcão;23/07/2026;10:01:47;Novo (0);Regular (1);39;AGORA CTVM S/A;39;AGORA CTVM S/A
BPAC11;1.100;0,01%;109.004.313;Balcão;23/07/2026;10:01:47;Novo (0);Regular (1);39;AGORA CTVM S/A;39;AGORA CTVM S/A
ITUB4;3.098;0,03%;109.004.276;Balcão;23/07/2026;10:01:47;Novo (0);Regular (1);39;AGORA CTVM S/A;39;AGORA CTVM S/A
BPAC11;800;0,01%;109.004.345;Balcão;23/07/2026;10:01:47;Novo (0);Regular (1);39;AGORA CTVM S/A;39;AGORA CTVM S/A
ITUB4;19.375;0,03%;109.004.350;Balcão;23/07/2026;10:01:47;Novo (0);Regular (1);39;AGORA CTVM S/A;39;AGORA CTVM S/A
ITUB4;3.398;0,03%;109.004.316;Balcão;23/07/2026;10:01:47;Novo (0);Regular (1);39;AGORA CTVM S/A;39;AGORA CTVM S/A
ITUB4;5.663;0,03%;109.004.278;Balcão;23/07/2026;10:01:47;Novo (0);Regular (1);39;AGORA CTVM S/A;39;AGORA CTVM S/A
BBAS3;1.957;0,02%;109.004.265;Balcão;23/07/2026;10:01:47;Novo (0);Regular (1);39;AGORA CTVM S/A;39;AGORA CTVM S/A
ITUB4;3.229;0,03%;109.004.298;Balcão;23/07/2026;10:01:46;Novo (0);Regular (1);39;AGORA CTVM S/A;39;AGORA CTVM S/A
BBAS3;2.702;0,02%;109.004.271;Balcão;23/07/2026;10:01:46;Novo (0);Regular (1);39;AGORA CTVM S/A;39;AGORA CTVM S/A
ITUB4;3.375;0,03%;109.004.325;Balcão;23/07/2026;10:01:46;Novo (0);Regular (1);39;AGORA CTVM S/A;39;AGORA CTVM S/A
ITUB4;3.399;0,03%;109.004.320;Balcão;23/07/2026;10:01:46;Novo (0);Regular (1);39;AGORA CTVM S/A;39;AGORA CTVM S/A
ITUB4;6.567;0,03%;109.004.301;Balcão;23/07/2026;10:01:46;Novo (0);Regular (1);39;AGORA CTVM S/A;39;AGORA CTVM S/A
BBAS3;2.900;0,02%;109.004.317;Balcão;23/07/2026;10:01:46;Novo (0);Regular (1);39;AGORA CTVM S/A;39;AGORA CTVM S/A
ITUB4;5.700;0,03%;109.004.294;Balcão;23/07/2026;10:01:46;Novo (0);Regular (1);39;AGORA CTVM S/A;39;AGORA CTVM S/A
B3SA3;430.600;0,02%;109.004.335;Balcão;23/07/2026;10:01:46;Novo (0);Regular (1);39;AGORA CTVM S/A;39;AGORA CTVM S/A
ITUB4;19.294;0,03%;109.004.339;Balcão;23/07/2026;10:01:46;Novo (0);Regular (1);39;AGORA CTVM S/A;39;AGORA CTVM S/A
BBAS3;1.394;0,02%;109.004.247;Balcão;23/07/2026;10:01:46;Novo (0);Regular (1);39;AGORA CTVM S/A;39;AGORA CTVM S/A
BBAS3;2.162;0,02%;109.004.279;Balcão;23/07/2026;10:01:46;Novo (0);Regular (1);39;AGORA CTVM S/A;39;AGORA CTVM S/A
ITUB4;2.895;0,03%;109.004.244;Balcão;23/07/2026;10:01:45;Novo (0);Regular (1);39;AGORA CTVM S/A;39;AGORA CTVM S/A
ITUB4;3.399;0,03%;109.004.306;Balcão;23/07/2026;10:01:45;Novo (0);Regular (1);39;AGORA CTVM S/A;39;AGORA CTVM S/A
ITUB4;2.977;0,03%;109.004.285;Balcão;23/07/2026;10:01:45;Novo (0);Regular (1);39;AGORA CTVM S/A;39;AGORA CTVM S/A
BBAS3;2.300;0,02%;109.004.282;Balcão;23/07/2026;10:01:45;Novo (0);Regular (1);39;AGORA CTVM S/A;39;AGORA CTVM S/A
GGBR4;97;0,02%;109.004.331;Balcão;23/07/2026;10:01:45;Novo (0);Regular (1);39;AGORA CTVM S/A;39;AGORA CTVM S/A
BPAC11;800;0,01%;109.004.321;Balcão;23/07/2026;10:01:45;Novo (0);Regular (1);39;AGORA CTVM S/A;39;AGORA CTVM S/A
ITUB4;2.799;0,03%;109.004.248;Balcão;23/07/2026;10:01:45;Novo (0);Regular (1);39;AGORA CTVM S/A;39;AGORA CTVM S/A
ITUB4;5.199;0,03%;109.004.275;Balcão;23/07/2026;10:01:45;Novo (0);Regular (1);39;AGORA CTVM S/A;39;AGORA CTVM S/A
ITUB4;11.328;0,03%;109.004.342;Balcão;23/07/2026;10:01:45;Novo (0);Regular (1);39;AGORA CTVM S/A;39;AGORA CTVM S/A
ITUB4;21.960;0,03%;109.004.330;Balcão;23/07/2026;10:01:45;Novo (0);Regular (1);39;AGORA CTVM S/A;39;AGORA CTVM S/A
BBAS3;2.600;0,02%;109.004.312;Balcão;23/07/2026;10:01:45;Novo (0);Regular (1);39;AGORA CTVM S/A;39;AGORA CTVM S/A
BPAC11;379;0,01%;109.004.288;Balcão;23/07/2026;10:01:45;Novo (0);Regular (1);39;AGORA CTVM S/A;39;AGORA CTVM S/A
ITUB4;5.333;0,03%;109.004.249;Balcão;23/07/2026;10:01:45;Novo (0);Regular (1);39;AGORA CTVM S/A;39;AGORA CTVM S/A
BPAC11;300;0,01%;109.004.270;Balcão;23/07/2026;10:01:45;Novo (0);Regular (1);39;AGORA CTVM S/A;39;AGORA CTVM S/A
BPAC11;702;0,01%;109.004.295;Balcão;23/07/2026;10:01:44;Novo (0);Regular (1);39;AGORA CTVM S/A;39;AGORA CTVM S/A
ITUB4;2.983;0,03%;109.004.300;Balcão;23/07/2026;10:01:44;Novo (0);Regular (1);39;AGORA CTVM S/A;39;AGORA CTVM S/A
ITUB4;6.231;0,03%;109.004.323;Balcão;23/07/2026;10:01:44;Novo (0);Regular (1);39;AGORA CTVM S/A;39;AGORA CTVM S/A
BPAC11;80;0,01%;109.004.272;Balcão;23/07/2026;10:01:44;Novo (0);Regular (1);39;AGORA CTVM S/A;39;AGORA CTVM S/A
ITUB4;61.755;0,03%;109.004.337;Balcão;23/07/2026;10:01:44;Novo (0);Regular (1);39;AGORA CTVM S/A;39;AGORA CTVM S/A
ITUB4;3.520;0,03%;109.004.333;Balcão;23/07/2026;10:01:44;Novo (0);Regular (1);39;AGORA CTVM S/A;39;AGORA CTVM S/A
BBAS3;1.600;0,02%;109.004.264;Balcão;23/07/2026;10:01:44;Novo (0);Regular (1);39;AGORA CTVM S/A;39;AGORA CTVM S/A
BBAS3;1.981;0,02%;109.004.268;Balcão;23/07/2026;10:01:44;Novo (0);Regular (1);39;AGORA CTVM S/A;39;AGORA CTVM S/A
ITUB4;4.916;0,03%;109.004.267;Balcão;23/07/2026;10:01:44;Novo (0);Regular (1);39;AGORA CTVM S/A;39;AGORA CTVM S/A
ABEV3;135.089;5,00%;109.004.324;Balcão;23/07/2026;10:01:44;Novo (0);Regular (1);39;AGORA CTVM S/A;39;AGORA CTVM S/A
ITUB4;6.252;0,03%;109.004.292;Balcão;23/07/2026;10:01:44;Novo (0);Regular (1);39;AGORA CTVM S/A;39;AGORA CTVM S/A
ITUB4;3.334;0,03%;109.004.338;Balcão;23/07/2026;10:01:44;Novo (0);Regular (1);39;AGORA CTVM S/A;39;AGORA CTVM S/A
BPAC11;400;0,01%;109.004.303;Balcão;23/07/2026;10:01:44;Novo (0);Regular (1);39;AGORA CTVM S/A;39;AGORA CTVM S/A
ITUB4;5.928;0,03%;109.004.302;Balcão;23/07/2026;10:01:44;Novo (0);Regular (1);39;AGORA CTVM S/A;39;AGORA CTVM S/A
BBAS3;900;0,02%;109.004.332;Balcão;23/07/2026;10:01:44;Novo (0);Regular (1);39;AGORA CTVM S/A;39;AGORA CTVM S/A
ITUB4;3.911;0,03%;109.004.346;Balcão;23/07/2026;10:01:44;Novo (0);Regular (1);39;AGORA CTVM S/A;39;AGORA CTVM S/A
ITUB4;2.901;0,03%;109.004.238;Balcão;23/07/2026;10:01:44;Novo (0);Regular (1);39;AGORA CTVM S/A;39;AGORA CTVM S/A
BBAS3;2.739;0,02%;109.004.308;Balcão;23/07/2026;10:01:44;Novo (0);Regular (1);39;AGORA CTVM S/A;39;AGORA CTVM S/A
ITUB4;11.329;0,03%;109.004.351;Balcão;23/07/2026;10:01:44;Novo (0);Regular (1);39;AGORA CTVM S/A;39;AGORA CTVM S/A
ITUB4;2.913;0,03%;109.004.286;Balcão;23/07/2026;10:01:44;Novo (0);Regular (1);39;AGORA CTVM S/A;39;AGORA CTVM S/A
BPAC11;2.000;0,01%;109.004.284;Balcão;23/07/2026;10:01:43;Novo (0);Regular (1);39;AGORA CTVM S/A;39;AGORA CTVM S/A
ITUB4;8.755;0,03%;109.004.309;Balcão;23/07/2026;10:01:43;Novo (0);Regular (1);39;AGORA CTVM S/A;39;AGORA CTVM S/A
BBAS3;2.075;0,02%;109.004.307;Balcão;23/07/2026;10:01:43;Novo (0);Regular (1);39;AGORA CTVM S/A;39;AGORA CTVM S/A
ITUB4;5.665;0,03%;109.004.293;Balcão;23/07/2026;10:01:43;Novo (0);Regular (1);39;AGORA CTVM S/A;39;AGORA CTVM S/A
ITUB4;5.118;0,03%;109.004.261;Balcão;23/07/2026;10:01:43;Novo (0);Regular (1);39;AGORA CTVM S/A;39;AGORA CTVM S/A
BPAC11;431;0,01%;109.004.305;Balcão;23/07/2026;10:01:43;Novo (0);Regular (1);39;AGORA CTVM S/A;39;AGORA CTVM S/A
ITUB4;3.200;0,03%;109.004.290;Balcão;23/07/2026;10:01:43;Novo (0);Regular (1);39;AGORA CTVM S/A;39;AGORA CTVM S/A
BPAC11;1.200;0,01%;109.004.329;Balcão;23/07/2026;10:01:43;Novo (0);Regular (1);39;AGORA CTVM S/A;39;AGORA CTVM S/A
ITUB4;6.175;0,03%;109.004.311;Balcão;23/07/2026;10:01:43;Novo (0);Regular (1);39;AGORA CTVM S/A;39;AGORA CTVM S/A
BPAC11;429;0,01%;109.004.304;Balcão;23/07/2026;10:01:43;Novo (0);Regular (1);39;AGORA CTVM S/A;39;AGORA CTVM S/A
ITUB4;16.900;0,03%;109.004.318;Balcão;23/07/2026;10:01:43;Novo (0);Regular (1);39;AGORA CTVM S/A;39;AGORA CTVM S/A
BPAC11;400;0,01%;109.004.283;Balcão;23/07/2026;10:01:43;Novo (0);Regular (1);39;AGORA CTVM S/A;39;AGORA CTVM S/A
BBAS3;1.900;0,02%;109.004.287;Balcão;23/07/2026;10:01:43;Novo (0);Regular (1);39;AGORA CTVM S/A;39;AGORA CTVM S/A
ITUB4;4.616;0,03%;109.004.233;Balcão;23/07/2026;10:01:43;Novo (0);Regular (1);39;AGORA CTVM S/A;39;AGORA CTVM S/A
ITUB4;3.440;0,03%;109.004.357;Balcão;23/07/2026;10:01:43;Novo (0);Regular (1);39;AGORA CTVM S/A;39;AGORA CTVM S/A
ITUB4;20.065;0,03%;109.004.334;Balcão;23/07/2026;10:01:43;Novo (0);Regular (1);39;AGORA CTVM S/A;39;AGORA CTVM S/A
TAEE11;50.000;0,17%;109.006.482;Balcão;23/07/2026;10:01:43;Novo (0);Regular (1);3;XP INVESTIMENTOS CCTVM S/A;3;XP INVESTIMENTOS CCTVM S/A
TAEE11;4.542;0,17%;109.006.489;Balcão;23/07/2026;10:01:43;Novo (0);Regular (1);3;XP INVESTIMENTOS CCTVM S/A;3;XP INVESTIMENTOS CCTVM S/A
TAEE11;14.540;0,17%;109.006.483;Balcão;23/07/2026;10:01:42;Novo (0);Regular (1);3;XP INVESTIMENTOS CCTVM S/A;3;XP INVESTIMENTOS CCTVM S/A
ITUB4;5.829;0,03%;109.004.299;Balcão;23/07/2026;10:01:42;Novo (0);Regular (1);39;AGORA CTVM S/A;39;AGORA CTVM S/A
BPAC11;330;0,01%;109.004.251;Balcão;23/07/2026;10:01:42;Novo (0);Regular (1);39;AGORA CTVM S/A;39;AGORA CTVM S/A
ITUB4;5.325;0,03%;109.004.266;Balcão;23/07/2026;10:01:42;Novo (0);Regular (1);39;AGORA CTVM S/A;39;AGORA CTVM S/A
ITUB4;8.211;0,03%;109.004.343;Balcão;23/07/2026;10:01:42;Novo (0);Regular (1);39;AGORA CTVM S/A;39;AGORA CTVM S/A
BBAS3;1.798;0,02%;109.004.263;Balcão;23/07/2026;10:01:42;Novo (0);Regular (1);39;AGORA CTVM S/A;39;AGORA CTVM S/A
BBAS3;3.111;0,02%;109.004.344;Balcão;23/07/2026;10:01:42;Novo (0);Regular (1);39;AGORA CTVM S/A;39;AGORA CTVM S/A
BBAS3;2.342;0,02%;109.004.274;Balcão;23/07/2026;10:01:42;Novo (0);Regular (1);39;AGORA CTVM S/A;39;AGORA CTVM S/A
ITUB4;8.382;0,03%;109.004.347;Balcão;23/07/2026;10:01:42;Novo (0);Regular (1);39;AGORA CTVM S/A;39;AGORA CTVM S/A
BBAS3;3.773;0,02%;109.004.352;Balcão;23/07/2026;10:01:42;Novo (0);Regular (1);39;AGORA CTVM S/A;39;AGORA CTVM S/A
ITUB4;3.238;0,03%;109.004.259;Balcão;23/07/2026;10:01:42;Novo (0);Regular (1);39;AGORA CTVM S/A;39;AGORA CTVM S/A
BBAS3;2.900;0,02%;109.004.260;Balcão;23/07/2026;10:01:42;Novo (0);Regular (1);39;AGORA CTVM S/A;39;AGORA CTVM S/A
BBAS3;1.822;0,02%;109.004.269;Balcão;23/07/2026;10:01:42;Novo (0);Regular (1);39;AGORA CTVM S/A;39;AGORA CTVM S/A
BPAC11;521;0,01%;109.004.328;Balcão;23/07/2026;10:01:42;Novo (0);Regular (1);39;AGORA CTVM S/A;39;AGORA CTVM S/A
ITUB4;5.563;0,03%;109.004.273;Balcão;23/07/2026;10:01:42;Novo (0);Regular (1);39;AGORA CTVM S/A;39;AGORA CTVM S/A
BPAC11;667;0,01%;109.004.310;Balcão;23/07/2026;10:01:42;Novo (0);Regular (1);39;AGORA CTVM S/A;39;AGORA CTVM S/A
ITUB4;15.308;0,03%;109.004.356;Balcão;23/07/2026;10:01:42;Novo (0);Regular (1);39;AGORA CTVM S/A;39;AGORA CTVM S/A
BBAS3;9.056;0,02%;109.004.399;Balcão;23/07/2026;10:01:41;Novo (0);Regular (1);39;AGORA CTVM S/A;39;AGORA CTVM S/A
BPAC11;1.000;0,01%;109.004.354;Balcão;23/07/2026;10:01:41;Novo (0);Regular (1);39;AGORA CTVM S/A;39;AGORA CTVM S/A
BPAC11;517;0,01%;109.004.355;Balcão;23/07/2026;10:01:41;Novo (0);Regular (1);39;AGORA CTVM S/A;39;AGORA CTVM S/A
SUZB3;791;0,03%;109.006.363;Balcão;23/07/2026;10:01:41;Novo (0);Regular (1);39;AGORA CTVM S/A;39;AGORA CTVM S/A
ITUB4;5.947;0,03%;109.004.289;Balcão;23/07/2026;10:01:41;Novo (0);Regular (1);39;AGORA CTVM S/A;39;AGORA CTVM S/A
ITUB4;3.841;0,03%;109.004.424;Balcão;23/07/2026;10:01:41;Novo (0);Regular (1);39;AGORA CTVM S/A;39;AGORA CTVM S/A
TAEE11;5.636;0,17%;109.006.521;Balcão;23/07/2026;10:01:41;Novo (0);Regular (1);3;XP INVESTIMENTOS CCTVM S/A;3;XP INVESTIMENTOS CCTVM S/A
TAEE11;30.243;0,17%;109.006.486;Balcão;23/07/2026;10:01:41;Novo (0);Regular (1);3;XP INVESTIMENTOS CCTVM S/A;3;XP INVESTIMENTOS CCTVM S/A
JHSF3;60.000;2,44%;109.006.450;Balcão;23/07/2026;10:01:40;Novo (0);Regular (1);114;ITAU CV S/A;39;AGORA CTVM S/A
RENT3;107.000;0,30%;109.006.456;Balcão;23/07/2026;10:01:40;Novo (0);Regular (1);114;ITAU CV S/A;39;AGORA CTVM S/A
SUZB3;210;0,03%;109.006.371;Balcão;23/07/2026;10:01:40;Novo (0);Regular (1);39;AGORA CTVM S/A;39;AGORA CTVM S/A
BBAS3;4.131;0,02%;109.004.419;Balcão;23/07/2026;10:01:40;Novo (0);Regular (1);39;AGORA CTVM S/A;39;AGORA CTVM S/A
TAEE11;5.642;0,17%;109.006.499;Balcão;23/07/2026;10:01:40;Novo (0);Regular (1);3;XP INVESTIMENTOS CCTVM S/A;3;XP INVESTIMENTOS CCTVM S/A
BPAC11;862;0,01%;109.004.417;Balcão;23/07/2026;10:01:40;Novo (0);Regular (1);39;AGORA CTVM S/A;39;AGORA CTVM S/A
ITUB4;12.716;0,03%;109.004.398;Balcão;23/07/2026;10:01:40;Novo (0);Regular (1);39;AGORA CTVM S/A;39;AGORA CTVM S/A
TAEE11;5.645;0,17%;109.006.491;Balcão;23/07/2026;10:01:40;Novo (0);Regular (1);3;XP INVESTIMENTOS CCTVM S/A;3;XP INVESTIMENTOS CCTVM S/A
TAEE11;19.391;0,17%;109.006.500;Balcão;23/07/2026;10:01:40;Novo (0);Regular (1);3;XP INVESTIMENTOS CCTVM S/A;3;XP INVESTIMENTOS CCTVM S/A
NATU3;3.606;210,44%;109.006.451;Balcão;23/07/2026;10:01:40;Novo (0);Regular (1);114;ITAU CV S/A;23;NECTON INVESTIMENTOS - BTG PACTUAL CTVM S.A
TAEE11;17.500;0,17%;109.006.481;Balcão;23/07/2026;10:01:40;Novo (0);Regular (1);3;XP INVESTIMENTOS CCTVM S/A;3;XP INVESTIMENTOS CCTVM S/A
TAEE11;7.248;0,17%;109.006.487;Balcão;23/07/2026;10:01:40;Novo (0);Regular (1);3;XP INVESTIMENTOS CCTVM S/A;3;XP INVESTIMENTOS CCTVM S/A
TAEE11;17.433;0,17%;109.006.519;Balcão;23/07/2026;10:01:40;Novo (0);Regular (1);3;XP INVESTIMENTOS CCTVM S/A;3;XP INVESTIMENTOS CCTVM S/A
SUZB3;44.301;0,03%;109.006.360;Balcão;23/07/2026;10:01:40;Novo (0);Regular (1);39;AGORA CTVM S/A;39;AGORA CTVM S/A
ITUB4;6.714;0,03%;109.004.392;Balcão;23/07/2026;10:01:40;Novo (0);Regular (1);39;AGORA CTVM S/A;39;AGORA CTVM S/A
ITUB4;26.402;0,03%;109.004.376;Balcão;23/07/2026;10:01:40;Novo (0);Regular (1);39;AGORA CTVM S/A;39;AGORA CTVM S/A
TAEE11;17.200;0,17%;109.006.484;Balcão;23/07/2026;10:01:40;Novo (0);Regular (1);3;XP INVESTIMENTOS CCTVM S/A;3;XP INVESTIMENTOS CCTVM S/A
SUZB3;25.389;0,03%;109.006.361;Balcão;23/07/2026;10:01:40;Novo (0);Regular (1);39;AGORA CTVM S/A;39;AGORA CTVM S/A
TAEE11;4.980;0,17%;109.006.495;Balcão;23/07/2026;10:01:40;Novo (0);Regular (1);3;XP INVESTIMENTOS CCTVM S/A;3;XP INVESTIMENTOS CCTVM S/A
ITUB4;3.400;0,03%;109.004.370;Balcão;23/07/2026;10:01:40;Novo (0);Regular (1);39;AGORA CTVM S/A;39;AGORA CTVM S/A
SUZB3;2.561;0,03%;109.006.368;Balcão;23/07/2026;10:01:40;Novo (0);Regular (1);39;AGORA CTVM S/A;39;AGORA CTVM S/A
BPAC11;1.700;0,01%;109.004.377;Balcão;23/07/2026;10:01:39;Novo (0);Regular (1);39;AGORA CTVM S/A;39;AGORA CTVM S/A
BPAC11;1.903;0,01%;109.004.353;Balcão;23/07/2026;10:01:39;Novo (0);Regular (1);39;AGORA CTVM S/A;39;AGORA CTVM S/A
ITUB4;8.571;0,03%;109.004.358;Balcão;23/07/2026;10:01:39;Novo (0);Regular (1);39;AGORA CTVM S/A;39;AGORA CTVM S/A
SUZB3;15.282;0,03%;109.006.358;Balcão;23/07/2026;10:01:39;Novo (0);Regular (1);39;AGORA CTVM S/A;39;AGORA CTVM S/A
ITUB4;21.618;0,03%;109.004.373;Balcão;23/07/2026;10:01:39;Novo (0);Regular (1);39;AGORA CTVM S/A;39;AGORA CTVM S/A
SUZB3;1.853;0,03%;109.006.364;Balcão;23/07/2026;10:01:39;Novo (0);Regular (1);39;AGORA CTVM S/A;39;AGORA CTVM S/A
CMIN3;1.100;42,73%;109.006.455;Balcão;23/07/2026;10:01:39;Novo (0);Regular (1);114;ITAU CV S/A;39;AGORA CTVM S/A
SUZB3;205;0,03%;109.006.357;Balcão;23/07/2026;10:01:39;Novo (0);Regular (1);39;AGORA CTVM S/A;39;AGORA CTVM S/A
SUZB3;123;0,03%;109.006.362;Balcão;23/07/2026;10:01:39;Novo (0);Regular (1);39;AGORA CTVM S/A;39;AGORA CTVM S/A
ITUB4;73.986;0,03%;109.004.423;Balcão;23/07/2026;10:01:39;Novo (0);Regular (1);39;AGORA CTVM S/A;39;AGORA CTVM S/A
ITUB4;8.385;0,03%;109.004.408;Balcão;23/07/2026;10:01:39;Novo (0);Regular (1);39;AGORA CTVM S/A;39;AGORA CTVM S/A
BPAC11;742;0,01%;109.004.401;Balcão;23/07/2026;10:01:39;Novo (0);Regular (1);39;AGORA CTVM S/A;39;AGORA CTVM S/A
ASAI3;3.000;18,34%;109.004.388;Balcão;23/07/2026;10:01:39;Novo (0);Regular (1);39;AGORA CTVM S/A;39;AGORA CTVM S/A
BBAS3;3.450;0,02%;109.004.372;Balcão;23/07/2026;10:01:39;Novo (0);Regular (1);39;AGORA CTVM S/A;39;AGORA CTVM S/A
SMFT3;269;0,07%;109.006.460;Balcão;23/07/2026;10:01:39;Novo (0);Regular (1);114;ITAU CV S/A;39;AGORA CTVM S/A
ITUB4;8.200;0,03%;109.004.367;Balcão;23/07/2026;10:01:39;Novo (0);Regular (1);39;AGORA CTVM S/A;39;AGORA CTVM S/A
ITUB4;15.997;0,03%;109.004.371;Balcão;23/07/2026;10:01:39;Novo (0);Regular (1);39;AGORA CTVM S/A;39;AGORA CTVM S/A
SUZB3;6.081;0,03%;109.006.359;Balcão;23/07/2026;10:01:39;Novo (0);Regular (1);39;AGORA CTVM S/A;39;AGORA CTVM S/A
ITUB4;12.695;0,03%;109.004.362;Balcão;23/07/2026;10:01:39;Novo (0);Regular (1);39;AGORA CTVM S/A;39;AGORA CTVM S/A
BBAS3;900;0,02%;109.004.422;Balcão;23/07/2026;10:01:38;Novo (0);Regular (1);39;AGORA CTVM S/A;39;AGORA CTVM S/A
BBAS3;6.532;0,02%;109.004.389;Balcão;23/07/2026;10:01:38;Novo (0);Regular (1);39;AGORA CTVM S/A;39;AGORA CTVM S/A
BBAS3;4.426;0,02%;109.004.405;Balcão;23/07/2026;10:01:38;Novo (0);Regular (1);39;AGORA CTVM S/A;39;AGORA CTVM S/A
ABEV3;5.730;5,00%;109.004.383;Balcão;23/07/2026;10:01:38;Novo (0);Regular (1);39;AGORA CTVM S/A;39;AGORA CTVM S/A
ITUB4;21.728;0,03%;109.004.381;Balcão;23/07/2026;10:01:38;Novo (0);Regular (1);39;AGORA CTVM S/A;39;AGORA CTVM S/A
ITUB4;3.399;0,03%;109.004.406;Balcão;23/07/2026;10:01:38;Novo (0);Regular (1);39;AGORA CTVM S/A;39;AGORA CTVM S/A
BPAC11;1.100;0,01%;109.004.420;Balcão;23/07/2026;10:01:38;Novo (0);Regular (1);39;AGORA CTVM S/A;39;AGORA CTVM S/A
BPAC11;1.000;0,01%;109.004.421;Balcão;23/07/2026;10:01:38;Novo (0);Regular (1);39;AGORA CTVM S/A;39;AGORA CTVM S/A
BPAC11;4.593;0,01%;109.004.425;Balcão;23/07/2026;10:01:38;Novo (0);Regular (1);39;AGORA CTVM S/A;39;AGORA CTVM S/A
ITUB4;3.738;0,03%;109.004.363;Balcão;23/07/2026;10:01:38;Novo (0);Regular (1);39;AGORA CTVM S/A;39;AGORA CTVM S/A
ITUB4;102.538;0,03%;109.004.396;Balcão;23/07/2026;10:01:38;Novo (0);Regular (1);39;AGORA CTVM S/A;39;AGORA CTVM S/A
USIM5;45.298;0,04%;109.006.454;Balcão;23/07/2026;10:01:38;Novo (0);Regular (1);114;ITAU CV S/A;39;AGORA CTVM S/A
BBAS3;500.000;0,02%;109.006.480;Balcão;23/07/2026;10:01:38;Novo (0);Regular (1);114;ITAU CV S/A;39;AGORA CTVM S/A
ITUB4;36.000;0,03%;109.004.365;Balcão;23/07/2026;10:01:38;Novo (0);Regular (1);39;AGORA CTVM S/A;39;AGORA CTVM S/A
BBAS3;5.116;0,02%;109.004.418;Balcão;23/07/2026;10:01:38;Novo (0);Regular (1);39;AGORA CTVM S/A;39;AGORA CTVM S/A
BBAS3;832;0,02%;109.004.397;Balcão;23/07/2026;10:01:38;Novo (0);Regular (1);39;AGORA CTVM S/A;39;AGORA CTVM S/A
BBAS3;671;0,02%;109.004.378;Balcão;23/07/2026;10:01:38;Novo (0);Regular (1);39;AGORA CTVM S/A;39;AGORA CTVM S/A
ITUB4;62.530;0,03%;109.004.402;Balcão;23/07/2026;10:01:38;Novo (0);Regular (1);39;AGORA CTVM S/A;39;AGORA CTVM S/A
BBAS3;8.000;0,02%;109.004.391;Balcão;23/07/2026;10:01:38;Novo (0);Regular (1);39;AGORA CTVM S/A;39;AGORA CTVM S/A
ITUB4;28.197;0,03%;109.004.400;Balcão;23/07/2026;10:01:38;Novo (0);Regular (1);39;AGORA CTVM S/A;39;AGORA CTVM S/A
ITUB4;3.397;0,03%;109.004.359;Balcão;23/07/2026;10:01:38;Novo (0);Regular (1);39;AGORA CTVM S/A;39;AGORA CTVM S/A
ITUB4;11.327;0,03%;109.004.361;Balcão;23/07/2026;10:01:38;Novo (0);Regular (1);39;AGORA CTVM S/A;39;AGORA CTVM S/A
SUZB3;35.000;0,03%;109.006.478;Balcão;23/07/2026;10:01:38;Novo (0);Regular (1);114;ITAU CV S/A;39;AGORA CTVM S/A
BPAC11;5.940;0,01%;109.004.393;Balcão;23/07/2026;10:01:37;Novo (0);Regular (1);39;AGORA CTVM S/A;39;AGORA CTVM S/A
ITUB4;40.528;0,03%;109.004.416;Balcão;23/07/2026;10:01:37;Novo (0);Regular (1);39;AGORA CTVM S/A;39;AGORA CTVM S/A
SUZB3;17.303;0,03%;109.006.353;Balcão;23/07/2026;10:01:37;Novo (0);Regular (1);39;AGORA CTVM S/A;39;AGORA CTVM S/A
ITUB4;36.793;0,03%;109.004.410;Balcão;23/07/2026;10:01:37;Novo (0);Regular (1);39;AGORA CTVM S/A;39;AGORA CTVM S/A
ITUB4;81.710;0,03%;109.004.409;Balcão;23/07/2026;10:01:37;Novo (0);Regular (1);39;AGORA CTVM S/A;39;AGORA CTVM S/A
BBAS3;500.000;0,02%;109.006.479;Balcão;23/07/2026;10:01:37;Novo (0);Regular (1);114;ITAU CV S/A;39;AGORA CTVM S/A
SUZB3;1.377;0,03%;109.006.367;Balcão;23/07/2026;10:01:37;Novo (0);Regular (1);39;AGORA CTVM S/A;39;AGORA CTVM S/A
BPAC11;1.294;0,01%;109.004.382;Balcão;23/07/2026;10:01:37;Novo (0);Regular (1);39;AGORA CTVM S/A;39;AGORA CTVM S/A
BBAS3;3.201;0,02%;109.004.375;Balcão;23/07/2026;10:01:37;Novo (0);Regular (1);39;AGORA CTVM S/A;39;AGORA CTVM S/A
ITUB4;816.844;0,03%;109.004.407;Balcão;23/07/2026;10:01:37;Novo (0);Regular (1);39;AGORA CTVM S/A;39;AGORA CTVM S/A
ITUB4;43.616;0,03%;109.004.404;Balcão;23/07/2026;10:01:37;Novo (0);Regular (1);39;AGORA CTVM S/A;39;AGORA CTVM S/A
ITUB4;204.578;0,03%;109.004.411;Balcão;23/07/2026;10:01:37;Novo (0);Regular (1);39;AGORA CTVM S/A;39;AGORA CTVM S/A
BBAS3;850;0,02%;109.004.386;Balcão;23/07/2026;10:01:37;Novo (0);Regular (1);39;AGORA CTVM S/A;39;AGORA CTVM S/A
IGTI11;2.600;0,25%;109.004.412;Balcão;23/07/2026;10:01:37;Novo (0);Regular (1);39;AGORA CTVM S/A;39;AGORA CTVM S/A
AURE3;4.000;0,04%;109.004.413;Balcão;23/07/2026;10:01:37;Novo (0);Regular (1);39;AGORA CTVM S/A;39;AGORA CTVM S/A
ITUB4;155.213;0,03%;109.004.387;Balcão;23/07/2026;10:01:37;Novo (0);Regular (1);39;AGORA CTVM S/A;39;AGORA CTVM S/A
ITUB4;54.126;0,03%;109.004.380;Balcão;23/07/2026;10:01:37;Novo (0);Regular (1);39;AGORA CTVM S/A;39;AGORA CTVM S/A
SUZB3;233;0,03%;109.006.369;Balcão;23/07/2026;10:01:36;Novo (0);Regular (1);39;AGORA CTVM S/A;39;AGORA CTVM S/A
ITUB4;159.050;0,03%;109.004.390;Balcão;23/07/2026;10:01:36;Novo (0);Regular (1);39;AGORA CTVM S/A;39;AGORA CTVM S/A
SUZB3;1.157;0,03%;109.006.366;Balcão;23/07/2026;10:01:36;Novo (0);Regular (1);39;AGORA CTVM S/A;39;AGORA CTVM S/A
ITUB4;3.620;0,03%;109.004.368;Balcão;23/07/2026;10:01:36;Novo (0);Regular (1);39;AGORA CTVM S/A;39;AGORA CTVM S/A
ITUB4;3.480;0,03%;109.004.360;Balcão;23/07/2026;10:01:36;Novo (0);Regular (1);39;AGORA CTVM S/A;39;AGORA CTVM S/A
ITUB4;36.190;0,03%;109.004.374;Balcão;23/07/2026;10:01:36;Novo (0);Regular (1);39;AGORA CTVM S/A;39;AGORA CTVM S/A
ITUB3;10;1,16%;109.006.893;Balcão;23/07/2026;10:01:36;Novo (0);Regular (1);85;BTG PACTUAL CTVM S/A;23;NECTON INVESTIMENTOS - BTG PACTUAL CTVM S.A
ITUB4;2.781;0,03%;109.004.364;Balcão;23/07/2026;10:01:36;Novo (0);Regular (1);39;AGORA CTVM S/A;39;AGORA CTVM S/A
ITUB4;8.957;0,03%;109.004.414;Balcão;23/07/2026;10:01:36;Novo (0);Regular (1);39;AGORA CTVM S/A;39;AGORA CTVM S/A
SUZB3;152.542;0,03%;109.006.355;Balcão;23/07/2026;10:01:36;Novo (0);Regular (1);39;AGORA CTVM S/A;39;AGORA CTVM S/A
SUZB3;1.579;0,03%;109.006.356;Balcão;23/07/2026;10:01:36;Novo (0);Regular (1);39;AGORA CTVM S/A;39;AGORA CTVM S/A
SUZB3;1.392;0,03%;109.006.354;Balcão;23/07/2026;10:01:36;Novo (0);Regular (1);39;AGORA CTVM S/A;39;AGORA CTVM S/A
ITUB4;1.600.000;0,03%;109.006.461;Balcão;23/07/2026;10:01:36;Novo (0);Regular (1);114;ITAU CV S/A;39;AGORA CTVM S/A
ITUB4;18.826;0,03%;109.004.366;Balcão;23/07/2026;10:01:36;Novo (0);Regular (1);39;AGORA CTVM S/A;39;AGORA CTVM S/A
ITUB4;102.093;0,03%;109.004.395;Balcão;23/07/2026;10:01:36;Novo (0);Regular (1);39;AGORA CTVM S/A;39;AGORA CTVM S/A
BBAS3;7.700;0,02%;109.004.415;Balcão;23/07/2026;10:01:36;Novo (0);Regular (1);39;AGORA CTVM S/A;39;AGORA CTVM S/A
ITUB4;9.109;0,03%;109.004.385;Balcão;23/07/2026;10:01:36;Novo (0);Regular (1);39;AGORA CTVM S/A;39;AGORA CTVM S/A
ITUB4;40.866;0,03%;109.004.403;Balcão;23/07/2026;10:01:36;Novo (0);Regular (1);39;AGORA CTVM S/A;39;AGORA CTVM S/A
ITUB4;42.000;0,03%;109.004.384;Balcão;23/07/2026;10:01:36;Novo (0);Regular (1);39;AGORA CTVM S/A;39;AGORA CTVM S/A
SUZB3;100;0,03%;109.006.370;Balcão;23/07/2026;10:01:36;Novo (0);Regular (1);39;AGORA CTVM S/A;39;AGORA CTVM S/A
ITUB4;46.744;0,03%;109.004.379;Balcão;23/07/2026;10:01:35;Novo (0);Regular (1);39;AGORA CTVM S/A;39;AGORA CTVM S/A
SUZB3;27.521;0,03%;109.006.365;Balcão;23/07/2026;10:01:35;Novo (0);Regular (1);39;AGORA CTVM S/A;39;AGORA CTVM S/A
ITUB3;45;1,16%;109.006.890;Balcão;23/07/2026;10:01:35;Novo (0);Regular (1);85;BTG PACTUAL CTVM S/A;23;NECTON INVESTIMENTOS - BTG PACTUAL CTVM S.A
ABEV3;83.350;5,00%;109.004.394;Balcão;23/07/2026;10:01:35;Novo (0);Regular (1);39;AGORA CTVM S/A;39;AGORA CTVM S/A
ITUB3;1;1,16%;109.006.892;Balcão;23/07/2026;10:01:35;Novo (0);Regular (1);85;BTG PACTUAL CTVM S/A;23;NECTON INVESTIMENTOS - BTG PACTUAL CTVM S.A
LREN3;213;0,05%;109.006.891;Balcão;23/07/2026;10:01:33;Novo (0);Regular (1);85;BTG PACTUAL CTVM S/A;23;NECTON INVESTIMENTOS - BTG PACTUAL CTVM S.A
ITUB3;3;1,16%;109.006.889;Balcão;23/07/2026;10:01:33;Novo (0);Regular (1);85;BTG PACTUAL CTVM S/A;23;NECTON INVESTIMENTOS - BTG PACTUAL CTVM S.A
ITUB3;54;1,16%;109.006.882;Balcão;23/07/2026;10:01:33;Novo (0);Regular (1);85;BTG PACTUAL CTVM S/A;23;NECTON INVESTIMENTOS - BTG PACTUAL CTVM S.A
ITUB3;100;1,16%;109.006.877;Balcão;23/07/2026;10:01:33;Novo (0);Regular (1);85;BTG PACTUAL CTVM S/A;23;NECTON INVESTIMENTOS - BTG PACTUAL CTVM S.A
ITUB3;1;1,16%;109.006.887;Balcão;23/07/2026;10:01:33;Novo (0);Regular (1);85;BTG PACTUAL CTVM S/A;23;NECTON INVESTIMENTOS - BTG PACTUAL CTVM S.A
ITUB3;91;1,16%;109.006.880;Balcão;23/07/2026;10:01:32;Novo (0);Regular (1);85;BTG PACTUAL CTVM S/A;23;NECTON INVESTIMENTOS - BTG PACTUAL CTVM S.A
ITUB3;32;1,16%;109.006.872;Balcão;23/07/2026;10:01:32;Novo (0);Regular (1);85;BTG PACTUAL CTVM S/A;23;NECTON INVESTIMENTOS - BTG PACTUAL CTVM S.A
ITUB3;1;1,16%;109.006.884;Balcão;23/07/2026;10:01:32;Novo (0);Regular (1);85;BTG PACTUAL CTVM S/A;23;NECTON INVESTIMENTOS - BTG PACTUAL CTVM S.A
ITUB3;205;1,16%;109.006.878;Balcão;23/07/2026;10:01:32;Novo (0);Regular (1);85;BTG PACTUAL CTVM S/A;23;NECTON INVESTIMENTOS - BTG PACTUAL CTVM S.A
ITUB3;9;1,16%;109.006.888;Balcão;23/07/2026;10:01:32;Novo (0);Regular (1);85;BTG PACTUAL CTVM S/A;23;NECTON INVESTIMENTOS - BTG PACTUAL CTVM S.A
ITUB3;1;1,16%;109.006.886;Balcão;23/07/2026;10:01:32;Novo (0);Regular (1);85;BTG PACTUAL CTVM S/A;23;NECTON INVESTIMENTOS - BTG PACTUAL CTVM S.A
ITUB3;2;1,16%;109.006.871;Balcão;23/07/2026;10:01:32;Novo (0);Regular (1);85;BTG PACTUAL CTVM S/A;23;NECTON INVESTIMENTOS - BTG PACTUAL CTVM S.A
ITUB3;31;1,16%;109.006.873;Balcão;23/07/2026;10:01:32;Novo (0);Regular (1);85;BTG PACTUAL CTVM S/A;23;NECTON INVESTIMENTOS - BTG PACTUAL CTVM S.A
ITUB3;6;1,16%;109.006.883;Balcão;23/07/2026;10:01:32;Novo (0);Regular (1);85;BTG PACTUAL CTVM S/A;23;NECTON INVESTIMENTOS - BTG PACTUAL CTVM S.A
ITUB3;71;1,16%;109.006.881;Balcão;23/07/2026;10:01:32;Novo (0);Regular (1);85;BTG PACTUAL CTVM S/A;23;NECTON INVESTIMENTOS - BTG PACTUAL CTVM S.A
ITUB3;1;1,16%;109.006.885;Balcão;23/07/2026;10:01:31;Novo (0);Regular (1);85;BTG PACTUAL CTVM S/A;23;NECTON INVESTIMENTOS - BTG PACTUAL CTVM S.A
ITUB3;1;1,16%;109.006.879;Balcão;23/07/2026;10:01:31;Novo (0);Regular (1);85;BTG PACTUAL CTVM S/A;23;NECTON INVESTIMENTOS - BTG PACTUAL CTVM S.A
ITUB3;5;1,16%;109.006.875;Balcão;23/07/2026;10:01:31;Novo (0);Regular (1);85;BTG PACTUAL CTVM S/A;23;NECTON INVESTIMENTOS - BTG PACTUAL CTVM S.A
ITUB3;17;1,16%;109.006.874;Balcão;23/07/2026;10:01:31;Novo (0);Regular (1);85;BTG PACTUAL CTVM S/A;23;NECTON INVESTIMENTOS - BTG PACTUAL CTVM S.A
ITUB3;2;1,16%;109.006.868;Balcão;23/07/2026;10:01:31;Novo (0);Regular (1);85;BTG PACTUAL CTVM S/A;23;NECTON INVESTIMENTOS - BTG PACTUAL CTVM S.A
ITUB3;10;1,16%;109.006.876;Balcão;23/07/2026;10:01:31;Novo (0);Regular (1);85;BTG PACTUAL CTVM S/A;23;NECTON INVESTIMENTOS - BTG PACTUAL CTVM S.A
ITUB3;1;1,16%;109.006.866;Balcão;23/07/2026;10:01:31;Novo (0);Regular (1);85;BTG PACTUAL CTVM S/A;23;NECTON INVESTIMENTOS - BTG PACTUAL CTVM S.A
ITUB3;33;1,16%;109.006.858;Balcão;23/07/2026;10:01:31;Novo (0);Regular (1);85;BTG PACTUAL CTVM S/A;23;NECTON INVESTIMENTOS - BTG PACTUAL CTVM S.A
ITUB3;73;1,16%;109.006.867;Balcão;23/07/2026;10:01:31;Novo (0);Regular (1);85;BTG PACTUAL CTVM S/A;23;NECTON INVESTIMENTOS - BTG PACTUAL CTVM S.A
ITUB3;112;1,16%;109.006.856;Balcão;23/07/2026;10:01:31;Novo (0);Regular (1);85;BTG PACTUAL CTVM S/A;23;NECTON INVESTIMENTOS - BTG PACTUAL CTVM S.A
ITUB3;13;1,16%;109.006.861;Balcão;23/07/2026;10:01:30;Novo (0);Regular (1);85;BTG PACTUAL CTVM S/A;23;NECTON INVESTIMENTOS - BTG PACTUAL CTVM S.A
ITUB3;1;1,16%;109.006.870;Balcão;23/07/2026;10:01:30;Novo (0);Regular (1);85;BTG PACTUAL CTVM S/A;23;NECTON INVESTIMENTOS - BTG PACTUAL CTVM S.A
ITUB3;64;1,16%;109.006.845;Balcão;23/07/2026;10:01:30;Novo (0);Regular (1);85;BTG PACTUAL CTVM S/A;23;NECTON INVESTIMENTOS - BTG PACTUAL CTVM S.A
ITUB3;27;1,16%;109.006.859;Balcão;23/07/2026;10:01:30;Novo (0);Regular (1);85;BTG PACTUAL CTVM S/A;23;NECTON INVESTIMENTOS - BTG PACTUAL CTVM S.A
ITUB3;39;1,16%;109.006.836;Balcão;23/07/2026;10:01:30;Novo (0);Regular (1);85;BTG PACTUAL CTVM S/A;23;NECTON INVESTIMENTOS - BTG PACTUAL CTVM S.A
ITUB3;56;1,16%;109.006.855;Balcão;23/07/2026;10:01:30;Novo (0);Regular (1);85;BTG PACTUAL CTVM S/A;23;NECTON INVESTIMENTOS - BTG PACTUAL CTVM S.A
ITUB3;79;1,16%;109.006.849;Balcão;23/07/2026;10:01:30;Novo (0);Regular (1);85;BTG PACTUAL CTVM S/A;23;NECTON INVESTIMENTOS - BTG PACTUAL CTVM S.A
ITUB3;38;1,16%;109.006.852;Balcão;23/07/2026;10:01:30;Novo (0);Regular (1);85;BTG PACTUAL CTVM S/A;23;NECTON INVESTIMENTOS - BTG PACTUAL CTVM S.A
ITUB3;110;1,16%;109.006.862;Balcão;23/07/2026;10:01:29;Novo (0);Regular (1);85;BTG PACTUAL CTVM S/A;23;NECTON INVESTIMENTOS - BTG PACTUAL CTVM S.A
ITUB3;30;1,16%;109.006.869;Balcão;23/07/2026;10:01:29;Novo (0);Regular (1);85;BTG PACTUAL CTVM S/A;23;NECTON INVESTIMENTOS - BTG PACTUAL CTVM S.A
ITUB3;16;1,16%;109.006.860;Balcão;23/07/2026;10:01:29;Novo (0);Regular (1);85;BTG PACTUAL CTVM S/A;23;NECTON INVESTIMENTOS - BTG PACTUAL CTVM S.A
ITUB3;7;1,16%;109.006.864;Balcão;23/07/2026;10:01:29;Novo (0);Regular (1);85;BTG PACTUAL CTVM S/A;23;NECTON INVESTIMENTOS - BTG PACTUAL CTVM S.A
ITUB3;21;1,16%;109.006.831;Balcão;23/07/2026;10:01:29;Novo (0);Regular (1);85;BTG PACTUAL CTVM S/A;23;NECTON INVESTIMENTOS - BTG PACTUAL CTVM S.A
ITUB3;44;1,16%;109.006.850;Balcão;23/07/2026;10:01:29;Novo (0);Regular (1);85;BTG PACTUAL CTVM S/A;23;NECTON INVESTIMENTOS - BTG PACTUAL CTVM S.A
ITUB3;147;1,16%;109.006.829;Balcão;23/07/2026;10:01:29;Novo (0);Regular (1);85;BTG PACTUAL CTVM S/A;23;NECTON INVESTIMENTOS - BTG PACTUAL CTVM S.A
ITUB3;51;1,16%;109.006.851;Balcão;23/07/2026;10:01:29;Novo (0);Regular (1);85;BTG PACTUAL CTVM S/A;23;NECTON INVESTIMENTOS - BTG PACTUAL CTVM S.A
ITUB3;3;1,16%;109.006.863;Balcão;23/07/2026;10:01:29;Novo (0);Regular (1);85;BTG PACTUAL CTVM S/A;23;NECTON INVESTIMENTOS - BTG PACTUAL CTVM S.A
ITUB3;12;1,16%;109.006.854;Balcão;23/07/2026;10:01:29;Novo (0);Regular (1);85;BTG PACTUAL CTVM S/A;23;NECTON INVESTIMENTOS - BTG PACTUAL CTVM S.A
ITUB3;69;1,16%;109.006.843;Balcão;23/07/2026;10:01:29;Novo (0);Regular (1);85;BTG PACTUAL CTVM S/A;23;NECTON INVESTIMENTOS - BTG PACTUAL CTVM S.A
ITUB3;1;1,16%;109.006.846;Balcão;23/07/2026;10:01:29;Novo (0);Regular (1);85;BTG PACTUAL CTVM S/A;23;NECTON INVESTIMENTOS - BTG PACTUAL CTVM S.A
ITUB3;52;1,16%;109.006.838;Balcão;23/07/2026;10:01:29;Novo (0);Regular (1);85;BTG PACTUAL CTVM S/A;23;NECTON INVESTIMENTOS - BTG PACTUAL CTVM S.A
ITUB3;16;1,16%;109.006.835;Balcão;23/07/2026;10:01:29;Novo (0);Regular (1);85;BTG PACTUAL CTVM S/A;23;NECTON INVESTIMENTOS - BTG PACTUAL CTVM S.A
ITUB3;3;1,16%;109.006.826;Balcão;23/07/2026;10:01:29;Novo (0);Regular (1);85;BTG PACTUAL CTVM S/A;23;NECTON INVESTIMENTOS - BTG PACTUAL CTVM S.A
ITUB3;17;1,16%;109.006.857;Balcão;23/07/2026;10:01:29;Novo (0);Regular (1);85;BTG PACTUAL CTVM S/A;23;NECTON INVESTIMENTOS - BTG PACTUAL CTVM S.A
ITUB3;11;1,16%;109.006.828;Balcão;23/07/2026;10:01:29;Novo (0);Regular (1);85;BTG PACTUAL CTVM S/A;23;NECTON INVESTIMENTOS - BTG PACTUAL CTVM S.A
ITUB3;113;1,16%;109.006.847;Balcão;23/07/2026;10:01:29;Novo (0);Regular (1);85;BTG PACTUAL CTVM S/A;23;NECTON INVESTIMENTOS - BTG PACTUAL CTVM S.A
ITUB3;6;1,16%;109.006.830;Balcão;23/07/2026;10:01:29;Novo (0);Regular (1);85;BTG PACTUAL CTVM S/A;23;NECTON INVESTIMENTOS - BTG PACTUAL CTVM S.A
ITUB3;10;1,16%;109.006.865;Balcão;23/07/2026;10:01:28;Novo (0);Regular (1);85;BTG PACTUAL CTVM S/A;23;NECTON INVESTIMENTOS - BTG PACTUAL CTVM S.A
ITUB3;91;1,16%;109.006.848;Balcão;23/07/2026;10:01:28;Novo (0);Regular (1);85;BTG PACTUAL CTVM S/A;23;NECTON INVESTIMENTOS - BTG PACTUAL CTVM S.A
ITUB3;9;1,16%;109.006.853;Balcão;23/07/2026;10:01:28;Novo (0);Regular (1);85;BTG PACTUAL CTVM S/A;23;NECTON INVESTIMENTOS - BTG PACTUAL CTVM S.A
ITUB3;13;1,16%;109.006.842;Balcão;23/07/2026;10:01:28;Novo (0);Regular (1);85;BTG PACTUAL CTVM S/A;23;NECTON INVESTIMENTOS - BTG PACTUAL CTVM S.A
ITUB3;3;1,16%;109.006.841;Balcão;23/07/2026;10:01:28;Novo (0);Regular (1);85;BTG PACTUAL CTVM S/A;23;NECTON INVESTIMENTOS - BTG PACTUAL CTVM S.A
ITUB3;103;1,16%;109.006.839;Balcão;23/07/2026;10:01:28;Novo (0);Regular (1);85;BTG PACTUAL CTVM S/A;23;NECTON INVESTIMENTOS - BTG PACTUAL CTVM S.A
ITUB3;56;1,16%;109.006.827;Balcão;23/07/2026;10:01:28;Novo (0);Regular (1);85;BTG PACTUAL CTVM S/A;23;NECTON INVESTIMENTOS - BTG PACTUAL CTVM S.A
ITUB3;45;1,16%;109.006.832;Balcão;23/07/2026;10:01:28;Novo (0);Regular (1);85;BTG PACTUAL CTVM S/A;23;NECTON INVESTIMENTOS - BTG PACTUAL CTVM S.A
ITUB3;110;1,16%;109.006.833;Balcão;23/07/2026;10:01:28;Novo (0);Regular (1);85;BTG PACTUAL CTVM S/A;23;NECTON INVESTIMENTOS - BTG PACTUAL CTVM S.A
ITUB3;90;1,16%;109.006.844;Balcão;23/07/2026;10:01:28;Novo (0);Regular (1);85;BTG PACTUAL CTVM S/A;23;NECTON INVESTIMENTOS - BTG PACTUAL CTVM S.A
ITUB3;25;1,16%;109.006.840;Balcão;23/07/2026;10:01:28;Novo (0);Regular (1);85;BTG PACTUAL CTVM S/A;23;NECTON INVESTIMENTOS - BTG PACTUAL CTVM S.A
ITUB3;46;1,16%;109.006.818;Balcão;23/07/2026;10:01:28;Novo (0);Regular (1);85;BTG PACTUAL CTVM S/A;23;NECTON INVESTIMENTOS - BTG PACTUAL CTVM S.A
ITUB3;50;1,16%;109.006.812;Balcão;23/07/2026;10:01:28;Novo (0);Regular (1);85;BTG PACTUAL CTVM S/A;23;NECTON INVESTIMENTOS - BTG PACTUAL CTVM S.A
ITUB3;30;1,16%;109.006.823;Balcão;23/07/2026;10:01:28;Novo (0);Regular (1);85;BTG PACTUAL CTVM S/A;23;NECTON INVESTIMENTOS - BTG PACTUAL CTVM S.A
ITUB3;2;1,16%;109.006.824;Balcão;23/07/2026;10:01:28;Novo (0);Regular (1);85;BTG PACTUAL CTVM S/A;23;NECTON INVESTIMENTOS - BTG PACTUAL CTVM S.A
ITUB3;1;1,16%;109.006.834;Balcão;23/07/2026;10:01:27;Novo (0);Regular (1);85;BTG PACTUAL CTVM S/A;23;NECTON INVESTIMENTOS - BTG PACTUAL CTVM S.A
ITUB3;60;1,16%;109.006.837;Balcão;23/07/2026;10:01:27;Novo (0);Regular (1);85;BTG PACTUAL CTVM S/A;23;NECTON INVESTIMENTOS - BTG PACTUAL CTVM S.A
ITUB3;220;1,16%;109.006.804;Balcão;23/07/2026;10:01:27;Novo (0);Regular (1);85;BTG PACTUAL CTVM S/A;23;NECTON INVESTIMENTOS - BTG PACTUAL CTVM S.A
ITUB3;119;1,16%;109.006.808;Balcão;23/07/2026;10:01:27;Novo (0);Regular (1);85;BTG PACTUAL CTVM S/A;23;NECTON INVESTIMENTOS - BTG PACTUAL CTVM S.A
ITUB3;4;1,16%;109.006.814;Balcão;23/07/2026;10:01:27;Novo (0);Regular (1);85;BTG PACTUAL CTVM S/A;23;NECTON INVESTIMENTOS - BTG PACTUAL CTVM S.A
ITUB3;56;1,16%;109.006.825;Balcão;23/07/2026;10:01:27;Novo (0);Regular (1);85;BTG PACTUAL CTVM S/A;23;NECTON INVESTIMENTOS - BTG PACTUAL CTVM S.A
ITUB3;34;1,16%;109.006.822;Balcão;23/07/2026;10:01:27;Novo (0);Regular (1);85;BTG PACTUAL CTVM S/A;23;NECTON INVESTIMENTOS - BTG PACTUAL CTVM S.A
ITUB3;2;1,16%;109.006.821;Balcão;23/07/2026;10:01:27;Novo (0);Regular (1);85;BTG PACTUAL CTVM S/A;23;NECTON INVESTIMENTOS - BTG PACTUAL CTVM S.A
ITUB3;72;1,16%;109.006.820;Balcão;23/07/2026;10:01:26;Novo (0);Regular (1);85;BTG PACTUAL CTVM S/A;23;NECTON INVESTIMENTOS - BTG PACTUAL CTVM S.A
ITUB3;9;1,16%;109.006.819;Balcão;23/07/2026;10:01:26;Novo (0);Regular (1);85;BTG PACTUAL CTVM S/A;23;NECTON INVESTIMENTOS - BTG PACTUAL CTVM S.A
ITUB3;45;1,16%;109.006.816;Balcão;23/07/2026;10:01:26;Novo (0);Regular (1);85;BTG PACTUAL CTVM S/A;23;NECTON INVESTIMENTOS - BTG PACTUAL CTVM S.A
ITUB3;16;1,16%;109.006.815;Balcão;23/07/2026;10:01:26;Novo (0);Regular (1);85;BTG PACTUAL CTVM S/A;23;NECTON INVESTIMENTOS - BTG PACTUAL CTVM S.A
ITUB3;139;1,16%;109.006.799;Balcão;23/07/2026;10:01:26;Novo (0);Regular (1);85;BTG PACTUAL CTVM S/A;23;NECTON INVESTIMENTOS - BTG PACTUAL CTVM S.A
ITUB3;100;1,16%;109.006.811;Balcão;23/07/2026;10:01:26;Novo (0);Regular (1);85;BTG PACTUAL CTVM S/A;23;NECTON INVESTIMENTOS - BTG PACTUAL CTVM S.A
ITUB3;57;1,16%;109.006.817;Balcão;23/07/2026;10:01:26;Novo (0);Regular (1);85;BTG PACTUAL CTVM S/A;23;NECTON INVESTIMENTOS - BTG PACTUAL CTVM S.A
ITUB3;50;1,16%;109.006.813;Balcão;23/07/2026;10:01:25;Novo (0);Regular (1);85;BTG PACTUAL CTVM S/A;23;NECTON INVESTIMENTOS - BTG PACTUAL CTVM S.A
ITUB3;213;1,16%;109.006.806;Balcão;23/07/2026;10:01:25;Novo (0);Regular (1);85;BTG PACTUAL CTVM S/A;23;NECTON INVESTIMENTOS - BTG PACTUAL CTVM S.A
ITUB3;5;1,16%;109.006.801;Balcão;23/07/2026;10:01:25;Novo (0);Regular (1);85;BTG PACTUAL CTVM S/A;23;NECTON INVESTIMENTOS - BTG PACTUAL CTVM S.A
ITUB3;113;1,16%;109.006.802;Balcão;23/07/2026;10:01:25;Novo (0);Regular (1);85;BTG PACTUAL CTVM S/A;23;NECTON INVESTIMENTOS - BTG PACTUAL CTVM S.A
ITUB3;43;1,16%;109.006.809;Balcão;23/07/2026;10:01:25;Novo (0);Regular (1);85;BTG PACTUAL CTVM S/A;23;NECTON INVESTIMENTOS - BTG PACTUAL CTVM S.A
ITUB3;2;1,16%;109.006.793;Balcão;23/07/2026;10:01:24;Novo (0);Regular (1);85;BTG PACTUAL CTVM S/A;23;NECTON INVESTIMENTOS - BTG PACTUAL CTVM S.A
ITUB3;103;1,16%;109.006.810;Balcão;23/07/2026;10:01:24;Novo (0);Regular (1);85;BTG PACTUAL CTVM S/A;23;NECTON INVESTIMENTOS - BTG PACTUAL CTVM S.A
ITUB3;100;1,16%;109.006.800;Balcão;23/07/2026;10:01:24;Novo (0);Regular (1);85;BTG PACTUAL CTVM S/A;23;NECTON INVESTIMENTOS - BTG PACTUAL CTVM S.A
ITUB3;192;1,16%;109.006.803;Balcão;23/07/2026;10:01:24;Novo (0);Regular (1);85;BTG PACTUAL CTVM S/A;23;NECTON INVESTIMENTOS - BTG PACTUAL CTVM S.A
ITUB3;103;1,16%;109.006.805;Balcão;23/07/2026;10:01:24;Novo (0);Regular (1);85;BTG PACTUAL CTVM S/A;23;NECTON INVESTIMENTOS - BTG PACTUAL CTVM S.A
ITUB3;180;1,16%;109.006.807;Balcão;23/07/2026;10:01:24;Novo (0);Regular (1);85;BTG PACTUAL CTVM S/A;23;NECTON INVESTIMENTOS - BTG PACTUAL CTVM S.A
ITUB3;120;1,16%;109.006.797;Balcão;23/07/2026;10:01:24;Novo (0);Regular (1);85;BTG PACTUAL CTVM S/A;23;NECTON INVESTIMENTOS - BTG PACTUAL CTVM S.A
ITUB3;206;1,16%;109.006.788;Balcão;23/07/2026;10:01:23;Novo (0);Regular (1);85;BTG PACTUAL CTVM S/A;23;NECTON INVESTIMENTOS - BTG PACTUAL CTVM S.A
ITUB3;124;1,16%;109.006.794;Balcão;23/07/2026;10:01:23;Novo (0);Regular (1);85;BTG PACTUAL CTVM S/A;23;NECTON INVESTIMENTOS - BTG PACTUAL CTVM S.A
ITUB3;22;1,16%;109.006.796;Balcão;23/07/2026;10:01:23;Novo (0);Regular (1);85;BTG PACTUAL CTVM S/A;23;NECTON INVESTIMENTOS - BTG PACTUAL CTVM S.A
ITUB3;140;1,16%;109.006.795;Balcão;23/07/2026;10:01:23;Novo (0);Regular (1);85;BTG PACTUAL CTVM S/A;23;NECTON INVESTIMENTOS - BTG PACTUAL CTVM S.A
ITUB3;162;1,16%;109.006.792;Balcão;23/07/2026;10:01:23;Novo (0);Regular (1);85;BTG PACTUAL CTVM S/A;23;NECTON INVESTIMENTOS - BTG PACTUAL CTVM S.A
ITUB3;103;1,16%;109.006.789;Balcão;23/07/2026;10:01:23;Novo (0);Regular (1);85;BTG PACTUAL CTVM S/A;23;NECTON INVESTIMENTOS - BTG PACTUAL CTVM S.A
ITUB3;21;1,16%;109.006.798;Balcão;23/07/2026;10:01:23;Novo (0);Regular (1);85;BTG PACTUAL CTVM S/A;23;NECTON INVESTIMENTOS - BTG PACTUAL CTVM S.A
ITUB3;191;1,16%;109.006.786;Balcão;23/07/2026;10:01:23;Novo (0);Regular (1);85;BTG PACTUAL CTVM S/A;23;NECTON INVESTIMENTOS - BTG PACTUAL CTVM S.A
ITUB3;5;1,16%;109.006.790;Balcão;23/07/2026;10:01:22;Novo (0);Regular (1);85;BTG PACTUAL CTVM S/A;23;NECTON INVESTIMENTOS - BTG PACTUAL CTVM S.A
ITUB3;170;1,16%;109.006.791;Balcão;23/07/2026;10:01:22;Novo (0);Regular (1);85;BTG PACTUAL CTVM S/A;23;NECTON INVESTIMENTOS - BTG PACTUAL CTVM S.A
ITUB3;147;1,16%;109.006.787;Balcão;23/07/2026;10:01:21;Novo (0);Regular (1);85;BTG PACTUAL CTVM S/A;23;NECTON INVESTIMENTOS - BTG PACTUAL CTVM S.A
ITUB3;24;1,16%;109.006.785;Balcão;23/07/2026;10:01:20;Novo (0);Regular (1);85;BTG PACTUAL CTVM S/A;23;NECTON INVESTIMENTOS - BTG PACTUAL CTVM S.A
ITUB3;1.246;1,16%;109.006.783;Balcão;23/07/2026;10:00:40;Novo (0);Regular (1);85;BTG PACTUAL CTVM S/A;23;NECTON INVESTIMENTOS - BTG PACTUAL CTVM S.A
ITUB3;370;1,16%;109.006.782;Balcão;23/07/2026;10:00:38;Novo (0);Regular (1);85;BTG PACTUAL CTVM S/A;23;NECTON INVESTIMENTOS - BTG PACTUAL CTVM S.A
ITUB3;1.000;1,16%;109.006.774;Balcão;23/07/2026;10:00:36;Novo (0);Regular (1);85;BTG PACTUAL CTVM S/A;23;NECTON INVESTIMENTOS - BTG PACTUAL CTVM S.A
ITUB3;722;1,16%;109.006.779;Balcão;23/07/2026;10:00:36;Novo (0);Regular (1);85;BTG PACTUAL CTVM S/A;23;NECTON INVESTIMENTOS - BTG PACTUAL CTVM S.A
ITUB3;927;1,16%;109.006.777;Balcão;23/07/2026;10:00:36;Novo (0);Regular (1);85;BTG PACTUAL CTVM S/A;23;NECTON INVESTIMENTOS - BTG PACTUAL CTVM S.A
ITUB3;178;1,16%;109.006.780;Balcão;23/07/2026;10:00:36;Novo (0);Regular (1);85;BTG PACTUAL CTVM S/A;23;NECTON INVESTIMENTOS - BTG PACTUAL CTVM S.A
ITUB3;431;1,16%;109.006.781;Balcão;23/07/2026;10:00:36;Novo (0);Regular (1);85;BTG PACTUAL CTVM S/A;23;NECTON INVESTIMENTOS - BTG PACTUAL CTVM S.A
ITUB3;317;1,16%;109.006.770;Balcão;23/07/2026;10:00:36;Novo (0);Regular (1);85;BTG PACTUAL CTVM S/A;23;NECTON INVESTIMENTOS - BTG PACTUAL CTVM S.A
ITUB3;419;1,16%;109.006.778;Balcão;23/07/2026;10:00:36;Novo (0);Regular (1);85;BTG PACTUAL CTVM S/A;23;NECTON INVESTIMENTOS - BTG PACTUAL CTVM S.A
ITUB3;906;1,16%;109.006.765;Balcão;23/07/2026;10:00:36;Novo (0);Regular (1);85;BTG PACTUAL CTVM S/A;23;NECTON INVESTIMENTOS - BTG PACTUAL CTVM S.A
ITUB3;651;1,16%;109.006.768;Balcão;23/07/2026;10:00:36;Novo (0);Regular (1);85;BTG PACTUAL CTVM S/A;23;NECTON INVESTIMENTOS - BTG PACTUAL CTVM S.A
ITUB3;1.245;1,16%;109.006.766;Balcão;23/07/2026;10:00:35;Novo (0);Regular (1);85;BTG PACTUAL CTVM S/A;23;NECTON INVESTIMENTOS - BTG PACTUAL CTVM S.A
ITUB3;303;1,16%;109.006.776;Balcão;23/07/2026;10:00:35;Novo (0);Regular (1);85;BTG PACTUAL CTVM S/A;23;NECTON INVESTIMENTOS - BTG PACTUAL CTVM S.A
ITUB3;453;1,16%;109.006.769;Balcão;23/07/2026;10:00:35;Novo (0);Regular (1);85;BTG PACTUAL CTVM S/A;23;NECTON INVESTIMENTOS - BTG PACTUAL CTVM S.A
ITUB3;330;1,16%;109.006.775;Balcão;23/07/2026;10:00:35;Novo (0);Regular (1);85;BTG PACTUAL CTVM S/A;23;NECTON INVESTIMENTOS - BTG PACTUAL CTVM S.A
ITUB3;231;1,16%;109.006.773;Balcão;23/07/2026;10:00:35;Novo (0);Regular (1);85;BTG PACTUAL CTVM S/A;23;NECTON INVESTIMENTOS - BTG PACTUAL CTVM S.A
ITUB3;1.217;1,16%;109.006.771;Balcão;23/07/2026;10:00:35;Novo (0);Regular (1);85;BTG PACTUAL CTVM S/A;23;NECTON INVESTIMENTOS - BTG PACTUAL CTVM S.A
ITUB3;379;1,16%;109.006.772;Balcão;23/07/2026;10:00:35;Novo (0);Regular (1);85;BTG PACTUAL CTVM S/A;23;NECTON INVESTIMENTOS - BTG PACTUAL CTVM S.A
ITUB3;305;1,16%;109.006.763;Balcão;23/07/2026;10:00:33;Novo (0);Regular (1);85;BTG PACTUAL CTVM S/A;23;NECTON INVESTIMENTOS - BTG PACTUAL CTVM S.A
ITUB3;374;1,16%;109.006.759;Balcão;23/07/2026;10:00:33;Novo (0);Regular (1);85;BTG PACTUAL CTVM S/A;23;NECTON INVESTIMENTOS - BTG PACTUAL CTVM S.A
ITUB3;1.030;1,16%;109.006.762;Balcão;23/07/2026;10:00:33;Novo (0);Regular (1);85;BTG PACTUAL CTVM S/A;23;NECTON INVESTIMENTOS - BTG PACTUAL CTVM S.A
CURY3;400;1,21%;109.006.572;Balcão;23/07/2026;10:00:33;Novo (0);Regular (1);3;XP INVESTIMENTOS CCTVM S/A;3;XP INVESTIMENTOS CCTVM S/A
ITUB3;1.315;1,16%;109.006.753;Balcão;23/07/2026;10:00:32;Novo (0);Regular (1);85;BTG PACTUAL CTVM S/A;23;NECTON INVESTIMENTOS - BTG PACTUAL CTVM S.A
ITUB3;521;1,16%;109.006.760;Balcão;23/07/2026;10:00:32;Novo (0);Regular (1);85;BTG PACTUAL CTVM S/A;23;NECTON INVESTIMENTOS - BTG PACTUAL CTVM S.A
CURY3;5.100;1,21%;109.006.557;Balcão;23/07/2026;10:00:32;Novo (0);Regular (1);3;XP INVESTIMENTOS CCTVM S/A;3;XP INVESTIMENTOS CCTVM S/A
ITUB3;1.878;1,16%;109.006.764;Balcão;23/07/2026;10:00:31;Novo (0);Regular (1);85;BTG PACTUAL CTVM S/A;23;NECTON INVESTIMENTOS - BTG PACTUAL CTVM S.A
ITUB3;241;1,16%;109.006.767;Balcão;23/07/2026;10:00:31;Novo (0);Regular (1);85;BTG PACTUAL CTVM S/A;23;NECTON INVESTIMENTOS - BTG PACTUAL CTVM S.A
ITUB3;1.200;1,16%;109.006.761;Balcão;23/07/2026;10:00:31;Novo (0);Regular (1);85;BTG PACTUAL CTVM S/A;23;NECTON INVESTIMENTOS - BTG PACTUAL CTVM S.A
ITUB3;1.000;1,16%;109.006.757;Balcão;23/07/2026;10:00:30;Novo (0);Regular (1);85;BTG PACTUAL CTVM S/A;23;NECTON INVESTIMENTOS - BTG PACTUAL CTVM S.A
ITUB3;763;1,16%;109.006.755;Balcão;23/07/2026;10:00:30;Novo (0);Regular (1);85;BTG PACTUAL CTVM S/A;23;NECTON INVESTIMENTOS - BTG PACTUAL CTVM S.A
ITUB3;1.105;1,16%;109.006.756;Balcão;23/07/2026;10:00:30;Novo (0);Regular (1);85;BTG PACTUAL CTVM S/A;23;NECTON INVESTIMENTOS - BTG PACTUAL CTVM S.A
ITUB3;10.000;1,16%;109.006.754;Balcão;23/07/2026;10:00:30;Novo (0);Regular (1);85;BTG PACTUAL CTVM S/A;23;NECTON INVESTIMENTOS - BTG PACTUAL CTVM S.A
ITUB3;552;1,16%;109.006.758;Balcão;23/07/2026;10:00:30;Novo (0);Regular (1);85;BTG PACTUAL CTVM S/A;23;NECTON INVESTIMENTOS - BTG PACTUAL CTVM S.A
MULT3;6.843;0,27%;109.006.542;Balcão;23/07/2026;10:00:29;Novo (0);Regular (1);3;XP INVESTIMENTOS CCTVM S/A;3;XP INVESTIMENTOS CCTVM S/A
MULT3;1.157;0,27%;109.006.544;Balcão;23/07/2026;10:00:29;Novo (0);Regular (1);3;XP INVESTIMENTOS CCTVM S/A;3;XP INVESTIMENTOS CCTVM S/A
TASA4;110;0,09%;109.006.750;Balcão;23/07/2026;10:00:25;Novo (0);Regular (1);85;BTG PACTUAL CTVM S/A;8;UBS BRASIL CCTVM S/A
ABEV3;40;2,88%;109.006.739;Balcão;23/07/2026;09:59:46;Novo (0);Regular (1);3;XP INVESTIMENTOS CCTVM S/A;3;XP INVESTIMENTOS CCTVM S/A
MXRF11;22;0,11%;109.006.744;Balcão;23/07/2026;09:59:46;Novo (0);Regular (1);3;XP INVESTIMENTOS CCTVM S/A;3;XP INVESTIMENTOS CCTVM S/A
ABEV3;40;2,88%;109.006.746;Balcão;23/07/2026;09:59:46;Novo (0);Regular (1);3;XP INVESTIMENTOS CCTVM S/A;3;XP INVESTIMENTOS CCTVM S/A
BBAS3;10.000;0,02%;109.006.749;Balcão;23/07/2026;09:59:46;Novo (0);Regular (1);85;BTG PACTUAL CTVM S/A;8;UBS BRASIL CCTVM S/A
MGLU3;2;14,36%;109.006.742;Balcão;23/07/2026;09:59:44;Novo (0);Regular (1);3;XP INVESTIMENTOS CCTVM S/A;3;XP INVESTIMENTOS CCTVM S/A
CPTS11;1;0,33%;109.006.736;Balcão;23/07/2026;09:59:44;Novo (0);Regular (1);3;XP INVESTIMENTOS CCTVM S/A;3;XP INVESTIMENTOS CCTVM S/A
CMIN3;2.000;42,73%;109.006.734;Balcão;23/07/2026;09:59:43;Novo (0);Regular (1);3;XP INVESTIMENTOS CCTVM S/A;3;XP INVESTIMENTOS CCTVM S/A
ABEV3;21;2,88%;109.006.737;Balcão;23/07/2026;09:59:43;Novo (0);Regular (1);3;XP INVESTIMENTOS CCTVM S/A;3;XP INVESTIMENTOS CCTVM S/A
PCAR3;2;17,70%;109.006.732;Balcão;23/07/2026;09:59:43;Novo (0);Regular (1);3;XP INVESTIMENTOS CCTVM S/A;3;XP INVESTIMENTOS CCTVM S/A
IVVB11;153;0,16%;109.006.731;Balcão;23/07/2026;09:59:43;Novo (0);Regular (1);3;XP INVESTIMENTOS CCTVM S/A;3;XP INVESTIMENTOS CCTVM S/A
MXRF11;2;0,11%;109.006.729;Balcão;23/07/2026;09:59:43;Novo (0);Regular (1);3;XP INVESTIMENTOS CCTVM S/A;3;XP INVESTIMENTOS CCTVM S/A
PETR4;10.000;0,08%;109.006.722;Balcão;23/07/2026;09:59:43;Novo (0);Regular (1);3;XP INVESTIMENTOS CCTVM S/A;3;XP INVESTIMENTOS CCTVM S/A
ABEV3;40;2,88%;109.006.725;Balcão;23/07/2026;09:59:43;Novo (0);Regular (1);3;XP INVESTIMENTOS CCTVM S/A;3;XP INVESTIMENTOS CCTVM S/A
CMIN3;1.705;42,73%;109.006.717;Balcão;23/07/2026;09:59:43;Novo (0);Regular (1);3;XP INVESTIMENTOS CCTVM S/A;3;XP INVESTIMENTOS CCTVM S/A
BTLG11;60;0,11%;109.006.716;Balcão;23/07/2026;09:59:41;Novo (0);Regular (1);3;XP INVESTIMENTOS CCTVM S/A;3;XP INVESTIMENTOS CCTVM S/A
ENEV3;5;0,09%;109.006.713;Balcão;23/07/2026;09:59:41;Novo (0);Regular (1);3;XP INVESTIMENTOS CCTVM S/A;3;XP INVESTIMENTOS CCTVM S/A
MXRF11;20;0,11%;109.006.711;Balcão;23/07/2026;09:59:41;Novo (0);Regular (1);3;XP INVESTIMENTOS CCTVM S/A;3;XP INVESTIMENTOS CCTVM S/A
ENEV3;18;0,09%;109.006.710;Balcão;23/07/2026;09:59:41;Novo (0);Regular (1);3;XP INVESTIMENTOS CCTVM S/A;3;XP INVESTIMENTOS CCTVM S/A
CMIN3;1.798;42,73%;109.006.704;Balcão;23/07/2026;09:59:41;Novo (0);Regular (1);3;XP INVESTIMENTOS CCTVM S/A;3;XP INVESTIMENTOS CCTVM S/A
MXRF11;61;0,11%;109.006.708;Balcão;23/07/2026;09:59:41;Novo (0);Regular (1);3;XP INVESTIMENTOS CCTVM S/A;3;XP INVESTIMENTOS CCTVM S/A
CMIN3;1.900;42,73%;109.006.702;Balcão;23/07/2026;09:59:41;Novo (0);Regular (1);3;XP INVESTIMENTOS CCTVM S/A;3;XP INVESTIMENTOS CCTVM S/A
GGRC11;1;1,49%;109.006.700;Balcão;23/07/2026;09:59:41;Novo (0);Regular (1);3;XP INVESTIMENTOS CCTVM S/A;3;XP INVESTIMENTOS CCTVM S/A
IVVB11;1;0,16%;109.006.698;Balcão;23/07/2026;09:59:41;Novo (0);Regular (1);3;XP INVESTIMENTOS CCTVM S/A;3;XP INVESTIMENTOS CCTVM S/A
PETR4;2.800;0,08%;109.006.699;Balcão;23/07/2026;09:59:41;Novo (0);Regular (1);3;XP INVESTIMENTOS CCTVM S/A;3;XP INVESTIMENTOS CCTVM S/A
ABEV3;39;2,88%;109.006.697;Balcão;23/07/2026;09:59:41;Novo (0);Regular (1);3;XP INVESTIMENTOS CCTVM S/A;3;XP INVESTIMENTOS CCTVM S/A
AZZA3;142;29,29%;109.006.694;Balcão;23/07/2026;09:59:41;Novo (0);Regular (1);3;XP INVESTIMENTOS CCTVM S/A;3;XP INVESTIMENTOS CCTVM S/A
CMIN3;1.900;42,73%;109.006.696;Balcão;23/07/2026;09:59:41;Novo (0);Regular (1);3;XP INVESTIMENTOS CCTVM S/A;3;XP INVESTIMENTOS CCTVM S/A
ABEV3;40;2,88%;109.006.691;Balcão;23/07/2026;09:59:40;Novo (0);Regular (1);3;XP INVESTIMENTOS CCTVM S/A;3;XP INVESTIMENTOS CCTVM S/A
ABEV3;40;2,88%;109.006.683;Balcão;23/07/2026;09:59:40;Novo (0);Regular (1);3;XP INVESTIMENTOS CCTVM S/A;3;XP INVESTIMENTOS CCTVM S/A
ABEV3;40;2,88%;109.006.682;Balcão;23/07/2026;09:59:40;Novo (0);Regular (1);3;XP INVESTIMENTOS CCTVM S/A;3;XP INVESTIMENTOS CCTVM S/A
BOVA11;54;0,72%;109.006.653;Balcão;23/07/2026;09:59:40;Novo (0);Regular (1);3;XP INVESTIMENTOS CCTVM S/A;3;XP INVESTIMENTOS CCTVM S/A
CYRE4;398;0,10%;109.006.647;Balcão;23/07/2026;09:59:40;Novo (0);Regular (1);3;XP INVESTIMENTOS CCTVM S/A;3;XP INVESTIMENTOS CCTVM S/A
AZZA3;502;29,29%;109.006.644;Balcão;23/07/2026;09:59:39;Novo (0);Regular (1);3;XP INVESTIMENTOS CCTVM S/A;3;XP INVESTIMENTOS CCTVM S/A
TAEE11;1.923;0,17%;109.006.648;Eletrônico D+1;23/07/2026;09:59:39;Novo (0);Regular (1);3;XP INVESTIMENTOS CCTVM S/A;3;XP INVESTIMENTOS CCTVM S/A
BBSE3;200;0,88%;109.006.673;Balcão;23/07/2026;09:59:39;Novo (0);Regular (1);3;XP INVESTIMENTOS CCTVM S/A;3;XP INVESTIMENTOS CCTVM S/A
BOVA11;60;0,72%;109.006.672;Balcão;23/07/2026;09:59:39;Novo (0);Regular (1);3;XP INVESTIMENTOS CCTVM S/A;3;XP INVESTIMENTOS CCTVM S/A
BOVA11;100;0,72%;109.006.661;Balcão;23/07/2026;09:59:38;Novo (0);Regular (1);3;XP INVESTIMENTOS CCTVM S/A;3;XP INVESTIMENTOS CCTVM S/A
BOVA11;100;0,72%;109.006.656;Balcão;23/07/2026;09:59:38;Novo (0);Regular (1);3;XP INVESTIMENTOS CCTVM S/A;3;XP INVESTIMENTOS CCTVM S/A
EMBJ3;34;0,06%;109.006.636;Balcão;23/07/2026;09:59:38;Novo (0);Regular (1);3;XP INVESTIMENTOS CCTVM S/A;3;XP INVESTIMENTOS CCTVM S/A
EMBJ3;612;0,06%;109.006.638;Balcão;23/07/2026;09:59:38;Novo (0);Regular (1);3;XP INVESTIMENTOS CCTVM S/A;3;XP INVESTIMENTOS CCTVM S/A
TAEE11;377;0,17%;109.006.618;Eletrônico D+1;23/07/2026;09:59:37;Novo (0);Regular (1);3;XP INVESTIMENTOS CCTVM S/A;3;XP INVESTIMENTOS CCTVM S/A
CXSE3;838;0,09%;109.006.587;Balcão;23/07/2026;09:59:36;Novo (0);Regular (1);3;XP INVESTIMENTOS CCTVM S/A;3;XP INVESTIMENTOS CCTVM S/A
KLBN11;400;0,66%;109.006.582;Eletrônico D+1;23/07/2026;09:59:36;Novo (0);Regular (1);3;XP INVESTIMENTOS CCTVM S/A;3;XP INVESTIMENTOS CCTVM S/A
CXSE3;3.150;0,09%;109.006.561;Balcão;23/07/2026;09:59:30;Novo (0);Regular (1);3;XP INVESTIMENTOS CCTVM S/A;3;XP INVESTIMENTOS CCTVM S/A
COGN3;1.400;0,02%;109.006.477;Balcão;23/07/2026;09:58:21;Novo (0);Regular (1);262;MIRAE ASSET WEALTH MANAGEMENT (BRASIL) CCTVM LTDA.;262;MIRAE ASSET WEALTH MANAGEMENT (BRASIL) CCTVM LTDA.
RAPT4;700;0,10%;109.006.476;Balcão;23/07/2026;09:58:21;Novo (0);Regular (1);262;MIRAE ASSET WEALTH MANAGEMENT (BRASIL) CCTVM LTDA.;262;MIRAE ASSET WEALTH MANAGEMENT (BRASIL) CCTVM LTDA.
MRVE3;500;0,15%;109.006.474;Balcão;23/07/2026;09:58:12;Novo (0);Regular (1);262;MIRAE ASSET WEALTH MANAGEMENT (BRASIL) CCTVM LTDA.;262;MIRAE ASSET WEALTH MANAGEMENT (BRASIL) CCTVM LTDA.
CSAN3;300;3,11%;109.006.475;Balcão;23/07/2026;09:58:12;Novo (0);Regular (1);262;MIRAE ASSET WEALTH MANAGEMENT (BRASIL) CCTVM LTDA.;262;MIRAE ASSET WEALTH MANAGEMENT (BRASIL) CCTVM LTDA.
CMIN3;300;42,73%;109.006.469;Balcão;23/07/2026;09:58:11;Novo (0);Regular (1);262;MIRAE ASSET WEALTH MANAGEMENT (BRASIL) CCTVM LTDA.;262;MIRAE ASSET WEALTH MANAGEMENT (BRASIL) CCTVM LTDA.
EGIE3;400;7,59%;109.006.471;Balcão;23/07/2026;09:58:11;Novo (0);Regular (1);262;MIRAE ASSET WEALTH MANAGEMENT (BRASIL) CCTVM LTDA.;262;MIRAE ASSET WEALTH MANAGEMENT (BRASIL) CCTVM LTDA.
MOTV3;100;0,06%;109.006.470;Balcão;23/07/2026;09:58:11;Novo (0);Regular (1);262;MIRAE ASSET WEALTH MANAGEMENT (BRASIL) CCTVM LTDA.;262;MIRAE ASSET WEALTH MANAGEMENT (BRASIL) CCTVM LTDA.
BOVA11;145;0,72%;109.006.472;Balcão;23/07/2026;09:58:11;Novo (0);Regular (1);262;MIRAE ASSET WEALTH MANAGEMENT (BRASIL) CCTVM LTDA.;262;MIRAE ASSET WEALTH MANAGEMENT (BRASIL) CCTVM LTDA.
ARML3;1.200;0,10%;109.006.473;Balcão;23/07/2026;09:58:11;Novo (0);Regular (1);262;MIRAE ASSET WEALTH MANAGEMENT (BRASIL) CCTVM LTDA.;262;MIRAE ASSET WEALTH MANAGEMENT (BRASIL) CCTVM LTDA.
HAPV3;2.500;0,24%;109.006.468;Balcão;23/07/2026;09:57:51;Novo (0);Regular (1);114;ITAU CV S/A;114;ITAU CV S/A
VALE3;1.800;0,20%;109.006.466;Balcão;23/07/2026;09:57:51;Novo (0);Regular (1);114;ITAU CV S/A;114;ITAU CV S/A
HYPE3;2.500;0,08%;109.006.467;Balcão;23/07/2026;09:57:51;Novo (0);Regular (1);114;ITAU CV S/A;114;ITAU CV S/A
VCRA11;2.500;10,00%;109.006.465;Balcão;23/07/2026;09:57:51;Novo (0);Regular (1);114;ITAU CV S/A;114;ITAU CV S/A
BRKM5;4.012;18,15%;109.006.464;Balcão;23/07/2026;09:57:51;Novo (0);Regular (1);114;ITAU CV S/A;114;ITAU CV S/A
B3SA3;31.161;0,02%;109.006.463;Balcão;23/07/2026;09:57:50;Novo (0);Regular (1);114;ITAU CV S/A;114;ITAU CV S/A
GLDI11;125;0,25%;109.006.458;Balcão;23/07/2026;09:57:49;Novo (0);Regular (1);114;ITAU CV S/A;120;GENIAL INSTITUCIONAL CCTVM S/A
CVCB3;69.369;3,97%;109.006.457;Balcão;23/07/2026;09:57:49;Novo (0);Regular (1);114;ITAU CV S/A;93;NOVA FUTURA CTVM LTDA
LJQQ3;100;3,06%;109.006.459;Balcão;23/07/2026;09:57:49;Novo (0);Regular (1);114;ITAU CV S/A;93;NOVA FUTURA CTVM LTDA
SMFT3;702;0,07%;109.006.462;Balcão;23/07/2026;09:57:49;Novo (0);Regular (1);114;ITAU CV S/A;39;AGORA CTVM S/A
SMFT3;269;0,07%;109.006.453;Balcão;23/07/2026;09:57:48;Novo (0);Regular (1);114;ITAU CV S/A;39;AGORA CTVM S/A
HAPV3;5.460;0,24%;109.006.452;Balcão;23/07/2026;09:57:48;Novo (0);Regular (1);114;ITAU CV S/A;127;TULLETT PREBON BRASIL CVC LTDA.
B3SA3;3.606;0,02%;109.006.409;Balcão;23/07/2026;09:56:52;Novo (0);Regular (1);114;ITAU CV S/A;114;ITAU CV S/A
TAEE11;5;0,17%;109.006.408;Balcão;23/07/2026;09:56:51;Novo (0);Regular (1);85;BTG PACTUAL CTVM S/A;1618;IDEAL CTVM S.A.
EGIE3;32;7,59%;109.006.404;Balcão;23/07/2026;09:56:27;Novo (0);Regular (1);114;ITAU CV S/A;114;ITAU CV S/A
INTB3;4.900;0,08%;109.006.406;Balcão;23/07/2026;09:56:27;Novo (0);Regular (1);85;BTG PACTUAL CTVM S/A;23;NECTON INVESTIMENTOS - BTG PACTUAL CTVM S.A
INTB3;960;0,08%;109.006.405;Balcão;23/07/2026;09:56:27;Novo (0);Regular (1);85;BTG PACTUAL CTVM S/A;23;NECTON INVESTIMENTOS - BTG PACTUAL CTVM S.A
EGIE3;3.296;9,72%;109.006.400;Balcão;23/07/2026;09:56:22;Novo (0);Regular (1);114;ITAU CV S/A;114;ITAU CV S/A
EGIE3;7.536;9,72%;109.006.397;Balcão;23/07/2026;09:56:22;Novo (0);Regular (1);114;ITAU CV S/A;114;ITAU CV S/A
EGIE3;121;9,72%;109.006.403;Balcão;23/07/2026;09:56:22;Novo (0);Regular (1);114;ITAU CV S/A;114;ITAU CV S/A
EGIE3;128;9,72%;109.006.398;Balcão;23/07/2026;09:56:22;Novo (0);Regular (1);114;ITAU CV S/A;114;ITAU CV S/A
EGIE3;1.692;9,72%;109.006.399;Balcão;23/07/2026;09:56:22;Novo (0);Regular (1);114;ITAU CV S/A;114;ITAU CV S/A
EGIE3;990;9,72%;109.006.402;Balcão;23/07/2026;09:56:22;Novo (0);Regular (1);114;ITAU CV S/A;114;ITAU CV S/A
EGIE3;1.830;9,72%;109.006.384;Balcão;23/07/2026;09:56:22;Novo (0);Regular (1);114;ITAU CV S/A;114;ITAU CV S/A
EGIE3;898;9,72%;109.006.386;Balcão;23/07/2026;09:56:22;Novo (0);Regular (1);114;ITAU CV S/A;114;ITAU CV S/A
EGIE3;3.009;9,72%;109.006.395;Balcão;23/07/2026;09:56:22;Novo (0);Regular (1);114;ITAU CV S/A;114;ITAU CV S/A
EGIE3;2.000;9,72%;109.006.401;Balcão;23/07/2026;09:56:22;Novo (0);Regular (1);114;ITAU CV S/A;114;ITAU CV S/A
EGIE3;15.262;9,72%;109.006.383;Balcão;23/07/2026;09:56:21;Novo (0);Regular (1);114;ITAU CV S/A;114;ITAU CV S/A
EGIE3;424;9,72%;109.006.389;Balcão;23/07/2026;09:56:21;Novo (0);Regular (1);114;ITAU CV S/A;114;ITAU CV S/A
EGIE3;3.321;9,72%;109.006.381;Balcão;23/07/2026;09:56:21;Novo (0);Regular (1);114;ITAU CV S/A;114;ITAU CV S/A
EGIE3;289;9,72%;109.006.385;Balcão;23/07/2026;09:56:21;Novo (0);Regular (1);114;ITAU CV S/A;114;ITAU CV S/A
EGIE3;211;9,72%;109.006.382;Balcão;23/07/2026;09:56:19;Novo (0);Regular (1);114;ITAU CV S/A;114;ITAU CV S/A
EGIE3;14.217;9,72%;109.006.391;Balcão;23/07/2026;09:56:19;Novo (0);Regular (1);114;ITAU CV S/A;114;ITAU CV S/A
EGIE3;2.036;9,72%;109.006.388;Balcão;23/07/2026;09:56:19;Novo (0);Regular (1);114;ITAU CV S/A;114;ITAU CV S/A
EGIE3;289;9,72%;109.006.392;Balcão;23/07/2026;09:56:19;Novo (0);Regular (1);114;ITAU CV S/A;114;ITAU CV S/A
EGIE3;1.887;9,72%;109.006.396;Balcão;23/07/2026;09:56:19;Novo (0);Regular (1);114;ITAU CV S/A;114;ITAU CV S/A
EGIE3;748;9,72%;109.006.390;Balcão;23/07/2026;09:56:19;Novo (0);Regular (1);114;ITAU CV S/A;114;ITAU CV S/A
EGIE3;1.118;9,72%;109.006.387;Balcão;23/07/2026;09:56:19;Novo (0);Regular (1);114;ITAU CV S/A;114;ITAU CV S/A
EGIE3;333;9,72%;109.006.393;Balcão;23/07/2026;09:56:19;Novo (0);Regular (1);114;ITAU CV S/A;114;ITAU CV S/A
EGIE3;2.865;9,72%;109.006.394;Balcão;23/07/2026;09:56:19;Novo (0);Regular (1);114;ITAU CV S/A;114;ITAU CV S/A
ASAI3;3.000;18,34%;109.006.380;Balcão;23/07/2026;09:56:06;Novo (0);Regular (1);85;BTG PACTUAL CTVM S/A;85;BTG PACTUAL CTVM S/A
CPFE3;1.988;0,08%;109.002.954;Balcão;23/07/2026;09:55:06;Novo (0);Regular (1);3;XP INVESTIMENTOS CCTVM S/A;3;XP INVESTIMENTOS CCTVM S/A
BRKM5;868;18,15%;109.006.375;Balcão;23/07/2026;09:53:50;Novo (0);Regular (1);114;ITAU CV S/A;114;ITAU CV S/A
BRKM5;458;18,15%;109.006.374;Balcão;23/07/2026;09:53:49;Novo (0);Regular (1);114;ITAU CV S/A;114;ITAU CV S/A
MBRF3;39;6,33%;109.006.373;Balcão;23/07/2026;09:53:49;Novo (0);Regular (1);114;ITAU CV S/A;114;ITAU CV S/A
BRKM5;501;18,15%;109.006.372;Balcão;23/07/2026;09:53:49;Novo (0);Regular (1);114;ITAU CV S/A;114;ITAU CV S/A
MBRF3;4;6,33%;109.006.376;Balcão;23/07/2026;09:53:47;Novo (0);Regular (1);114;ITAU CV S/A;114;ITAU CV S/A
BRKM5;28.251;18,15%;109.006.377;Balcão;23/07/2026;09:53:47;Novo (0);Regular (1);114;ITAU CV S/A;114;ITAU CV S/A
LIGT3;700;18,80%;109.005.833;Balcão;23/07/2026;09:52:16;Novo (0);Regular (1);4090;TORO CTVM SA;4090;TORO CTVM SA
BBSE3;1;0,88%;109.005.390;Balcão;23/07/2026;09:51:41;Novo (0);Regular (1);114;ITAU CV S/A;114;ITAU CV S/A
CMIN3;200;42,73%;109.004.369;Balcão;23/07/2026;09:51:30;Novo (0);Regular (1);85;BTG PACTUAL CTVM S/A;23;NECTON INVESTIMENTOS - BTG PACTUAL CTVM S.A
FLRY3;69;0,04%;109.005.389;Balcão;23/07/2026;09:50:46;Novo (0);Regular (1);85;BTG PACTUAL CTVM S/A;23;NECTON INVESTIMENTOS - BTG PACTUAL CTVM S.A
EZTC3;423;0,05%;109.005.380;Balcão;23/07/2026;09:50:31;Novo (0);Regular (1);85;BTG PACTUAL CTVM S/A;23;NECTON INVESTIMENTOS - BTG PACTUAL CTVM S.A
EZTC3;844;0,05%;109.005.377;Balcão;23/07/2026;09:50:31;Novo (0);Regular (1);85;BTG PACTUAL CTVM S/A;23;NECTON INVESTIMENTOS - BTG PACTUAL CTVM S.A
PETR3;50;0,02%;109.005.387;Balcão;23/07/2026;09:50:31;Novo (0);Regular (1);39;AGORA CTVM S/A;4090;TORO CTVM SA
EZTC3;220;0,05%;109.005.374;Balcão;23/07/2026;09:50:31;Novo (0);Regular (1);85;BTG PACTUAL CTVM S/A;23;NECTON INVESTIMENTOS - BTG PACTUAL CTVM S.A
EZTC3;234;0,05%;109.005.375;Balcão;23/07/2026;09:50:31;Novo (0);Regular (1);85;BTG PACTUAL CTVM S/A;23;NECTON INVESTIMENTOS - BTG PACTUAL CTVM S.A
CMIN3;7;42,73%;109.005.388;Balcão;23/07/2026;09:50:31;Novo (0);Regular (1);39;AGORA CTVM S/A;4090;TORO CTVM SA
EZTC3;285;0,05%;109.005.371;Balcão;23/07/2026;09:50:31;Novo (0);Regular (1);85;BTG PACTUAL CTVM S/A;23;NECTON INVESTIMENTOS - BTG PACTUAL CTVM S.A
EZTC3;725;0,05%;109.005.367;Balcão;23/07/2026;09:50:31;Novo (0);Regular (1);85;BTG PACTUAL CTVM S/A;23;NECTON INVESTIMENTOS - BTG PACTUAL CTVM S.A
MBRF3;2;6,33%;109.005.386;Balcão;23/07/2026;09:50:31;Novo (0);Regular (1);39;AGORA CTVM S/A;4090;TORO CTVM SA
CMIN3;8;42,73%;109.005.385;Balcão;23/07/2026;09:50:31;Novo (0);Regular (1);39;AGORA CTVM S/A;4090;TORO CTVM SA
CMIN3;10;42,73%;109.005.384;Balcão;23/07/2026;09:50:31;Novo (0);Regular (1);39;AGORA CTVM S/A;4090;TORO CTVM SA
MGLU3;200;14,36%;109.005.383;Balcão;23/07/2026;09:50:31;Novo (0);Regular (1);39;AGORA CTVM S/A;4090;TORO CTVM SA
CMIN3;10;42,73%;109.005.382;Balcão;23/07/2026;09:50:31;Novo (0);Regular (1);39;AGORA CTVM S/A;4090;TORO CTVM SA
GOAU4;31;0,04%;109.005.378;Balcão;23/07/2026;09:50:31;Novo (0);Regular (1);85;BTG PACTUAL CTVM S/A;23;NECTON INVESTIMENTOS - BTG PACTUAL CTVM S.A
GOAU4;14;0,04%;109.005.373;Balcão;23/07/2026;09:50:31;Novo (0);Regular (1);85;BTG PACTUAL CTVM S/A;23;NECTON INVESTIMENTOS - BTG PACTUAL CTVM S.A
GOAU4;33;0,04%;109.005.372;Balcão;23/07/2026;09:50:31;Novo (0);Regular (1);85;BTG PACTUAL CTVM S/A;23;NECTON INVESTIMENTOS - BTG PACTUAL CTVM S.A
CMIN3;10;42,73%;109.005.381;Balcão;23/07/2026;09:50:31;Novo (0);Regular (1);39;AGORA CTVM S/A;4090;TORO CTVM SA
GOAU4;519;0,04%;109.005.379;Balcão;23/07/2026;09:50:31;Novo (0);Regular (1);85;BTG PACTUAL CTVM S/A;23;NECTON INVESTIMENTOS - BTG PACTUAL CTVM S.A
GOAU4;99;0,04%;109.005.376;Balcão;23/07/2026;09:50:31;Novo (0);Regular (1);85;BTG PACTUAL CTVM S/A;23;NECTON INVESTIMENTOS - BTG PACTUAL CTVM S.A
GOAU4;328;0,04%;109.005.369;Balcão;23/07/2026;09:50:30;Novo (0);Regular (1);85;BTG PACTUAL CTVM S/A;23;NECTON INVESTIMENTOS - BTG PACTUAL CTVM S.A
EZTC3;320;0,05%;109.005.370;Balcão;23/07/2026;09:50:30;Novo (0);Regular (1);85;BTG PACTUAL CTVM S/A;23;NECTON INVESTIMENTOS - BTG PACTUAL CTVM S.A
GOAU4;6;0,04%;109.005.366;Balcão;23/07/2026;09:50:30;Novo (0);Regular (1);85;BTG PACTUAL CTVM S/A;23;NECTON INVESTIMENTOS - BTG PACTUAL CTVM S.A
EZTC3;3.245;0,05%;109.005.362;Balcão;23/07/2026;09:50:30;Novo (0);Regular (1);85;BTG PACTUAL CTVM S/A;23;NECTON INVESTIMENTOS - BTG PACTUAL CTVM S.A
EZTC3;965;0,05%;109.005.360;Balcão;23/07/2026;09:50:30;Novo (0);Regular (1);85;BTG PACTUAL CTVM S/A;23;NECTON INVESTIMENTOS - BTG PACTUAL CTVM S.A
EZTC3;3.815;0,05%;109.005.365;Balcão;23/07/2026;09:50:30;Novo (0);Regular (1);85;BTG PACTUAL CTVM S/A;23;NECTON INVESTIMENTOS - BTG PACTUAL CTVM S.A
EZTC3;419;0,05%;109.005.368;Balcão;23/07/2026;09:50:30;Novo (0);Regular (1);85;BTG PACTUAL CTVM S/A;23;NECTON INVESTIMENTOS - BTG PACTUAL CTVM S.A
EZTC3;1.424;0,05%;109.005.364;Balcão;23/07/2026;09:50:30;Novo (0);Regular (1);85;BTG PACTUAL CTVM S/A;23;NECTON INVESTIMENTOS - BTG PACTUAL CTVM S.A
EZTC3;2.969;0,05%;109.005.361;Balcão;23/07/2026;09:50:30;Novo (0);Regular (1);85;BTG PACTUAL CTVM S/A;23;NECTON INVESTIMENTOS - BTG PACTUAL CTVM S.A
EZTC3;1.804;0,05%;109.005.363;Balcão;23/07/2026;09:50:30;Novo (0);Regular (1);85;BTG PACTUAL CTVM S/A;23;NECTON INVESTIMENTOS - BTG PACTUAL CTVM S.A
EZTC3;2.188;0,05%;109.005.358;Balcão;23/07/2026;09:50:30;Novo (0);Regular (1);85;BTG PACTUAL CTVM S/A;23;NECTON INVESTIMENTOS - BTG PACTUAL CTVM S.A
EZTC3;940;0,05%;109.005.359;Balcão;23/07/2026;09:50:30;Novo (0);Regular (1);85;BTG PACTUAL CTVM S/A;23;NECTON INVESTIMENTOS - BTG PACTUAL CTVM S.A
EZTC3;4.831;0,05%;109.005.357;Balcão;23/07/2026;09:50:30;Novo (0);Regular (1);85;BTG PACTUAL CTVM S/A;23;NECTON INVESTIMENTOS - BTG PACTUAL CTVM S.A
EZTC3;6.516;0,05%;109.005.356;Balcão;23/07/2026;09:50:29;Novo (0);Regular (1);85;BTG PACTUAL CTVM S/A;23;NECTON INVESTIMENTOS - BTG PACTUAL CTVM S.A
OIBR4;13;19,67%;109.003.835;Balcão;23/07/2026;09:49:14;Novo (0);Regular (1);3;XP INVESTIMENTOS CCTVM S/A;3;XP INVESTIMENTOS CCTVM S/A
OIBR4;3;19,67%;109.003.837;Balcão;23/07/2026;09:49:14;Novo (0);Regular (1);3;XP INVESTIMENTOS CCTVM S/A;3;XP INVESTIMENTOS CCTVM S/A
OIBR4;1;19,67%;109.003.836;Balcão;23/07/2026;09:49:14;Novo (0);Regular (1);3;XP INVESTIMENTOS CCTVM S/A;3;XP INVESTIMENTOS CCTVM S/A
TIMS3;1.174;0,06%;109.002.396;Balcão;23/07/2026;09:48:20;Novo (0);Regular (1);3;XP INVESTIMENTOS CCTVM S/A;3;XP INVESTIMENTOS CCTVM S/A
PGMN3;304;0,07%;109.001.795;Balcão;23/07/2026;09:48:20;Novo (0);Regular (1);3;XP INVESTIMENTOS CCTVM S/A;3;XP INVESTIMENTOS CCTVM S/A
TIMS3;5.000;0,06%;109.002.515;Balcão;23/07/2026;09:48:20;Novo (0);Regular (1);3;XP INVESTIMENTOS CCTVM S/A;3;XP INVESTIMENTOS CCTVM S/A
VBBR3;2.200;0,07%;109.001.793;Balcão;23/07/2026;09:48:20;Novo (0);Regular (1);3;XP INVESTIMENTOS CCTVM S/A;3;XP INVESTIMENTOS CCTVM S/A
VIVT3;2;0,10%;109.002.037;Balcão;23/07/2026;09:48:20;Novo (0);Regular (1);3;XP INVESTIMENTOS CCTVM S/A;3;XP INVESTIMENTOS CCTVM S/A
VIVT3;269;0,10%;109.002.029;Balcão;23/07/2026;09:48:19;Novo (0);Regular (1);3;XP INVESTIMENTOS CCTVM S/A;3;XP INVESTIMENTOS CCTVM S/A
CPLE3;806;0,03%;109.003.022;Balcão;23/07/2026;09:48:19;Novo (0);Regular (1);3;XP INVESTIMENTOS CCTVM S/A;3;XP INVESTIMENTOS CCTVM S/A
TIMS3;5.000;0,06%;109.002.435;Balcão;23/07/2026;09:48:19;Novo (0);Regular (1);3;XP INVESTIMENTOS CCTVM S/A;3;XP INVESTIMENTOS CCTVM S/A
VBBR3;10;0,07%;109.001.770;Balcão;23/07/2026;09:48:19;Novo (0);Regular (1);3;XP INVESTIMENTOS CCTVM S/A;3;XP INVESTIMENTOS CCTVM S/A
CURY3;343;1,21%;109.004.190;Balcão;23/07/2026;09:47:05;Novo (0);Regular (1);85;BTG PACTUAL CTVM S/A;85;BTG PACTUAL CTVM S/A
CURY3;4.000;1,21%;109.004.188;Balcão;23/07/2026;09:47:04;Novo (0);Regular (1);85;BTG PACTUAL CTVM S/A;85;BTG PACTUAL CTVM S/A
CURY3;1.043;1,21%;109.004.191;Balcão;23/07/2026;09:47:04;Novo (0);Regular (1);85;BTG PACTUAL CTVM S/A;85;BTG PACTUAL CTVM S/A
CURY3;176;1,21%;109.004.192;Balcão;23/07/2026;09:47:04;Novo (0);Regular (1);85;BTG PACTUAL CTVM S/A;85;BTG PACTUAL CTVM S/A
CURY3;5.084;1,21%;109.004.195;Balcão;23/07/2026;09:47:04;Novo (0);Regular (1);85;BTG PACTUAL CTVM S/A;85;BTG PACTUAL CTVM S/A
CURY3;7.094;1,21%;109.004.187;Balcão;23/07/2026;09:47:04;Novo (0);Regular (1);85;BTG PACTUAL CTVM S/A;85;BTG PACTUAL CTVM S/A
CURY3;435;1,21%;109.004.189;Balcão;23/07/2026;09:47:04;Novo (0);Regular (1);85;BTG PACTUAL CTVM S/A;85;BTG PACTUAL CTVM S/A
CURY3;3.625;1,21%;109.004.185;Balcão;23/07/2026;09:47:04;Novo (0);Regular (1);85;BTG PACTUAL CTVM S/A;85;BTG PACTUAL CTVM S/A
CURY3;2.005;1,21%;109.004.184;Balcão;23/07/2026;09:47:04;Novo (0);Regular (1);85;BTG PACTUAL CTVM S/A;85;BTG PACTUAL CTVM S/A
CURY3;1.191;1,21%;109.004.194;Balcão;23/07/2026;09:47:04;Novo (0);Regular (1);85;BTG PACTUAL CTVM S/A;85;BTG PACTUAL CTVM S/A
CURY3;9.956;1,21%;109.004.186;Balcão;23/07/2026;09:47:04;Novo (0);Regular (1);85;BTG PACTUAL CTVM S/A;85;BTG PACTUAL CTVM S/A
CURY3;2.127;1,21%;109.004.193;Balcão;23/07/2026;09:47:04;Novo (0);Regular (1);85;BTG PACTUAL CTVM S/A;85;BTG PACTUAL CTVM S/A
INTB3;500;0,02%;109.004.182;Balcão;23/07/2026;09:46:41;Novo (0);Regular (1);92;RENASCENCA DTVM LTDA;6003;C6 CORRETORA DE TITULOS E VALORES MOBILIARIOS LTDA
CMIN3;4.000;42,73%;109.003.778;Balcão;23/07/2026;09:45:26;Novo (0);Regular (1);147;ATIVA INVESTIMENTOS S/A CTCV;127;TULLETT PREBON BRASIL CVC LTDA.
DIRR3;100;0,08%;109.003.777;Balcão;23/07/2026;09:45:02;Novo (0);Regular (1);147;ATIVA INVESTIMENTOS S/A CTCV;127;TULLETT PREBON BRASIL CVC LTDA.
DIRR3;900;0,08%;109.003.776;Balcão;23/07/2026;09:45:01;Novo (0);Regular (1);147;ATIVA INVESTIMENTOS S/A CTCV;127;TULLETT PREBON BRASIL CVC LTDA.
HAPV3;2.540;0,24%;109.003.775;Balcão;23/07/2026;09:45:00;Novo (0);Regular (1);147;ATIVA INVESTIMENTOS S/A CTCV;127;TULLETT PREBON BRASIL CVC LTDA.
MGLU3;141;14,36%;109.003.774;Balcão;23/07/2026;09:44:45;Novo (0);Regular (1);147;ATIVA INVESTIMENTOS S/A CTCV;127;TULLETT PREBON BRASIL CVC LTDA.
MGLU3;611;14,36%;109.003.773;Balcão;23/07/2026;09:44:43;Novo (0);Regular (1);147;ATIVA INVESTIMENTOS S/A CTCV;127;TULLETT PREBON BRASIL CVC LTDA.
MGLU3;675;14,36%;109.003.772;Balcão;23/07/2026;09:44:41;Novo (0);Regular (1);147;ATIVA INVESTIMENTOS S/A CTCV;127;TULLETT PREBON BRASIL CVC LTDA.
MGLU3;573;14,36%;109.003.771;Balcão;23/07/2026;09:44:41;Novo (0);Regular (1);147;ATIVA INVESTIMENTOS S/A CTCV;127;TULLETT PREBON BRASIL CVC LTDA.
QUAL3;26.664;0,05%;109.003.617;Balcão;23/07/2026;09:43:53;Novo (0);Regular (1);3;XP INVESTIMENTOS CCTVM S/A;127;TULLETT PREBON BRASIL CVC LTDA.
QUAL3;6.214;0,05%;109.003.603;Balcão;23/07/2026;09:43:53;Novo (0);Regular (1);3;XP INVESTIMENTOS CCTVM S/A;127;TULLETT PREBON BRASIL CVC LTDA.
QUAL3;23.900;0,05%;109.003.606;Balcão;23/07/2026;09:43:53;Novo (0);Regular (1);3;XP INVESTIMENTOS CCTVM S/A;127;TULLETT PREBON BRASIL CVC LTDA.
QUAL3;63.722;0,05%;109.003.615;Balcão;23/07/2026;09:43:53;Novo (0);Regular (1);3;XP INVESTIMENTOS CCTVM S/A;127;TULLETT PREBON BRASIL CVC LTDA.
QUAL3;429.500;0,05%;109.003.601;Balcão;23/07/2026;09:43:52;Novo (0);Regular (1);3;XP INVESTIMENTOS CCTVM S/A;127;TULLETT PREBON BRASIL CVC LTDA.
PETR3;100;0,02%;109.003.765;Balcão;23/07/2026;09:43:45;Novo (0);Regular (1);92;RENASCENCA DTVM LTDA;88;CM CAPITAL MARKETS CORRETORA DE CÂMBIO  TÍTULOS E VALORES MO
CMIN3;23.000;42,73%;109.003.763;Balcão;23/07/2026;09:43:32;Novo (0);Regular (1);85;BTG PACTUAL CTVM S/A;85;BTG PACTUAL CTVM S/A
CMIN3;35.000;42,73%;109.003.764;Balcão;23/07/2026;09:43:29;Novo (0);Regular (1);85;BTG PACTUAL CTVM S/A;85;BTG PACTUAL CTVM S/A
CMIN3;35.700;42,73%;109.003.761;Balcão;23/07/2026;09:43:29;Novo (0);Regular (1);85;BTG PACTUAL CTVM S/A;85;BTG PACTUAL CTVM S/A
CMIN3;18.948;42,73%;109.003.762;Balcão;23/07/2026;09:43:29;Novo (0);Regular (1);85;BTG PACTUAL CTVM S/A;85;BTG PACTUAL CTVM S/A
EVEN3;647;16,11%;109.003.760;Balcão;23/07/2026;09:42:29;Novo (0);Regular (1);85;BTG PACTUAL CTVM S/A;23;NECTON INVESTIMENTOS - BTG PACTUAL CTVM S.A
EVEN3;657;16,11%;109.003.759;Balcão;23/07/2026;09:42:29;Novo (0);Regular (1);85;BTG PACTUAL CTVM S/A;23;NECTON INVESTIMENTOS - BTG PACTUAL CTVM S.A
EVEN3;6.053;16,11%;109.003.758;Balcão;23/07/2026;09:42:29;Novo (0);Regular (1);85;BTG PACTUAL CTVM S/A;23;NECTON INVESTIMENTOS - BTG PACTUAL CTVM S.A
EVEN3;2.379;16,11%;109.003.756;Balcão;23/07/2026;09:42:27;Novo (0);Regular (1);85;BTG PACTUAL CTVM S/A;23;NECTON INVESTIMENTOS - BTG PACTUAL CTVM S.A
IBBP11;2;5,00%;109.003.757;Balcão;23/07/2026;09:42:27;Novo (0);Regular (1);114;ITAU CV S/A;262;MIRAE ASSET WEALTH MANAGEMENT (BRASIL) CCTVM LTDA.
AUAU3;348;0,45%;109.003.754;Balcão;23/07/2026;09:41:46;Novo (0);Regular (1);85;BTG PACTUAL CTVM S/A;23;NECTON INVESTIMENTOS - BTG PACTUAL CTVM S.A
AUAU3;396;0,45%;109.003.755;Balcão;23/07/2026;09:41:46;Novo (0);Regular (1);85;BTG PACTUAL CTVM S/A;23;NECTON INVESTIMENTOS - BTG PACTUAL CTVM S.A
CMIN3;519;42,73%;109.003.746;Balcão;23/07/2026;09:41:28;Novo (0);Regular (1);85;BTG PACTUAL CTVM S/A;85;BTG PACTUAL CTVM S/A
CMIN3;519;42,73%;109.003.750;Balcão;23/07/2026;09:41:28;Novo (0);Regular (1);85;BTG PACTUAL CTVM S/A;85;BTG PACTUAL CTVM S/A
CMIN3;518;42,73%;109.003.748;Balcão;23/07/2026;09:41:27;Novo (0);Regular (1);85;BTG PACTUAL CTVM S/A;85;BTG PACTUAL CTVM S/A
CMIN3;385;42,73%;109.003.747;Balcão;23/07/2026;09:41:27;Novo (0);Regular (1);85;BTG PACTUAL CTVM S/A;85;BTG PACTUAL CTVM S/A
CMIN3;517;42,73%;109.003.749;Balcão;23/07/2026;09:41:27;Novo (0);Regular (1);85;BTG PACTUAL CTVM S/A;85;BTG PACTUAL CTVM S/A
CMIN3;515;42,73%;109.003.744;Balcão;23/07/2026;09:41:25;Novo (0);Regular (1);85;BTG PACTUAL CTVM S/A;85;BTG PACTUAL CTVM S/A
CMIN3;327;42,73%;109.003.742;Balcão;23/07/2026;09:41:25;Novo (0);Regular (1);85;BTG PACTUAL CTVM S/A;85;BTG PACTUAL CTVM S/A
BHIA3;8.120;100,00%;109.003.751;Balcão;23/07/2026;09:41:25;Novo (0);Regular (1);39;AGORA CTVM S/A;1130;STONEX DISTRIBUIDORA DE TITULOS E VALORES MOBILIARIOS LTDA
BHIA3;1.770;100,00%;109.003.753;Balcão;23/07/2026;09:41:24;Novo (0);Regular (1);39;AGORA CTVM S/A;1130;STONEX DISTRIBUIDORA DE TITULOS E VALORES MOBILIARIOS LTDA
BHIA3;1.800;100,00%;109.003.752;Balcão;23/07/2026;09:41:24;Novo (0);Regular (1);39;AGORA CTVM S/A;1130;STONEX DISTRIBUIDORA DE TITULOS E VALORES MOBILIARIOS LTDA
BHIA3;240;100,00%;109.003.745;Balcão;23/07/2026;09:41:24;Novo (0);Regular (1);39;AGORA CTVM S/A;1130;STONEX DISTRIBUIDORA DE TITULOS E VALORES MOBILIARIOS LTDA
BHIA3;8.120;100,00%;109.003.743;Balcão;23/07/2026;09:41:23;Novo (0);Regular (1);39;AGORA CTVM S/A;1130;STONEX DISTRIBUIDORA DE TITULOS E VALORES MOBILIARIOS LTDA
CMIN3;197;42,73%;109.003.741;Balcão;23/07/2026;09:41:17;Novo (0);Regular (1);85;BTG PACTUAL CTVM S/A;85;BTG PACTUAL CTVM S/A
CMIN3;539;42,73%;109.003.740;Balcão;23/07/2026;09:41:17;Novo (0);Regular (1);85;BTG PACTUAL CTVM S/A;85;BTG PACTUAL CTVM S/A
CMIN3;673;42,73%;109.003.737;Balcão;23/07/2026;09:41:17;Novo (0);Regular (1);85;BTG PACTUAL CTVM S/A;85;BTG PACTUAL CTVM S/A
CMIN3;550;42,73%;109.003.738;Balcão;23/07/2026;09:41:17;Novo (0);Regular (1);85;BTG PACTUAL CTVM S/A;85;BTG PACTUAL CTVM S/A
CMIN3;585;42,73%;109.003.739;Balcão;23/07/2026;09:41:17;Novo (0);Regular (1);85;BTG PACTUAL CTVM S/A;85;BTG PACTUAL CTVM S/A
CMIN3;202;42,73%;109.003.736;Balcão;23/07/2026;09:41:17;Novo (0);Regular (1);85;BTG PACTUAL CTVM S/A;85;BTG PACTUAL CTVM S/A
CMIN3;531;42,73%;109.003.730;Balcão;23/07/2026;09:41:17;Novo (0);Regular (1);85;BTG PACTUAL CTVM S/A;85;BTG PACTUAL CTVM S/A
CMIN3;541;42,73%;109.003.729;Balcão;23/07/2026;09:41:17;Novo (0);Regular (1);85;BTG PACTUAL CTVM S/A;85;BTG PACTUAL CTVM S/A
CMIN3;1;42,73%;109.003.734;Balcão;23/07/2026;09:41:17;Novo (0);Regular (1);85;BTG PACTUAL CTVM S/A;85;BTG PACTUAL CTVM S/A
CMIN3;556;42,73%;109.003.732;Balcão;23/07/2026;09:41:17;Novo (0);Regular (1);85;BTG PACTUAL CTVM S/A;85;BTG PACTUAL CTVM S/A
CMIN3;530;42,73%;109.003.728;Balcão;23/07/2026;09:41:17;Novo (0);Regular (1);85;BTG PACTUAL CTVM S/A;85;BTG PACTUAL CTVM S/A
CMIN3;536;42,73%;109.003.733;Balcão;23/07/2026;09:41:16;Novo (0);Regular (1);85;BTG PACTUAL CTVM S/A;85;BTG PACTUAL CTVM S/A
CMIN3;551;42,73%;109.003.731;Balcão;23/07/2026;09:41:16;Novo (0);Regular (1);85;BTG PACTUAL CTVM S/A;85;BTG PACTUAL CTVM S/A
CMIN3;540;42,73%;109.003.735;Balcão;23/07/2026;09:41:16;Novo (0);Regular (1);85;BTG PACTUAL CTVM S/A;85;BTG PACTUAL CTVM S/A
CMIN3;358;42,73%;109.003.725;Balcão;23/07/2026;09:41:16;Novo (0);Regular (1);85;BTG PACTUAL CTVM S/A;85;BTG PACTUAL CTVM S/A
CMIN3;90;42,73%;109.003.710;Balcão;23/07/2026;09:41:16;Novo (0);Regular (1);85;BTG PACTUAL CTVM S/A;85;BTG PACTUAL CTVM S/A
CMIN3;616;42,73%;109.003.723;Balcão;23/07/2026;09:41:16;Novo (0);Regular (1);85;BTG PACTUAL CTVM S/A;85;BTG PACTUAL CTVM S/A
CMIN3;65;42,73%;109.003.727;Balcão;23/07/2026;09:41:16;Novo (0);Regular (1);85;BTG PACTUAL CTVM S/A;85;BTG PACTUAL CTVM S/A
CMIN3;683;42,73%;109.003.711;Balcão;23/07/2026;09:41:16;Novo (0);Regular (1);85;BTG PACTUAL CTVM S/A;85;BTG PACTUAL CTVM S/A
CMIN3;100;42,73%;109.003.709;Balcão;23/07/2026;09:41:16;Novo (0);Regular (1);85;BTG PACTUAL CTVM S/A;85;BTG PACTUAL CTVM S/A
CMIN3;554;42,73%;109.003.726;Balcão;23/07/2026;09:41:16;Novo (0);Regular (1);85;BTG PACTUAL CTVM S/A;85;BTG PACTUAL CTVM S/A
CMIN3;157;42,73%;109.003.708;Balcão;23/07/2026;09:41:16;Novo (0);Regular (1);85;BTG PACTUAL CTVM S/A;85;BTG PACTUAL CTVM S/A
CMIN3;28;42,73%;109.003.724;Balcão;23/07/2026;09:41:16;Novo (0);Regular (1);85;BTG PACTUAL CTVM S/A;85;BTG PACTUAL CTVM S/A
CMIN3;653;42,73%;109.003.716;Balcão;23/07/2026;09:41:16;Novo (0);Regular (1);85;BTG PACTUAL CTVM S/A;85;BTG PACTUAL CTVM S/A
CMIN3;185;42,73%;109.003.718;Balcão;23/07/2026;09:41:16;Novo (0);Regular (1);85;BTG PACTUAL CTVM S/A;85;BTG PACTUAL CTVM S/A
CMIN3;115;42,73%;109.003.717;Balcão;23/07/2026;09:41:15;Novo (0);Regular (1);85;BTG PACTUAL CTVM S/A;85;BTG PACTUAL CTVM S/A
CMIN3;612;42,73%;109.003.719;Balcão;23/07/2026;09:41:15;Novo (0);Regular (1);85;BTG PACTUAL CTVM S/A;85;BTG PACTUAL CTVM S/A
CMIN3;400;42,73%;109.003.712;Balcão;23/07/2026;09:41:15;Novo (0);Regular (1);85;BTG PACTUAL CTVM S/A;85;BTG PACTUAL CTVM S/A
CMIN3;240;42,73%;109.003.722;Balcão;23/07/2026;09:41:15;Novo (0);Regular (1);85;BTG PACTUAL CTVM S/A;85;BTG PACTUAL CTVM S/A
CMIN3;29;42,73%;109.003.715;Balcão;23/07/2026;09:41:15;Novo (0);Regular (1);85;BTG PACTUAL CTVM S/A;85;BTG PACTUAL CTVM S/A
CMIN3;672;42,73%;109.003.714;Balcão;23/07/2026;09:41:15;Novo (0);Regular (1);85;BTG PACTUAL CTVM S/A;85;BTG PACTUAL CTVM S/A
CMIN3;318;42,73%;109.003.721;Balcão;23/07/2026;09:41:15;Novo (0);Regular (1);85;BTG PACTUAL CTVM S/A;85;BTG PACTUAL CTVM S/A
CMIN3;82;42,73%;109.003.707;Balcão;23/07/2026;09:41:12;Novo (0);Regular (1);85;BTG PACTUAL CTVM S/A;85;BTG PACTUAL CTVM S/A
CMIN3;548;42,73%;109.003.713;Balcão;23/07/2026;09:41:12;Novo (0);Regular (1);85;BTG PACTUAL CTVM S/A;85;BTG PACTUAL CTVM S/A
CMIN3;566;42,73%;109.003.720;Balcão;23/07/2026;09:41:12;Novo (0);Regular (1);85;BTG PACTUAL CTVM S/A;85;BTG PACTUAL CTVM S/A
CMIN3;1.300;42,73%;109.003.669;Balcão;23/07/2026;09:40:20;Novo (0);Regular (1);85;BTG PACTUAL CTVM S/A;85;BTG PACTUAL CTVM S/A
CMIN3;3.179;42,73%;109.003.706;Balcão;23/07/2026;09:40:19;Novo (0);Regular (1);85;BTG PACTUAL CTVM S/A;85;BTG PACTUAL CTVM S/A
CMIN3;800;42,73%;109.003.690;Balcão;23/07/2026;09:40:19;Novo (0);Regular (1);85;BTG PACTUAL CTVM S/A;85;BTG PACTUAL CTVM S/A
CMIN3;700;42,73%;109.003.705;Balcão;23/07/2026;09:40:19;Novo (0);Regular (1);85;BTG PACTUAL CTVM S/A;85;BTG PACTUAL CTVM S/A
CMIN3;4.300;42,73%;109.003.702;Balcão;23/07/2026;09:40:19;Novo (0);Regular (1);85;BTG PACTUAL CTVM S/A;85;BTG PACTUAL CTVM S/A
CMIN3;300;42,73%;109.003.700;Balcão;23/07/2026;09:40:19;Novo (0);Regular (1);85;BTG PACTUAL CTVM S/A;85;BTG PACTUAL CTVM S/A
CMIN3;18;42,73%;109.003.679;Balcão;23/07/2026;09:40:19;Novo (0);Regular (1);85;BTG PACTUAL CTVM S/A;85;BTG PACTUAL CTVM S/A
CMIN3;1.900;42,73%;109.003.695;Balcão;23/07/2026;09:40:19;Novo (0);Regular (1);85;BTG PACTUAL CTVM S/A;85;BTG PACTUAL CTVM S/A
CMIN3;2.394;42,73%;109.003.682;Balcão;23/07/2026;09:40:19;Novo (0);Regular (1);85;BTG PACTUAL CTVM S/A;85;BTG PACTUAL CTVM S/A
CMIN3;1.800;42,73%;109.003.694;Balcão;23/07/2026;09:40:19;Novo (0);Regular (1);85;BTG PACTUAL CTVM S/A;85;BTG PACTUAL CTVM S/A
CMIN3;100;42,73%;109.003.683;Balcão;23/07/2026;09:40:19;Novo (0);Regular (1);85;BTG PACTUAL CTVM S/A;85;BTG PACTUAL CTVM S/A
CMIN3;1.781;42,73%;109.003.680;Balcão;23/07/2026;09:40:19;Novo (0);Regular (1);85;BTG PACTUAL CTVM S/A;85;BTG PACTUAL CTVM S/A
CMIN3;100;42,73%;109.003.693;Balcão;23/07/2026;09:40:19;Novo (0);Regular (1);85;BTG PACTUAL CTVM S/A;85;BTG PACTUAL CTVM S/A
CMIN3;700;42,73%;109.003.692;Balcão;23/07/2026;09:40:19;Novo (0);Regular (1);85;BTG PACTUAL CTVM S/A;85;BTG PACTUAL CTVM S/A
CMIN3;1.000;42,73%;109.003.681;Balcão;23/07/2026;09:40:19;Novo (0);Regular (1);85;BTG PACTUAL CTVM S/A;85;BTG PACTUAL CTVM S/A
CMIN3;700;42,73%;109.003.698;Balcão;23/07/2026;09:40:17;Novo (0);Regular (1);85;BTG PACTUAL CTVM S/A;85;BTG PACTUAL CTVM S/A
CMIN3;4.000;42,73%;109.003.703;Balcão;23/07/2026;09:40:16;Novo (0);Regular (1);85;BTG PACTUAL CTVM S/A;85;BTG PACTUAL CTVM S/A
CMIN3;700;42,73%;109.003.696;Balcão;23/07/2026;09:40:16;Novo (0);Regular (1);85;BTG PACTUAL CTVM S/A;85;BTG PACTUAL CTVM S/A
CMIN3;200;42,73%;109.003.663;Balcão;23/07/2026;09:40:16;Novo (0);Regular (1);85;BTG PACTUAL CTVM S/A;85;BTG PACTUAL CTVM S/A
CMIN3;525;42,73%;109.003.676;Balcão;23/07/2026;09:40:16;Novo (0);Regular (1);85;BTG PACTUAL CTVM S/A;85;BTG PACTUAL CTVM S/A
CMIN3;425;42,73%;109.003.684;Balcão;23/07/2026;09:40:16;Novo (0);Regular (1);85;BTG PACTUAL CTVM S/A;85;BTG PACTUAL CTVM S/A
CMIN3;1.145;42,73%;109.003.685;Balcão;23/07/2026;09:40:16;Novo (0);Regular (1);85;BTG PACTUAL CTVM S/A;85;BTG PACTUAL CTVM S/A
CMIN3;35;42,73%;109.003.697;Balcão;23/07/2026;09:40:16;Novo (0);Regular (1);85;BTG PACTUAL CTVM S/A;85;BTG PACTUAL CTVM S/A
CMIN3;321;42,73%;109.003.671;Balcão;23/07/2026;09:40:16;Novo (0);Regular (1);85;BTG PACTUAL CTVM S/A;85;BTG PACTUAL CTVM S/A
CMIN3;2.000;42,73%;109.003.675;Balcão;23/07/2026;09:40:16;Novo (0);Regular (1);85;BTG PACTUAL CTVM S/A;85;BTG PACTUAL CTVM S/A
CMIN3;157;42,73%;109.003.704;Balcão;23/07/2026;09:40:15;Novo (0);Regular (1);85;BTG PACTUAL CTVM S/A;85;BTG PACTUAL CTVM S/A
CMIN3;1.475;42,73%;109.003.677;Balcão;23/07/2026;09:40:15;Novo (0);Regular (1);85;BTG PACTUAL CTVM S/A;85;BTG PACTUAL CTVM S/A
CMIN3;1.800;42,73%;109.003.701;Balcão;23/07/2026;09:40:15;Novo (0);Regular (1);85;BTG PACTUAL CTVM S/A;85;BTG PACTUAL CTVM S/A
CMIN3;1.144;42,73%;109.003.687;Balcão;23/07/2026;09:40:15;Novo (0);Regular (1);85;BTG PACTUAL CTVM S/A;85;BTG PACTUAL CTVM S/A
CMIN3;1.093;42,73%;109.003.672;Balcão;23/07/2026;09:40:15;Novo (0);Regular (1);85;BTG PACTUAL CTVM S/A;85;BTG PACTUAL CTVM S/A
CMIN3;700;42,73%;109.003.688;Balcão;23/07/2026;09:40:15;Novo (0);Regular (1);85;BTG PACTUAL CTVM S/A;85;BTG PACTUAL CTVM S/A
CMIN3;945;42,73%;109.003.670;Balcão;23/07/2026;09:40:14;Novo (0);Regular (1);85;BTG PACTUAL CTVM S/A;85;BTG PACTUAL CTVM S/A
CMIN3;235;42,73%;109.003.665;Balcão;23/07/2026;09:40:14;Novo (0);Regular (1);85;BTG PACTUAL CTVM S/A;85;BTG PACTUAL CTVM S/A
CMIN3;1.227;42,73%;109.003.664;Balcão;23/07/2026;09:40:14;Novo (0);Regular (1);85;BTG PACTUAL CTVM S/A;85;BTG PACTUAL CTVM S/A
CMIN3;700;42,73%;109.003.699;Balcão;23/07/2026;09:40:12;Novo (0);Regular (1);85;BTG PACTUAL CTVM S/A;85;BTG PACTUAL CTVM S/A
CMIN3;275;42,73%;109.003.691;Balcão;23/07/2026;09:40:12;Novo (0);Regular (1);85;BTG PACTUAL CTVM S/A;85;BTG PACTUAL CTVM S/A
CMIN3;2.000;42,73%;109.003.686;Balcão;23/07/2026;09:40:09;Novo (0);Regular (1);85;BTG PACTUAL CTVM S/A;85;BTG PACTUAL CTVM S/A
CMIN3;65;42,73%;109.003.674;Balcão;23/07/2026;09:40:09;Novo (0);Regular (1);85;BTG PACTUAL CTVM S/A;85;BTG PACTUAL CTVM S/A
CMIN3;1.000;42,73%;109.003.678;Balcão;23/07/2026;09:40:09;Novo (0);Regular (1);85;BTG PACTUAL CTVM S/A;85;BTG PACTUAL CTVM S/A
CMIN3;1.625;42,73%;109.003.689;Balcão;23/07/2026;09:40:09;Novo (0);Regular (1);85;BTG PACTUAL CTVM S/A;85;BTG PACTUAL CTVM S/A
CMIN3;998;42,73%;109.003.667;Balcão;23/07/2026;09:40:09;Novo (0);Regular (1);85;BTG PACTUAL CTVM S/A;85;BTG PACTUAL CTVM S/A
CMIN3;1.525;42,73%;109.003.648;Balcão;23/07/2026;09:40:09;Novo (0);Regular (1);85;BTG PACTUAL CTVM S/A;85;BTG PACTUAL CTVM S/A
CMIN3;1.400;42,73%;109.003.666;Balcão;23/07/2026;09:40:09;Novo (0);Regular (1);85;BTG PACTUAL CTVM S/A;85;BTG PACTUAL CTVM S/A
CMIN3;800;42,73%;109.003.673;Balcão;23/07/2026;09:40:09;Novo (0);Regular (1);85;BTG PACTUAL CTVM S/A;85;BTG PACTUAL CTVM S/A
CMIN3;65;42,73%;109.003.668;Balcão;23/07/2026;09:40:09;Novo (0);Regular (1);85;BTG PACTUAL CTVM S/A;85;BTG PACTUAL CTVM S/A
CMIN3;365;42,73%;109.003.660;Balcão;23/07/2026;09:40:08;Novo (0);Regular (1);85;BTG PACTUAL CTVM S/A;85;BTG PACTUAL CTVM S/A
CMIN3;1.300;42,73%;109.003.661;Balcão;23/07/2026;09:40:08;Novo (0);Regular (1);85;BTG PACTUAL CTVM S/A;85;BTG PACTUAL CTVM S/A
CMIN3;1.000;42,73%;109.003.662;Balcão;23/07/2026;09:40:08;Novo (0);Regular (1);85;BTG PACTUAL CTVM S/A;85;BTG PACTUAL CTVM S/A
CMIN3;489;42,73%;109.003.646;Balcão;23/07/2026;09:40:08;Novo (0);Regular (1);85;BTG PACTUAL CTVM S/A;85;BTG PACTUAL CTVM S/A
CMIN3;2.000;42,73%;109.003.640;Balcão;23/07/2026;09:40:07;Novo (0);Regular (1);85;BTG PACTUAL CTVM S/A;85;BTG PACTUAL CTVM S/A
CMIN3;475;42,73%;109.003.656;Balcão;23/07/2026;09:40:07;Novo (0);Regular (1);85;BTG PACTUAL CTVM S/A;85;BTG PACTUAL CTVM S/A
CMIN3;1.319;42,73%;109.003.652;Balcão;23/07/2026;09:40:07;Novo (0);Regular (1);85;BTG PACTUAL CTVM S/A;85;BTG PACTUAL CTVM S/A
CMIN3;1.000;42,73%;109.003.657;Balcão;23/07/2026;09:40:07;Novo (0);Regular (1);85;BTG PACTUAL CTVM S/A;85;BTG PACTUAL CTVM S/A
CMIN3;2.000;42,73%;109.003.651;Balcão;23/07/2026;09:40:07;Novo (0);Regular (1);85;BTG PACTUAL CTVM S/A;85;BTG PACTUAL CTVM S/A
CMIN3;293;42,73%;109.003.655;Balcão;23/07/2026;09:40:07;Novo (0);Regular (1);85;BTG PACTUAL CTVM S/A;85;BTG PACTUAL CTVM S/A
CMIN3;825;42,73%;109.003.645;Balcão;23/07/2026;09:40:07;Novo (0);Regular (1);85;BTG PACTUAL CTVM S/A;85;BTG PACTUAL CTVM S/A
CMIN3;1.000;42,73%;109.003.658;Balcão;23/07/2026;09:40:07;Novo (0);Regular (1);85;BTG PACTUAL CTVM S/A;85;BTG PACTUAL CTVM S/A
CMIN3;2.000;42,73%;109.003.659;Balcão;23/07/2026;09:40:07;Novo (0);Regular (1);85;BTG PACTUAL CTVM S/A;85;BTG PACTUAL CTVM S/A
CMIN3;1.000;42,73%;109.003.642;Balcão;23/07/2026;09:40:07;Novo (0);Regular (1);85;BTG PACTUAL CTVM S/A;85;BTG PACTUAL CTVM S/A
CMIN3;2.496;42,73%;109.003.647;Balcão;23/07/2026;09:40:07;Novo (0);Regular (1);85;BTG PACTUAL CTVM S/A;85;BTG PACTUAL CTVM S/A
CMIN3;2.625;42,73%;109.003.643;Balcão;23/07/2026;09:40:07;Novo (0);Regular (1);85;BTG PACTUAL CTVM S/A;85;BTG PACTUAL CTVM S/A
CMIN3;1.600;42,73%;109.003.631;Balcão;23/07/2026;09:40:07;Novo (0);Regular (1);85;BTG PACTUAL CTVM S/A;85;BTG PACTUAL CTVM S/A
CMIN3;89;42,73%;109.003.654;Balcão;23/07/2026;09:40:06;Novo (0);Regular (1);85;BTG PACTUAL CTVM S/A;85;BTG PACTUAL CTVM S/A
CMIN3;1.000;42,73%;109.003.644;Balcão;23/07/2026;09:40:06;Novo (0);Regular (1);85;BTG PACTUAL CTVM S/A;85;BTG PACTUAL CTVM S/A
CMIN3;1.300;42,73%;109.003.650;Balcão;23/07/2026;09:40:06;Novo (0);Regular (1);85;BTG PACTUAL CTVM S/A;85;BTG PACTUAL CTVM S/A
CMIN3;1.000;42,73%;109.003.638;Balcão;23/07/2026;09:40:06;Novo (0);Regular (1);85;BTG PACTUAL CTVM S/A;85;BTG PACTUAL CTVM S/A
CMIN3;1.440;42,73%;109.003.639;Balcão;23/07/2026;09:40:06;Novo (0);Regular (1);85;BTG PACTUAL CTVM S/A;85;BTG PACTUAL CTVM S/A
CMIN3;265;42,73%;109.003.649;Balcão;23/07/2026;09:40:06;Novo (0);Regular (1);85;BTG PACTUAL CTVM S/A;85;BTG PACTUAL CTVM S/A
CMIN3;465;42,73%;109.003.637;Balcão;23/07/2026;09:40:06;Novo (0);Regular (1);85;BTG PACTUAL CTVM S/A;85;BTG PACTUAL CTVM S/A
CMIN3;1.475;42,73%;109.003.641;Balcão;23/07/2026;09:40:06;Novo (0);Regular (1);85;BTG PACTUAL CTVM S/A;85;BTG PACTUAL CTVM S/A
CMIN3;135;42,73%;109.003.653;Balcão;23/07/2026;09:40:06;Novo (0);Regular (1);85;BTG PACTUAL CTVM S/A;85;BTG PACTUAL CTVM S/A
CMIN3;35;42,73%;109.003.628;Balcão;23/07/2026;09:40:03;Novo (0);Regular (1);85;BTG PACTUAL CTVM S/A;85;BTG PACTUAL CTVM S/A
CMIN3;165;42,73%;109.003.633;Balcão;23/07/2026;09:40:03;Novo (0);Regular (1);85;BTG PACTUAL CTVM S/A;85;BTG PACTUAL CTVM S/A
CMIN3;2.500;42,73%;109.003.629;Balcão;23/07/2026;09:40:03;Novo (0);Regular (1);85;BTG PACTUAL CTVM S/A;85;BTG PACTUAL CTVM S/A
CMIN3;75;42,73%;109.003.632;Balcão;23/07/2026;09:40:03;Novo (0);Regular (1);85;BTG PACTUAL CTVM S/A;85;BTG PACTUAL CTVM S/A
CMIN3;1.275;42,73%;109.003.634;Balcão;23/07/2026;09:40:02;Novo (0);Regular (1);85;BTG PACTUAL CTVM S/A;85;BTG PACTUAL CTVM S/A
CMIN3;911;42,73%;109.003.627;Balcão;23/07/2026;09:40:02;Novo (0);Regular (1);85;BTG PACTUAL CTVM S/A;85;BTG PACTUAL CTVM S/A
CMIN3;7;42,73%;109.003.624;Balcão;23/07/2026;09:40:02;Novo (0);Regular (1);85;BTG PACTUAL CTVM S/A;85;BTG PACTUAL CTVM S/A
CMIN3;3.000;42,73%;109.003.625;Balcão;23/07/2026;09:40:02;Novo (0);Regular (1);85;BTG PACTUAL CTVM S/A;85;BTG PACTUAL CTVM S/A
CMIN3;46;42,73%;109.003.635;Balcão;23/07/2026;09:40:02;Novo (0);Regular (1);85;BTG PACTUAL CTVM S/A;85;BTG PACTUAL CTVM S/A
CMIN3;600;42,73%;109.003.630;Balcão;23/07/2026;09:40:02;Novo (0);Regular (1);85;BTG PACTUAL CTVM S/A;85;BTG PACTUAL CTVM S/A
CMIN3;1.429;42,73%;109.003.636;Balcão;23/07/2026;09:40:02;Novo (0);Regular (1);85;BTG PACTUAL CTVM S/A;85;BTG PACTUAL CTVM S/A
CMIN3;856;42,73%;109.003.626;Balcão;23/07/2026;09:40:02;Novo (0);Regular (1);85;BTG PACTUAL CTVM S/A;85;BTG PACTUAL CTVM S/A
ITUB4;23.800;0,03%;109.003.620;Balcão;23/07/2026;09:38:04;Novo (0);Regular (1);59;SAFRA CORRETORA DE VALORES E CAMBIO LTDA;59;SAFRA CORRETORA DE VALORES E CAMBIO LTDA
LREN3;2;0,05%;109.003.597;Balcão;23/07/2026;09:37:15;Novo (0);Regular (1);3;XP INVESTIMENTOS CCTVM S/A;3;XP INVESTIMENTOS CCTVM S/A
PCAR3;400;17,70%;109.003.594;Balcão;23/07/2026;09:37:14;Novo (0);Regular (1);3;XP INVESTIMENTOS CCTVM S/A;3;XP INVESTIMENTOS CCTVM S/A
VALE3;2;0,20%;109.003.596;Balcão;23/07/2026;09:37:08;Novo (0);Regular (1);3;XP INVESTIMENTOS CCTVM S/A;3;XP INVESTIMENTOS CCTVM S/A
ALOS3;361;0,06%;109.003.598;Balcão;23/07/2026;09:37:08;Novo (0);Regular (1);3;XP INVESTIMENTOS CCTVM S/A;3;XP INVESTIMENTOS CCTVM S/A
KLBN11;2.828;0,66%;109.003.530;Balcão;23/07/2026;09:37:07;Novo (0);Regular (1);3;XP INVESTIMENTOS CCTVM S/A;3;XP INVESTIMENTOS CCTVM S/A
VIVT3;446;0,10%;109.003.618;Balcão;23/07/2026;09:37:07;Novo (0);Regular (1);3;XP INVESTIMENTOS CCTVM S/A;8;UBS BRASIL CCTVM S/A
U1BE34;500;7,00%;109.003.534;Balcão;23/07/2026;09:37:07;Novo (0);Regular (1);3;XP INVESTIMENTOS CCTVM S/A;3;XP INVESTIMENTOS CCTVM S/A
SMTO3;98;4,47%;109.003.531;Balcão;23/07/2026;09:37:07;Novo (0);Regular (1);3;XP INVESTIMENTOS CCTVM S/A;3;XP INVESTIMENTOS CCTVM S/A
PCAR3;2.704;17,70%;109.003.535;Balcão;23/07/2026;09:37:07;Novo (0);Regular (1);3;XP INVESTIMENTOS CCTVM S/A;3;XP INVESTIMENTOS CCTVM S/A
PCAR3;42;17,70%;109.003.379;Balcão;23/07/2026;09:37:07;Novo (0);Regular (1);3;XP INVESTIMENTOS CCTVM S/A;3;XP INVESTIMENTOS CCTVM S/A
CURY3;26.332;1,34%;109.003.609;Balcão;23/07/2026;09:37:06;Novo (0);Regular (1);85;BTG PACTUAL CTVM S/A;85;BTG PACTUAL CTVM S/A
CURY3;4.029;1,34%;109.003.612;Balcão;23/07/2026;09:37:06;Novo (0);Regular (1);85;BTG PACTUAL CTVM S/A;85;BTG PACTUAL CTVM S/A
VISC11;13;0,47%;109.003.616;Balcão;23/07/2026;09:37:06;Novo (0);Regular (1);3;XP INVESTIMENTOS CCTVM S/A;8;UBS BRASIL CCTVM S/A
XPML11;1;0,46%;109.003.614;Balcão;23/07/2026;09:37:05;Novo (0);Regular (1);3;XP INVESTIMENTOS CCTVM S/A;8;UBS BRASIL CCTVM S/A
RZAT11;2;2,67%;109.003.613;Balcão;23/07/2026;09:37:05;Novo (0);Regular (1);3;XP INVESTIMENTOS CCTVM S/A;8;UBS BRASIL CCTVM S/A
INTB3;250;0,08%;109.003.595;Balcão;23/07/2026;09:37:05;Novo (0);Regular (1);3;XP INVESTIMENTOS CCTVM S/A;3;XP INVESTIMENTOS CCTVM S/A
ALPA4;514;0,14%;109.003.611;Balcão;23/07/2026;09:37:05;Novo (0);Regular (1);3;XP INVESTIMENTOS CCTVM S/A;8;UBS BRASIL CCTVM S/A
BRKM5;12;18,15%;109.003.599;Balcão;23/07/2026;09:37:04;Novo (0);Regular (1);3;XP INVESTIMENTOS CCTVM S/A;8;UBS BRASIL CCTVM S/A
ALPA4;11;0,14%;109.003.604;Balcão;23/07/2026;09:37:04;Novo (0);Regular (1);3;XP INVESTIMENTOS CCTVM S/A;8;UBS BRASIL CCTVM S/A
BRKM5;424;18,15%;109.003.600;Balcão;23/07/2026;09:37:04;Novo (0);Regular (1);3;XP INVESTIMENTOS CCTVM S/A;8;UBS BRASIL CCTVM S/A
ACWI11;6;0,14%;109.003.610;Balcão;23/07/2026;09:37:04;Novo (0);Regular (1);3;XP INVESTIMENTOS CCTVM S/A;8;UBS BRASIL CCTVM S/A
BBSE3;2.016;0,88%;109.003.608;Balcão;23/07/2026;09:37:04;Novo (0);Regular (1);3;XP INVESTIMENTOS CCTVM S/A;8;UBS BRASIL CCTVM S/A
TSLA34;395;0,41%;109.003.532;Balcão;23/07/2026;09:37:04;Novo (0);Regular (1);3;XP INVESTIMENTOS CCTVM S/A;3;XP INVESTIMENTOS CCTVM S/A
PETR3;195;0,02%;109.003.533;Balcão;23/07/2026;09:37:04;Novo (0);Regular (1);3;XP INVESTIMENTOS CCTVM S/A;3;XP INVESTIMENTOS CCTVM S/A
VIVT3;3;0,10%;109.003.607;Balcão;23/07/2026;09:37:04;Novo (0);Regular (1);3;XP INVESTIMENTOS CCTVM S/A;8;UBS BRASIL CCTVM S/A
BBSE3;5.984;0,88%;109.003.605;Balcão;23/07/2026;09:37:04;Novo (0);Regular (1);3;XP INVESTIMENTOS CCTVM S/A;8;UBS BRASIL CCTVM S/A
VWRA11;2;5,00%;109.003.602;Balcão;23/07/2026;09:37:03;Novo (0);Regular (1);3;XP INVESTIMENTOS CCTVM S/A;8;UBS BRASIL CCTVM S/A
BBSE3;378;0,88%;109.003.593;Balcão;23/07/2026;09:37:03;Novo (0);Regular (1);3;XP INVESTIMENTOS CCTVM S/A;3;XP INVESTIMENTOS CCTVM S/A
ABEV3;65;2,88%;109.003.592;Balcão;23/07/2026;09:37:03;Novo (0);Regular (1);3;XP INVESTIMENTOS CCTVM S/A;3;XP INVESTIMENTOS CCTVM S/A
INTB3;110;0,08%;109.003.589;Balcão;23/07/2026;09:37:03;Novo (0);Regular (1);3;XP INVESTIMENTOS CCTVM S/A;3;XP INVESTIMENTOS CCTVM S/A
GOLX11;89;0,25%;109.003.591;Balcão;23/07/2026;09:37:03;Novo (0);Regular (1);3;XP INVESTIMENTOS CCTVM S/A;3;XP INVESTIMENTOS CCTVM S/A
ABEV3;31;2,88%;109.003.588;Balcão;23/07/2026;09:37:03;Novo (0);Regular (1);3;XP INVESTIMENTOS CCTVM S/A;3;XP INVESTIMENTOS CCTVM S/A
ABEV3;227;2,88%;109.003.590;Balcão;23/07/2026;09:37:03;Novo (0);Regular (1);3;XP INVESTIMENTOS CCTVM S/A;3;XP INVESTIMENTOS CCTVM S/A
U1BE34;75;7,00%;109.003.586;Balcão;23/07/2026;09:37:03;Novo (0);Regular (1);3;XP INVESTIMENTOS CCTVM S/A;3;XP INVESTIMENTOS CCTVM S/A
VIVT3;2.900;0,10%;109.003.587;Balcão;23/07/2026;09:37:03;Novo (0);Regular (1);3;XP INVESTIMENTOS CCTVM S/A;3;XP INVESTIMENTOS CCTVM S/A
BEEF3;3.000;1,88%;109.003.581;Balcão;23/07/2026;09:37:03;Novo (0);Regular (1);3;XP INVESTIMENTOS CCTVM S/A;3;XP INVESTIMENTOS CCTVM S/A
ASAI3;319;18,34%;109.003.585;Balcão;23/07/2026;09:37:03;Novo (0);Regular (1);3;XP INVESTIMENTOS CCTVM S/A;3;XP INVESTIMENTOS CCTVM S/A
CMIN3;1;42,73%;109.003.580;Balcão;23/07/2026;09:37:03;Novo (0);Regular (1);3;XP INVESTIMENTOS CCTVM S/A;3;XP INVESTIMENTOS CCTVM S/A
BBSE3;400;0,88%;109.003.584;Balcão;23/07/2026;09:37:03;Novo (0);Regular (1);3;XP INVESTIMENTOS CCTVM S/A;3;XP INVESTIMENTOS CCTVM S/A
CMIN3;400;42,73%;109.003.583;Balcão;23/07/2026;09:37:03;Novo (0);Regular (1);3;XP INVESTIMENTOS CCTVM S/A;3;XP INVESTIMENTOS CCTVM S/A
ABEV3;164;2,88%;109.003.582;Balcão;23/07/2026;09:37:02;Novo (0);Regular (1);3;XP INVESTIMENTOS CCTVM S/A;3;XP INVESTIMENTOS CCTVM S/A
LREN3;342;0,05%;109.003.579;Balcão;23/07/2026;09:37:02;Novo (0);Regular (1);3;XP INVESTIMENTOS CCTVM S/A;3;XP INVESTIMENTOS CCTVM S/A
ABEV3;289;2,88%;109.003.578;Balcão;23/07/2026;09:37:02;Novo (0);Regular (1);3;XP INVESTIMENTOS CCTVM S/A;3;XP INVESTIMENTOS CCTVM S/A
ABEV3;52;2,88%;109.003.577;Balcão;23/07/2026;09:37:02;Novo (0);Regular (1);3;XP INVESTIMENTOS CCTVM S/A;3;XP INVESTIMENTOS CCTVM S/A
ABEV3;78;2,88%;109.003.576;Balcão;23/07/2026;09:37:02;Novo (0);Regular (1);3;XP INVESTIMENTOS CCTVM S/A;3;XP INVESTIMENTOS CCTVM S/A
AZZA3;82;29,29%;109.003.573;Balcão;23/07/2026;09:37:02;Novo (0);Regular (1);3;XP INVESTIMENTOS CCTVM S/A;3;XP INVESTIMENTOS CCTVM S/A
CASH3;400;5,55%;109.003.575;Balcão;23/07/2026;09:37:02;Novo (0);Regular (1);3;XP INVESTIMENTOS CCTVM S/A;3;XP INVESTIMENTOS CCTVM S/A
ABEV3;260;2,88%;109.003.574;Balcão;23/07/2026;09:37:02;Novo (0);Regular (1);3;XP INVESTIMENTOS CCTVM S/A;3;XP INVESTIMENTOS CCTVM S/A
XPML11;1;0,46%;109.003.572;Balcão;23/07/2026;09:37:02;Novo (0);Regular (1);3;XP INVESTIMENTOS CCTVM S/A;3;XP INVESTIMENTOS CCTVM S/A
MRVE3;1;0,15%;109.003.571;Balcão;23/07/2026;09:37:02;Novo (0);Regular (1);3;XP INVESTIMENTOS CCTVM S/A;3;XP INVESTIMENTOS CCTVM S/A
ASAI3;5;18,34%;109.003.570;Balcão;23/07/2026;09:37:02;Novo (0);Regular (1);3;XP INVESTIMENTOS CCTVM S/A;3;XP INVESTIMENTOS CCTVM S/A
U1BE34;900;7,00%;109.003.528;Balcão;23/07/2026;09:37:02;Novo (0);Regular (1);3;XP INVESTIMENTOS CCTVM S/A;3;XP INVESTIMENTOS CCTVM S/A
MRVE3;391;0,15%;109.003.566;Balcão;23/07/2026;09:37:02;Novo (0);Regular (1);3;XP INVESTIMENTOS CCTVM S/A;3;XP INVESTIMENTOS CCTVM S/A
SANB11;2.500;6,43%;109.003.529;Balcão;23/07/2026;09:37:02;Novo (0);Regular (1);3;XP INVESTIMENTOS CCTVM S/A;3;XP INVESTIMENTOS CCTVM S/A
CMIN3;400;42,73%;109.003.569;Balcão;23/07/2026;09:37:02;Novo (0);Regular (1);3;XP INVESTIMENTOS CCTVM S/A;3;XP INVESTIMENTOS CCTVM S/A
GOLX11;89;0,25%;109.003.567;Balcão;23/07/2026;09:37:02;Novo (0);Regular (1);3;XP INVESTIMENTOS CCTVM S/A;3;XP INVESTIMENTOS CCTVM S/A
RECV3;100;1,89%;109.003.568;Balcão;23/07/2026;09:37:02;Novo (0);Regular (1);3;XP INVESTIMENTOS CCTVM S/A;3;XP INVESTIMENTOS CCTVM S/A
ABEV3;202;2,88%;109.003.565;Balcão;23/07/2026;09:37:01;Novo (0);Regular (1);3;XP INVESTIMENTOS CCTVM S/A;3;XP INVESTIMENTOS CCTVM S/A
BBSE3;2;0,88%;109.003.564;Balcão;23/07/2026;09:37:01;Novo (0);Regular (1);3;XP INVESTIMENTOS CCTVM S/A;3;XP INVESTIMENTOS CCTVM S/A
U1BE34;407;7,00%;109.003.563;Balcão;23/07/2026;09:37:01;Novo (0);Regular (1);3;XP INVESTIMENTOS CCTVM S/A;3;XP INVESTIMENTOS CCTVM S/A
GOLX11;33;0,25%;109.003.562;Balcão;23/07/2026;09:37:01;Novo (0);Regular (1);3;XP INVESTIMENTOS CCTVM S/A;3;XP INVESTIMENTOS CCTVM S/A
VALE3;341;0,20%;109.003.559;Balcão;23/07/2026;09:37:01;Novo (0);Regular (1);3;XP INVESTIMENTOS CCTVM S/A;3;XP INVESTIMENTOS CCTVM S/A
SUZB3;395;0,03%;109.003.560;Balcão;23/07/2026;09:37:01;Novo (0);Regular (1);3;XP INVESTIMENTOS CCTVM S/A;3;XP INVESTIMENTOS CCTVM S/A
AURE3;1;0,04%;109.003.561;Balcão;23/07/2026;09:37:01;Novo (0);Regular (1);3;XP INVESTIMENTOS CCTVM S/A;3;XP INVESTIMENTOS CCTVM S/A
SMTO3;4;4,47%;109.003.558;Balcão;23/07/2026;09:37:01;Novo (0);Regular (1);3;XP INVESTIMENTOS CCTVM S/A;3;XP INVESTIMENTOS CCTVM S/A
BBSE3;2.254;0,88%;109.003.557;Balcão;23/07/2026;09:37:01;Novo (0);Regular (1);3;XP INVESTIMENTOS CCTVM S/A;3;XP INVESTIMENTOS CCTVM S/A
GOLD11;450;0,05%;109.003.556;Balcão;23/07/2026;09:37:01;Novo (0);Regular (1);3;XP INVESTIMENTOS CCTVM S/A;3;XP INVESTIMENTOS CCTVM S/A
CMIN3;1.452;42,73%;109.003.555;Balcão;23/07/2026;09:37:01;Novo (0);Regular (1);3;XP INVESTIMENTOS CCTVM S/A;3;XP INVESTIMENTOS CCTVM S/A
LOGN3;200;2,26%;109.003.553;Balcão;23/07/2026;09:37:01;Novo (0);Regular (1);3;XP INVESTIMENTOS CCTVM S/A;3;XP INVESTIMENTOS CCTVM S/A
GOLX11;91;0,25%;109.003.554;Balcão;23/07/2026;09:37:01;Novo (0);Regular (1);3;XP INVESTIMENTOS CCTVM S/A;3;XP INVESTIMENTOS CCTVM S/A
ANIM3;188;0,39%;109.003.552;Balcão;23/07/2026;09:37:01;Novo (0);Regular (1);3;XP INVESTIMENTOS CCTVM S/A;3;XP INVESTIMENTOS CCTVM S/A
PETR3;200;0,02%;109.003.506;Balcão;23/07/2026;09:37:01;Novo (0);Regular (1);3;XP INVESTIMENTOS CCTVM S/A;3;XP INVESTIMENTOS CCTVM S/A
ASAI3;600;18,34%;109.003.550;Balcão;23/07/2026;09:37:00;Novo (0);Regular (1);3;XP INVESTIMENTOS CCTVM S/A;3;XP INVESTIMENTOS CCTVM S/A
BBDC4;482;0,02%;109.003.548;Balcão;23/07/2026;09:37:00;Novo (0);Regular (1);3;XP INVESTIMENTOS CCTVM S/A;3;XP INVESTIMENTOS CCTVM S/A
BITH11;1;0,11%;109.003.551;Balcão;23/07/2026;09:37:00;Novo (0);Regular (1);3;XP INVESTIMENTOS CCTVM S/A;3;XP INVESTIMENTOS CCTVM S/A
MRVE3;400;0,15%;109.003.544;Balcão;23/07/2026;09:37:00;Novo (0);Regular (1);3;XP INVESTIMENTOS CCTVM S/A;3;XP INVESTIMENTOS CCTVM S/A
ITSA4;1;0,01%;109.003.549;Balcão;23/07/2026;09:37:00;Novo (0);Regular (1);3;XP INVESTIMENTOS CCTVM S/A;3;XP INVESTIMENTOS CCTVM S/A
ITUB3;400;1,16%;109.003.545;Balcão;23/07/2026;09:37:00;Novo (0);Regular (1);3;XP INVESTIMENTOS CCTVM S/A;3;XP INVESTIMENTOS CCTVM S/A
USIM5;450;0,04%;109.003.547;Balcão;23/07/2026;09:37:00;Novo (0);Regular (1);3;XP INVESTIMENTOS CCTVM S/A;3;XP INVESTIMENTOS CCTVM S/A
ASAI3;3.350;18,34%;109.003.538;Balcão;23/07/2026;09:37:00;Novo (0);Regular (1);3;XP INVESTIMENTOS CCTVM S/A;3;XP INVESTIMENTOS CCTVM S/A
CMIN3;1;42,73%;109.003.546;Balcão;23/07/2026;09:37:00;Novo (0);Regular (1);3;XP INVESTIMENTOS CCTVM S/A;3;XP INVESTIMENTOS CCTVM S/A
HODL11;500;0,10%;109.003.543;Balcão;23/07/2026;09:37:00;Novo (0);Regular (1);3;XP INVESTIMENTOS CCTVM S/A;3;XP INVESTIMENTOS CCTVM S/A
CMIN3;100;42,73%;109.003.540;Balcão;23/07/2026;09:37:00;Novo (0);Regular (1);3;XP INVESTIMENTOS CCTVM S/A;3;XP INVESTIMENTOS CCTVM S/A
SMTO3;93;4,47%;109.003.537;Balcão;23/07/2026;09:37:00;Novo (0);Regular (1);3;XP INVESTIMENTOS CCTVM S/A;3;XP INVESTIMENTOS CCTVM S/A
GOLX11;91;0,25%;109.003.536;Balcão;23/07/2026;09:37:00;Novo (0);Regular (1);3;XP INVESTIMENTOS CCTVM S/A;3;XP INVESTIMENTOS CCTVM S/A
WRLD11;526;0,67%;109.003.539;Balcão;23/07/2026;09:37:00;Novo (0);Regular (1);3;XP INVESTIMENTOS CCTVM S/A;3;XP INVESTIMENTOS CCTVM S/A
BBSE3;2;0,88%;109.003.541;Balcão;23/07/2026;09:37:00;Novo (0);Regular (1);3;XP INVESTIMENTOS CCTVM S/A;3;XP INVESTIMENTOS CCTVM S/A
CMIN3;1.048;42,73%;109.003.542;Balcão;23/07/2026;09:36:59;Novo (0);Regular (1);3;XP INVESTIMENTOS CCTVM S/A;3;XP INVESTIMENTOS CCTVM S/A
LOGN3;2.500;2,26%;109.003.526;Balcão;23/07/2026;09:36:59;Novo (0);Regular (1);3;XP INVESTIMENTOS CCTVM S/A;3;XP INVESTIMENTOS CCTVM S/A
ABEV3;168;2,88%;109.003.527;Balcão;23/07/2026;09:36:59;Novo (0);Regular (1);3;XP INVESTIMENTOS CCTVM S/A;3;XP INVESTIMENTOS CCTVM S/A
HGRU11;1;0,12%;109.003.524;Balcão;23/07/2026;09:36:59;Novo (0);Regular (1);3;XP INVESTIMENTOS CCTVM S/A;3;XP INVESTIMENTOS CCTVM S/A
BBSE3;462;0,88%;109.003.525;Balcão;23/07/2026;09:36:59;Novo (0);Regular (1);3;XP INVESTIMENTOS CCTVM S/A;3;XP INVESTIMENTOS CCTVM S/A
B3SA3;1;0,02%;109.003.521;Balcão;23/07/2026;09:36:59;Novo (0);Regular (1);3;XP INVESTIMENTOS CCTVM S/A;3;XP INVESTIMENTOS CCTVM S/A
BEEF3;3.000;1,88%;109.003.523;Balcão;23/07/2026;09:36:59;Novo (0);Regular (1);3;XP INVESTIMENTOS CCTVM S/A;3;XP INVESTIMENTOS CCTVM S/A
SMTO3;167;4,47%;109.003.522;Balcão;23/07/2026;09:36:59;Novo (0);Regular (1);3;XP INVESTIMENTOS CCTVM S/A;3;XP INVESTIMENTOS CCTVM S/A
VIVT3;500;0,10%;109.003.520;Balcão;23/07/2026;09:36:59;Novo (0);Regular (1);3;XP INVESTIMENTOS CCTVM S/A;3;XP INVESTIMENTOS CCTVM S/A
BBAS3;492;0,02%;109.003.519;Balcão;23/07/2026;09:36:59;Novo (0);Regular (1);3;XP INVESTIMENTOS CCTVM S/A;3;XP INVESTIMENTOS CCTVM S/A
SMTO3;127;4,47%;109.003.518;Balcão;23/07/2026;09:36:59;Novo (0);Regular (1);3;XP INVESTIMENTOS CCTVM S/A;3;XP INVESTIMENTOS CCTVM S/A
U1BE34;415;7,00%;109.003.516;Balcão;23/07/2026;09:36:58;Novo (0);Regular (1);3;XP INVESTIMENTOS CCTVM S/A;3;XP INVESTIMENTOS CCTVM S/A
SUZB3;51;0,03%;109.003.517;Balcão;23/07/2026;09:36:58;Novo (0);Regular (1);3;XP INVESTIMENTOS CCTVM S/A;3;XP INVESTIMENTOS CCTVM S/A
BBSE3;98;0,88%;109.003.515;Balcão;23/07/2026;09:36:58;Novo (0);Regular (1);3;XP INVESTIMENTOS CCTVM S/A;3;XP INVESTIMENTOS CCTVM S/A
ITUB3;5;1,16%;109.003.514;Balcão;23/07/2026;09:36:58;Novo (0);Regular (1);3;XP INVESTIMENTOS CCTVM S/A;3;XP INVESTIMENTOS CCTVM S/A
GGBR4;600;0,02%;109.003.513;Balcão;23/07/2026;09:36:58;Novo (0);Regular (1);3;XP INVESTIMENTOS CCTVM S/A;3;XP INVESTIMENTOS CCTVM S/A
CMIN3;100;42,73%;109.003.512;Balcão;23/07/2026;09:36:58;Novo (0);Regular (1);3;XP INVESTIMENTOS CCTVM S/A;3;XP INVESTIMENTOS CCTVM S/A
RBRR11;500;0,42%;109.003.511;Balcão;23/07/2026;09:36:58;Novo (0);Regular (1);3;XP INVESTIMENTOS CCTVM S/A;3;XP INVESTIMENTOS CCTVM S/A
CYRE3;100;0,08%;109.003.510;Balcão;23/07/2026;09:36:58;Novo (0);Regular (1);3;XP INVESTIMENTOS CCTVM S/A;3;XP INVESTIMENTOS CCTVM S/A
CMIN3;761;42,73%;109.003.508;Balcão;23/07/2026;09:36:58;Novo (0);Regular (1);3;XP INVESTIMENTOS CCTVM S/A;3;XP INVESTIMENTOS CCTVM S/A
ABEV3;20;2,88%;109.003.509;Balcão;23/07/2026;09:36:58;Novo (0);Regular (1);3;XP INVESTIMENTOS CCTVM S/A;3;XP INVESTIMENTOS CCTVM S/A
CMIN3;370;42,73%;109.003.507;Balcão;23/07/2026;09:36:58;Novo (0);Regular (1);3;XP INVESTIMENTOS CCTVM S/A;3;XP INVESTIMENTOS CCTVM S/A
CPLE3;400;0,03%;109.003.504;Balcão;23/07/2026;09:36:58;Novo (0);Regular (1);3;XP INVESTIMENTOS CCTVM S/A;3;XP INVESTIMENTOS CCTVM S/A
RBVA11;547;0,82%;109.003.505;Balcão;23/07/2026;09:36:58;Novo (0);Regular (1);3;XP INVESTIMENTOS CCTVM S/A;3;XP INVESTIMENTOS CCTVM S/A
ABEV3;1;2,88%;109.003.500;Balcão;23/07/2026;09:36:58;Novo (0);Regular (1);3;XP INVESTIMENTOS CCTVM S/A;3;XP INVESTIMENTOS CCTVM S/A
SMTO3;2;4,47%;109.003.502;Balcão;23/07/2026;09:36:58;Novo (0);Regular (1);3;XP INVESTIMENTOS CCTVM S/A;3;XP INVESTIMENTOS CCTVM S/A
BBSE3;98;0,88%;109.003.503;Balcão;23/07/2026;09:36:58;Novo (0);Regular (1);3;XP INVESTIMENTOS CCTVM S/A;3;XP INVESTIMENTOS CCTVM S/A
U1BE34;438;7,00%;109.003.501;Balcão;23/07/2026;09:36:58;Novo (0);Regular (1);3;XP INVESTIMENTOS CCTVM S/A;3;XP INVESTIMENTOS CCTVM S/A
PETR3;44;0,02%;109.003.499;Balcão;23/07/2026;09:36:58;Novo (0);Regular (1);3;XP INVESTIMENTOS CCTVM S/A;3;XP INVESTIMENTOS CCTVM S/A
JBSS32;2;0,16%;109.003.498;Balcão;23/07/2026;09:36:58;Novo (0);Regular (1);3;XP INVESTIMENTOS CCTVM S/A;3;XP INVESTIMENTOS CCTVM S/A
ABEV3;54;2,88%;109.003.497;Balcão;23/07/2026;09:36:58;Novo (0);Regular (1);3;XP INVESTIMENTOS CCTVM S/A;3;XP INVESTIMENTOS CCTVM S/A
PCAR3;93;17,70%;109.003.496;Balcão;23/07/2026;09:36:57;Novo (0);Regular (1);3;XP INVESTIMENTOS CCTVM S/A;3;XP INVESTIMENTOS CCTVM S/A
HCTR11;1;0,57%;109.003.494;Balcão;23/07/2026;09:36:57;Novo (0);Regular (1);3;XP INVESTIMENTOS CCTVM S/A;3;XP INVESTIMENTOS CCTVM S/A
SUZB3;416;0,03%;109.003.495;Balcão;23/07/2026;09:36:57;Novo (0);Regular (1);3;XP INVESTIMENTOS CCTVM S/A;3;XP INVESTIMENTOS CCTVM S/A
BBSE3;5;0,88%;109.003.492;Balcão;23/07/2026;09:36:57;Novo (0);Regular (1);3;XP INVESTIMENTOS CCTVM S/A;3;XP INVESTIMENTOS CCTVM S/A
B3SA3;14;0,02%;109.003.493;Balcão;23/07/2026;09:36:57;Novo (0);Regular (1);3;XP INVESTIMENTOS CCTVM S/A;3;XP INVESTIMENTOS CCTVM S/A
BBSE3;500;0,88%;109.003.490;Balcão;23/07/2026;09:36:57;Novo (0);Regular (1);3;XP INVESTIMENTOS CCTVM S/A;3;XP INVESTIMENTOS CCTVM S/A
SMTO3;419;4,47%;109.003.491;Balcão;23/07/2026;09:36:57;Novo (0);Regular (1);3;XP INVESTIMENTOS CCTVM S/A;3;XP INVESTIMENTOS CCTVM S/A
JBSS32;452;0,16%;109.003.489;Balcão;23/07/2026;09:36:57;Novo (0);Regular (1);3;XP INVESTIMENTOS CCTVM S/A;3;XP INVESTIMENTOS CCTVM S/A
NVDC34;590;0,10%;109.003.485;Balcão;23/07/2026;09:36:57;Novo (0);Regular (1);3;XP INVESTIMENTOS CCTVM S/A;3;XP INVESTIMENTOS CCTVM S/A
PCAR3;500;17,70%;109.003.487;Balcão;23/07/2026;09:36:57;Novo (0);Regular (1);3;XP INVESTIMENTOS CCTVM S/A;3;XP INVESTIMENTOS CCTVM S/A
ABEV3;300;2,88%;109.003.462;Balcão;23/07/2026;09:36:57;Novo (0);Regular (1);3;XP INVESTIMENTOS CCTVM S/A;3;XP INVESTIMENTOS CCTVM S/A
CMIN3;400;42,73%;109.003.486;Balcão;23/07/2026;09:36:57;Novo (0);Regular (1);3;XP INVESTIMENTOS CCTVM S/A;3;XP INVESTIMENTOS CCTVM S/A
CMIN3;91;42,73%;109.003.460;Balcão;23/07/2026;09:36:57;Novo (0);Regular (1);3;XP INVESTIMENTOS CCTVM S/A;3;XP INVESTIMENTOS CCTVM S/A
BBSE3;2;0,88%;109.003.461;Balcão;23/07/2026;09:36:57;Novo (0);Regular (1);3;XP INVESTIMENTOS CCTVM S/A;3;XP INVESTIMENTOS CCTVM S/A
MGLU3;100;14,36%;109.003.459;Balcão;23/07/2026;09:36:57;Novo (0);Regular (1);3;XP INVESTIMENTOS CCTVM S/A;3;XP INVESTIMENTOS CCTVM S/A
CMIN3;400;42,73%;109.003.463;Balcão;23/07/2026;09:36:57;Novo (0);Regular (1);3;XP INVESTIMENTOS CCTVM S/A;3;XP INVESTIMENTOS CCTVM S/A
PCAR3;600;17,70%;109.003.448;Balcão;23/07/2026;09:36:57;Novo (0);Regular (1);3;XP INVESTIMENTOS CCTVM S/A;3;XP INVESTIMENTOS CCTVM S/A
ENEV3;100;0,09%;109.003.449;Balcão;23/07/2026;09:36:57;Novo (0);Regular (1);3;XP INVESTIMENTOS CCTVM S/A;3;XP INVESTIMENTOS CCTVM S/A
USIM5;14;0,04%;109.003.457;Balcão;23/07/2026;09:36:57;Novo (0);Regular (1);3;XP INVESTIMENTOS CCTVM S/A;3;XP INVESTIMENTOS CCTVM S/A
SUZB3;31;0,03%;109.003.458;Balcão;23/07/2026;09:36:56;Novo (0);Regular (1);3;XP INVESTIMENTOS CCTVM S/A;3;XP INVESTIMENTOS CCTVM S/A
BBSE3;3;0,88%;109.003.450;Balcão;23/07/2026;09:36:56;Novo (0);Regular (1);3;XP INVESTIMENTOS CCTVM S/A;3;XP INVESTIMENTOS CCTVM S/A
CASH3;500;5,55%;109.003.455;Balcão;23/07/2026;09:36:56;Novo (0);Regular (1);3;XP INVESTIMENTOS CCTVM S/A;3;XP INVESTIMENTOS CCTVM S/A
ITUB4;1;0,03%;109.003.456;Balcão;23/07/2026;09:36:56;Novo (0);Regular (1);3;XP INVESTIMENTOS CCTVM S/A;3;XP INVESTIMENTOS CCTVM S/A
BRAP4;1;0,02%;109.003.454;Balcão;23/07/2026;09:36:56;Novo (0);Regular (1);3;XP INVESTIMENTOS CCTVM S/A;3;XP INVESTIMENTOS CCTVM S/A
SBSP3;500;0,07%;109.003.453;Balcão;23/07/2026;09:36:56;Novo (0);Regular (1);3;XP INVESTIMENTOS CCTVM S/A;3;XP INVESTIMENTOS CCTVM S/A
BBAS3;600;0,02%;109.003.452;Balcão;23/07/2026;09:36:56;Novo (0);Regular (1);3;XP INVESTIMENTOS CCTVM S/A;3;XP INVESTIMENTOS CCTVM S/A
A1MD34;1;0,04%;109.003.441;Balcão;23/07/2026;09:36:56;Novo (0);Regular (1);3;XP INVESTIMENTOS CCTVM S/A;3;XP INVESTIMENTOS CCTVM S/A
MXRF11;1;0,11%;109.003.445;Balcão;23/07/2026;09:36:56;Novo (0);Regular (1);3;XP INVESTIMENTOS CCTVM S/A;3;XP INVESTIMENTOS CCTVM S/A
SUZB3;436;0,03%;109.003.447;Balcão;23/07/2026;09:36:56;Novo (0);Regular (1);3;XP INVESTIMENTOS CCTVM S/A;3;XP INVESTIMENTOS CCTVM S/A
SANB11;100;6,43%;109.003.442;Balcão;23/07/2026;09:36:56;Novo (0);Regular (1);3;XP INVESTIMENTOS CCTVM S/A;3;XP INVESTIMENTOS CCTVM S/A
ASAI3;500;18,34%;109.003.451;Balcão;23/07/2026;09:36:56;Novo (0);Regular (1);3;XP INVESTIMENTOS CCTVM S/A;3;XP INVESTIMENTOS CCTVM S/A
BBSE3;2;0,88%;109.003.443;Balcão;23/07/2026;09:36:56;Novo (0);Regular (1);3;XP INVESTIMENTOS CCTVM S/A;3;XP INVESTIMENTOS CCTVM S/A
BTLG11;1;0,11%;109.003.483;Balcão;23/07/2026;09:36:55;Novo (0);Regular (1);3;XP INVESTIMENTOS CCTVM S/A;3;XP INVESTIMENTOS CCTVM S/A
ABEV3;24;2,88%;109.003.480;Balcão;23/07/2026;09:36:55;Novo (0);Regular (1);3;XP INVESTIMENTOS CCTVM S/A;3;XP INVESTIMENTOS CCTVM S/A
CPTS11;1;0,33%;109.003.481;Balcão;23/07/2026;09:36:55;Novo (0);Regular (1);3;XP INVESTIMENTOS CCTVM S/A;3;XP INVESTIMENTOS CCTVM S/A
CYRE4;378;0,10%;109.003.482;Balcão;23/07/2026;09:36:55;Novo (0);Regular (1);3;XP INVESTIMENTOS CCTVM S/A;3;XP INVESTIMENTOS CCTVM S/A
BBDC3;100;0,03%;109.003.484;Balcão;23/07/2026;09:36:55;Novo (0);Regular (1);3;XP INVESTIMENTOS CCTVM S/A;3;XP INVESTIMENTOS CCTVM S/A
CXSE3;567;0,09%;109.003.488;Balcão;23/07/2026;09:36:55;Novo (0);Regular (1);3;XP INVESTIMENTOS CCTVM S/A;3;XP INVESTIMENTOS CCTVM S/A
SMTO3;273;4,47%;109.003.479;Balcão;23/07/2026;09:36:55;Novo (0);Regular (1);3;XP INVESTIMENTOS CCTVM S/A;3;XP INVESTIMENTOS CCTVM S/A
BBSE3;600;0,88%;109.003.438;Balcão;23/07/2026;09:36:55;Novo (0);Regular (1);3;XP INVESTIMENTOS CCTVM S/A;3;XP INVESTIMENTOS CCTVM S/A
SMTO3;98;4,47%;109.003.475;Balcão;23/07/2026;09:36:55;Novo (0);Regular (1);3;XP INVESTIMENTOS CCTVM S/A;3;XP INVESTIMENTOS CCTVM S/A
MXRF11;100;0,11%;109.003.478;Balcão;23/07/2026;09:36:55;Novo (0);Regular (1);3;XP INVESTIMENTOS CCTVM S/A;3;XP INVESTIMENTOS CCTVM S/A
CXSE3;378;0,09%;109.003.477;Balcão;23/07/2026;09:36:55;Novo (0);Regular (1);3;XP INVESTIMENTOS CCTVM S/A;3;XP INVESTIMENTOS CCTVM S/A
TSLA34;3;0,41%;109.003.473;Balcão;23/07/2026;09:36:55;Novo (0);Regular (1);3;XP INVESTIMENTOS CCTVM S/A;3;XP INVESTIMENTOS CCTVM S/A
ITSA4;1;0,01%;109.003.432;Balcão;23/07/2026;09:36:55;Novo (0);Regular (1);3;XP INVESTIMENTOS CCTVM S/A;3;XP INVESTIMENTOS CCTVM S/A
SUZB3;600;0,03%;109.003.476;Balcão;23/07/2026;09:36:54;Novo (0);Regular (1);3;XP INVESTIMENTOS CCTVM S/A;3;XP INVESTIMENTOS CCTVM S/A
CMIN3;2.422;42,73%;109.003.429;Balcão;23/07/2026;09:36:54;Novo (0);Regular (1);3;XP INVESTIMENTOS CCTVM S/A;3;XP INVESTIMENTOS CCTVM S/A
SMTO3;2;4,47%;109.003.427;Balcão;23/07/2026;09:36:54;Novo (0);Regular (1);3;XP INVESTIMENTOS CCTVM S/A;3;XP INVESTIMENTOS CCTVM S/A
MDNE3;100;0,03%;109.003.430;Balcão;23/07/2026;09:36:54;Novo (0);Regular (1);3;XP INVESTIMENTOS CCTVM S/A;3;XP INVESTIMENTOS CCTVM S/A
U1BE34;465;7,00%;109.003.439;Balcão;23/07/2026;09:36:54;Novo (0);Regular (1);3;XP INVESTIMENTOS CCTVM S/A;3;XP INVESTIMENTOS CCTVM S/A
BBSE3;98;0,88%;109.003.435;Balcão;23/07/2026;09:36:54;Novo (0);Regular (1);3;XP INVESTIMENTOS CCTVM S/A;3;XP INVESTIMENTOS CCTVM S/A
MGLU3;550;14,36%;109.003.431;Balcão;23/07/2026;09:36:54;Novo (0);Regular (1);3;XP INVESTIMENTOS CCTVM S/A;3;XP INVESTIMENTOS CCTVM S/A
PETR4;2.600;0,08%;109.003.436;Balcão;23/07/2026;09:36:54;Novo (0);Regular (1);3;XP INVESTIMENTOS CCTVM S/A;3;XP INVESTIMENTOS CCTVM S/A
BOVA11;300;0,72%;109.003.437;Balcão;23/07/2026;09:36:54;Novo (0);Regular (1);3;XP INVESTIMENTOS CCTVM S/A;3;XP INVESTIMENTOS CCTVM S/A
BOVA11;303;0,72%;109.003.421;Balcão;23/07/2026;09:36:54;Novo (0);Regular (1);3;XP INVESTIMENTOS CCTVM S/A;3;XP INVESTIMENTOS CCTVM S/A
BMGB4;621;0,07%;109.003.424;Balcão;23/07/2026;09:36:54;Novo (0);Regular (1);3;XP INVESTIMENTOS CCTVM S/A;3;XP INVESTIMENTOS CCTVM S/A
ABEV3;34;2,88%;109.003.426;Balcão;23/07/2026;09:36:54;Novo (0);Regular (1);3;XP INVESTIMENTOS CCTVM S/A;3;XP INVESTIMENTOS CCTVM S/A
BBSE3;2;0,88%;109.003.423;Balcão;23/07/2026;09:36:54;Novo (0);Regular (1);3;XP INVESTIMENTOS CCTVM S/A;3;XP INVESTIMENTOS CCTVM S/A
CXSE3;122;0,09%;109.003.425;Balcão;23/07/2026;09:36:54;Novo (0);Regular (1);3;XP INVESTIMENTOS CCTVM S/A;3;XP INVESTIMENTOS CCTVM S/A
MDNE3;300;0,03%;109.003.422;Balcão;23/07/2026;09:36:54;Novo (0);Regular (1);3;XP INVESTIMENTOS CCTVM S/A;3;XP INVESTIMENTOS CCTVM S/A
CMIN3;99;42,73%;109.003.419;Balcão;23/07/2026;09:36:54;Novo (0);Regular (1);3;XP INVESTIMENTOS CCTVM S/A;3;XP INVESTIMENTOS CCTVM S/A
ASAI3;5;18,34%;109.003.416;Balcão;23/07/2026;09:36:54;Novo (0);Regular (1);3;XP INVESTIMENTOS CCTVM S/A;3;XP INVESTIMENTOS CCTVM S/A
BBSE3;98;0,88%;109.003.414;Balcão;23/07/2026;09:36:54;Novo (0);Regular (1);3;XP INVESTIMENTOS CCTVM S/A;3;XP INVESTIMENTOS CCTVM S/A
LWSA3;3.200;0,11%;109.003.418;Balcão;23/07/2026;09:36:53;Novo (0);Regular (1);3;XP INVESTIMENTOS CCTVM S/A;3;XP INVESTIMENTOS CCTVM S/A
CEAB3;500;0,12%;109.003.417;Balcão;23/07/2026;09:36:53;Novo (0);Regular (1);3;XP INVESTIMENTOS CCTVM S/A;3;XP INVESTIMENTOS CCTVM S/A
CMIN3;487;42,73%;109.003.420;Balcão;23/07/2026;09:36:53;Novo (0);Regular (1);3;XP INVESTIMENTOS CCTVM S/A;3;XP INVESTIMENTOS CCTVM S/A
CXSE3;289;0,09%;109.003.446;Balcão;23/07/2026;09:36:53;Novo (0);Regular (1);3;XP INVESTIMENTOS CCTVM S/A;3;XP INVESTIMENTOS CCTVM S/A
CXSE3;1.644;0,09%;109.003.440;Balcão;23/07/2026;09:36:51;Novo (0);Regular (1);3;XP INVESTIMENTOS CCTVM S/A;3;XP INVESTIMENTOS CCTVM S/A
XPSF11;1;2,16%;109.003.415;Balcão;23/07/2026;09:36:51;Novo (0);Regular (1);3;XP INVESTIMENTOS CCTVM S/A;3;XP INVESTIMENTOS CCTVM S/A
ITUB4;1;0,03%;109.003.413;Balcão;23/07/2026;09:36:51;Novo (0);Regular (1);3;XP INVESTIMENTOS CCTVM S/A;3;XP INVESTIMENTOS CCTVM S/A
XPML11;1;0,46%;109.003.411;Balcão;23/07/2026;09:36:51;Novo (0);Regular (1);3;XP INVESTIMENTOS CCTVM S/A;3;XP INVESTIMENTOS CCTVM S/A
CYRE3;93;0,08%;109.003.412;Balcão;23/07/2026;09:36:51;Novo (0);Regular (1);3;XP INVESTIMENTOS CCTVM S/A;3;XP INVESTIMENTOS CCTVM S/A
PETR3;195;0,02%;109.003.410;Balcão;23/07/2026;09:36:51;Novo (0);Regular (1);3;XP INVESTIMENTOS CCTVM S/A;3;XP INVESTIMENTOS CCTVM S/A
CXSE3;99;0,09%;109.003.409;Balcão;23/07/2026;09:36:51;Novo (0);Regular (1);3;XP INVESTIMENTOS CCTVM S/A;3;XP INVESTIMENTOS CCTVM S/A
CMIN3;552;42,73%;109.003.408;Balcão;23/07/2026;09:36:51;Novo (0);Regular (1);3;XP INVESTIMENTOS CCTVM S/A;3;XP INVESTIMENTOS CCTVM S/A
RAPT4;10;0,10%;109.003.406;Balcão;23/07/2026;09:36:51;Novo (0);Regular (1);3;XP INVESTIMENTOS CCTVM S/A;3;XP INVESTIMENTOS CCTVM S/A
CBAV3;50;0,08%;109.003.407;Balcão;23/07/2026;09:36:51;Novo (0);Regular (1);3;XP INVESTIMENTOS CCTVM S/A;3;XP INVESTIMENTOS CCTVM S/A
SUZB3;14;0,03%;109.003.405;Balcão;23/07/2026;09:36:51;Novo (0);Regular (1);3;XP INVESTIMENTOS CCTVM S/A;3;XP INVESTIMENTOS CCTVM S/A
CMIN3;2.239;42,73%;109.003.474;Balcão;23/07/2026;09:36:51;Novo (0);Regular (1);3;XP INVESTIMENTOS CCTVM S/A;3;XP INVESTIMENTOS CCTVM S/A
PCAR3;21;17,70%;109.003.404;Balcão;23/07/2026;09:36:51;Novo (0);Regular (1);3;XP INVESTIMENTOS CCTVM S/A;3;XP INVESTIMENTOS CCTVM S/A
BBSE3;390;0,88%;109.003.472;Balcão;23/07/2026;09:36:50;Novo (0);Regular (1);3;XP INVESTIMENTOS CCTVM S/A;3;XP INVESTIMENTOS CCTVM S/A
CMIN3;2.028;42,73%;109.003.403;Balcão;23/07/2026;09:36:50;Novo (0);Regular (1);3;XP INVESTIMENTOS CCTVM S/A;3;XP INVESTIMENTOS CCTVM S/A
URPR11;1;3,22%;109.003.401;Balcão;23/07/2026;09:36:50;Novo (0);Regular (1);3;XP INVESTIMENTOS CCTVM S/A;3;XP INVESTIMENTOS CCTVM S/A
SUZB3;4;0,03%;109.003.402;Balcão;23/07/2026;09:36:50;Novo (0);Regular (1);3;XP INVESTIMENTOS CCTVM S/A;3;XP INVESTIMENTOS CCTVM S/A
CXSE3;98;0,09%;109.003.471;Balcão;23/07/2026;09:36:50;Novo (0);Regular (1);3;XP INVESTIMENTOS CCTVM S/A;3;XP INVESTIMENTOS CCTVM S/A
PLPL3;99;1,77%;109.003.400;Balcão;23/07/2026;09:36:50;Novo (0);Regular (1);3;XP INVESTIMENTOS CCTVM S/A;3;XP INVESTIMENTOS CCTVM S/A
MDNE3;30;0,03%;109.003.399;Balcão;23/07/2026;09:36:50;Novo (0);Regular (1);3;XP INVESTIMENTOS CCTVM S/A;3;XP INVESTIMENTOS CCTVM S/A
CPLE3;1;0,03%;109.003.470;Balcão;23/07/2026;09:36:50;Novo (0);Regular (1);3;XP INVESTIMENTOS CCTVM S/A;3;XP INVESTIMENTOS CCTVM S/A
CMIN3;1.565;42,73%;109.003.398;Balcão;23/07/2026;09:36:50;Novo (0);Regular (1);3;XP INVESTIMENTOS CCTVM S/A;3;XP INVESTIMENTOS CCTVM S/A
MDIA3;500;0,05%;109.003.466;Balcão;23/07/2026;09:36:50;Novo (0);Regular (1);3;XP INVESTIMENTOS CCTVM S/A;3;XP INVESTIMENTOS CCTVM S/A
CBAV3;223;0,08%;109.003.396;Balcão;23/07/2026;09:36:50;Novo (0);Regular (1);3;XP INVESTIMENTOS CCTVM S/A;3;XP INVESTIMENTOS CCTVM S/A
ITUB4;1;0,03%;109.003.397;Balcão;23/07/2026;09:36:50;Novo (0);Regular (1);3;XP INVESTIMENTOS CCTVM S/A;3;XP INVESTIMENTOS CCTVM S/A
CMIN3;972;42,73%;109.003.393;Balcão;23/07/2026;09:36:50;Novo (0);Regular (1);3;XP INVESTIMENTOS CCTVM S/A;3;XP INVESTIMENTOS CCTVM S/A
PCAR3;500;17,70%;109.003.395;Balcão;23/07/2026;09:36:50;Novo (0);Regular (1);3;XP INVESTIMENTOS CCTVM S/A;3;XP INVESTIMENTOS CCTVM S/A
PETR3;200;0,02%;109.003.380;Balcão;23/07/2026;09:36:50;Novo (0);Regular (1);3;XP INVESTIMENTOS CCTVM S/A;3;XP INVESTIMENTOS CCTVM S/A
FRAS3;2.600;7,27%;109.003.394;Balcão;23/07/2026;09:36:50;Novo (0);Regular (1);3;XP INVESTIMENTOS CCTVM S/A;3;XP INVESTIMENTOS CCTVM S/A
MGLU3;26;14,36%;109.003.378;Balcão;23/07/2026;09:36:50;Novo (0);Regular (1);3;XP INVESTIMENTOS CCTVM S/A;3;XP INVESTIMENTOS CCTVM S/A
CMIN3;3;42,73%;109.003.468;Balcão;23/07/2026;09:36:50;Novo (0);Regular (1);3;XP INVESTIMENTOS CCTVM S/A;3;XP INVESTIMENTOS CCTVM S/A
RENT3;14;0,30%;109.003.465;Balcão;23/07/2026;09:36:50;Novo (0);Regular (1);3;XP INVESTIMENTOS CCTVM S/A;3;XP INVESTIMENTOS CCTVM S/A
SUZB3;453;0,03%;109.003.392;Balcão;23/07/2026;09:36:50;Novo (0);Regular (1);3;XP INVESTIMENTOS CCTVM S/A;3;XP INVESTIMENTOS CCTVM S/A
PETR3;166;0,02%;109.003.464;Balcão;23/07/2026;09:36:50;Novo (0);Regular (1);3;XP INVESTIMENTOS CCTVM S/A;3;XP INVESTIMENTOS CCTVM S/A
ABEV3;237;2,88%;109.003.389;Balcão;23/07/2026;09:36:49;Novo (0);Regular (1);3;XP INVESTIMENTOS CCTVM S/A;3;XP INVESTIMENTOS CCTVM S/A
MBRF3;1;6,33%;109.003.391;Balcão;23/07/2026;09:36:49;Novo (0);Regular (1);3;XP INVESTIMENTOS CCTVM S/A;3;XP INVESTIMENTOS CCTVM S/A
ASAI3;95;18,34%;109.003.390;Balcão;23/07/2026;09:36:49;Novo (0);Regular (1);3;XP INVESTIMENTOS CCTVM S/A;3;XP INVESTIMENTOS CCTVM S/A
CVCB3;100;3,97%;109.003.384;Balcão;23/07/2026;09:36:49;Novo (0);Regular (1);3;XP INVESTIMENTOS CCTVM S/A;3;XP INVESTIMENTOS CCTVM S/A
CMIN3;1.628;42,73%;109.003.388;Balcão;23/07/2026;09:36:49;Novo (0);Regular (1);3;XP INVESTIMENTOS CCTVM S/A;3;XP INVESTIMENTOS CCTVM S/A
SUZB3;7;0,03%;109.003.381;Balcão;23/07/2026;09:36:49;Novo (0);Regular (1);3;XP INVESTIMENTOS CCTVM S/A;3;XP INVESTIMENTOS CCTVM S/A
CXSE3;1.100;0,09%;109.003.382;Balcão;23/07/2026;09:36:49;Novo (0);Regular (1);3;XP INVESTIMENTOS CCTVM S/A;3;XP INVESTIMENTOS CCTVM S/A
KNCR11;96;0,15%;109.003.385;Balcão;23/07/2026;09:36:49;Novo (0);Regular (1);3;XP INVESTIMENTOS CCTVM S/A;3;XP INVESTIMENTOS CCTVM S/A
BEEF3;3.200;1,88%;109.003.386;Balcão;23/07/2026;09:36:49;Novo (0);Regular (1);3;XP INVESTIMENTOS CCTVM S/A;3;XP INVESTIMENTOS CCTVM S/A
CMIN3;868;42,73%;109.003.383;Balcão;23/07/2026;09:36:49;Novo (0);Regular (1);3;XP INVESTIMENTOS CCTVM S/A;3;XP INVESTIMENTOS CCTVM S/A
MGLU3;630;14,36%;109.003.387;Balcão;23/07/2026;09:36:49;Novo (0);Regular (1);3;XP INVESTIMENTOS CCTVM S/A;3;XP INVESTIMENTOS CCTVM S/A
SMTO3;2;4,47%;109.003.358;Balcão;23/07/2026;09:36:46;Novo (0);Regular (1);3;XP INVESTIMENTOS CCTVM S/A;3;XP INVESTIMENTOS CCTVM S/A
PETR3;309;0,02%;109.003.365;Balcão;23/07/2026;09:36:46;Novo (0);Regular (1);3;XP INVESTIMENTOS CCTVM S/A;3;XP INVESTIMENTOS CCTVM S/A
CMIN3;100;42,73%;109.003.376;Balcão;23/07/2026;09:36:45;Novo (0);Regular (1);3;XP INVESTIMENTOS CCTVM S/A;3;XP INVESTIMENTOS CCTVM S/A
CYRE3;2.507;0,08%;109.003.377;Balcão;23/07/2026;09:36:45;Novo (0);Regular (1);3;XP INVESTIMENTOS CCTVM S/A;3;XP INVESTIMENTOS CCTVM S/A
CXSE3;14;0,09%;109.003.374;Balcão;23/07/2026;09:36:45;Novo (0);Regular (1);3;XP INVESTIMENTOS CCTVM S/A;3;XP INVESTIMENTOS CCTVM S/A
ABEV3;268;2,88%;109.003.375;Balcão;23/07/2026;09:36:45;Novo (0);Regular (1);3;XP INVESTIMENTOS CCTVM S/A;3;XP INVESTIMENTOS CCTVM S/A
CMIN3;1.277;42,73%;109.003.373;Balcão;23/07/2026;09:36:45;Novo (0);Regular (1);3;XP INVESTIMENTOS CCTVM S/A;3;XP INVESTIMENTOS CCTVM S/A
CBAV3;107;0,08%;109.003.370;Balcão;23/07/2026;09:36:45;Novo (0);Regular (1);3;XP INVESTIMENTOS CCTVM S/A;3;XP INVESTIMENTOS CCTVM S/A
ITUB3;100;1,16%;109.003.368;Balcão;23/07/2026;09:36:45;Novo (0);Regular (1);3;XP INVESTIMENTOS CCTVM S/A;3;XP INVESTIMENTOS CCTVM S/A
A1MD34;100;0,04%;109.003.372;Balcão;23/07/2026;09:36:45;Novo (0);Regular (1);3;XP INVESTIMENTOS CCTVM S/A;3;XP INVESTIMENTOS CCTVM S/A
BEEF3;2;1,88%;109.003.369;Balcão;23/07/2026;09:36:45;Novo (0);Regular (1);3;XP INVESTIMENTOS CCTVM S/A;3;XP INVESTIMENTOS CCTVM S/A
FRAS3;31;7,27%;109.003.367;Balcão;23/07/2026;09:36:45;Novo (0);Regular (1);3;XP INVESTIMENTOS CCTVM S/A;3;XP INVESTIMENTOS CCTVM S/A
RAPT4;615;0,10%;109.003.371;Balcão;23/07/2026;09:36:45;Novo (0);Regular (1);3;XP INVESTIMENTOS CCTVM S/A;3;XP INVESTIMENTOS CCTVM S/A
PCAR3;500;17,70%;109.003.366;Balcão;23/07/2026;09:36:45;Novo (0);Regular (1);3;XP INVESTIMENTOS CCTVM S/A;3;XP INVESTIMENTOS CCTVM S/A
AMER3;2;19,82%;109.003.364;Balcão;23/07/2026;09:36:44;Novo (0);Regular (1);3;XP INVESTIMENTOS CCTVM S/A;3;XP INVESTIMENTOS CCTVM S/A
PCAR3;379;17,70%;109.003.361;Balcão;23/07/2026;09:36:44;Novo (0);Regular (1);3;XP INVESTIMENTOS CCTVM S/A;3;XP INVESTIMENTOS CCTVM S/A
PCAR3;2.958;17,70%;109.003.363;Balcão;23/07/2026;09:36:44;Novo (0);Regular (1);3;XP INVESTIMENTOS CCTVM S/A;3;XP INVESTIMENTOS CCTVM S/A
AMER3;12;19,82%;109.003.360;Balcão;23/07/2026;09:36:44;Novo (0);Regular (1);3;XP INVESTIMENTOS CCTVM S/A;3;XP INVESTIMENTOS CCTVM S/A
CBAV3;166;0,08%;109.003.362;Balcão;23/07/2026;09:36:44;Novo (0);Regular (1);3;XP INVESTIMENTOS CCTVM S/A;3;XP INVESTIMENTOS CCTVM S/A
KLBN4;99;0,02%;109.003.359;Balcão;23/07/2026;09:36:44;Novo (0);Regular (1);3;XP INVESTIMENTOS CCTVM S/A;3;XP INVESTIMENTOS CCTVM S/A
MXRF11;1;0,11%;109.003.357;Balcão;23/07/2026;09:36:44;Novo (0);Regular (1);3;XP INVESTIMENTOS CCTVM S/A;3;XP INVESTIMENTOS CCTVM S/A
MDNE3;570;0,03%;109.003.356;Balcão;23/07/2026;09:36:44;Novo (0);Regular (1);3;XP INVESTIMENTOS CCTVM S/A;3;XP INVESTIMENTOS CCTVM S/A
CBAV3;310;0,08%;109.003.354;Balcão;23/07/2026;09:36:44;Novo (0);Regular (1);3;XP INVESTIMENTOS CCTVM S/A;3;XP INVESTIMENTOS CCTVM S/A
BBAS3;100;0,02%;109.003.355;Balcão;23/07/2026;09:36:44;Novo (0);Regular (1);3;XP INVESTIMENTOS CCTVM S/A;3;XP INVESTIMENTOS CCTVM S/A
BOVA11;499;0,72%;109.003.353;Balcão;23/07/2026;09:36:44;Novo (0);Regular (1);3;XP INVESTIMENTOS CCTVM S/A;3;XP INVESTIMENTOS CCTVM S/A
PCAR3;61;17,70%;109.003.352;Balcão;23/07/2026;09:36:44;Novo (0);Regular (1);3;XP INVESTIMENTOS CCTVM S/A;3;XP INVESTIMENTOS CCTVM S/A
VALE3;100;0,20%;109.003.351;Balcão;23/07/2026;09:36:44;Novo (0);Regular (1);3;XP INVESTIMENTOS CCTVM S/A;3;XP INVESTIMENTOS CCTVM S/A
BBSE3;500;0,88%;109.003.350;Balcão;23/07/2026;09:36:44;Novo (0);Regular (1);3;XP INVESTIMENTOS CCTVM S/A;3;XP INVESTIMENTOS CCTVM S/A
PETR3;301;0,02%;109.003.348;Balcão;23/07/2026;09:36:44;Novo (0);Regular (1);3;XP INVESTIMENTOS CCTVM S/A;3;XP INVESTIMENTOS CCTVM S/A
CBAV3;77;0,08%;109.003.349;Balcão;23/07/2026;09:36:44;Novo (0);Regular (1);3;XP INVESTIMENTOS CCTVM S/A;3;XP INVESTIMENTOS CCTVM S/A
ORVR3;97;2,50%;109.003.347;Balcão;23/07/2026;09:36:44;Novo (0);Regular (1);3;XP INVESTIMENTOS CCTVM S/A;3;XP INVESTIMENTOS CCTVM S/A
CXSE3;1.900;0,09%;109.003.346;Balcão;23/07/2026;09:36:44;Novo (0);Regular (1);3;XP INVESTIMENTOS CCTVM S/A;3;XP INVESTIMENTOS CCTVM S/A
COGN3;3.300;0,02%;109.003.344;Balcão;23/07/2026;09:36:43;Novo (0);Regular (1);3;XP INVESTIMENTOS CCTVM S/A;3;XP INVESTIMENTOS CCTVM S/A
VGHF11;1;0,44%;109.003.345;Balcão;23/07/2026;09:36:43;Novo (0);Regular (1);3;XP INVESTIMENTOS CCTVM S/A;3;XP INVESTIMENTOS CCTVM S/A
TAEE11;99;0,17%;109.003.341;Balcão;23/07/2026;09:36:43;Novo (0);Regular (1);3;XP INVESTIMENTOS CCTVM S/A;3;XP INVESTIMENTOS CCTVM S/A
ITUB3;400;1,16%;109.003.343;Balcão;23/07/2026;09:36:43;Novo (0);Regular (1);3;XP INVESTIMENTOS CCTVM S/A;3;XP INVESTIMENTOS CCTVM S/A
SLCE3;1;0,12%;109.003.342;Balcão;23/07/2026;09:36:43;Novo (0);Regular (1);3;XP INVESTIMENTOS CCTVM S/A;3;XP INVESTIMENTOS CCTVM S/A
BOVA11;884;0,72%;109.003.337;Balcão;23/07/2026;09:36:43;Novo (0);Regular (1);3;XP INVESTIMENTOS CCTVM S/A;3;XP INVESTIMENTOS CCTVM S/A
BBSE3;2;0,88%;109.003.336;Balcão;23/07/2026;09:36:43;Novo (0);Regular (1);3;XP INVESTIMENTOS CCTVM S/A;3;XP INVESTIMENTOS CCTVM S/A
XPML11;1;0,46%;109.003.340;Balcão;23/07/2026;09:36:43;Novo (0);Regular (1);3;XP INVESTIMENTOS CCTVM S/A;3;XP INVESTIMENTOS CCTVM S/A
KNIP11;632;0,09%;109.003.338;Balcão;23/07/2026;09:36:43;Novo (0);Regular (1);3;XP INVESTIMENTOS CCTVM S/A;3;XP INVESTIMENTOS CCTVM S/A
TIMS3;518;0,06%;109.003.339;Balcão;23/07/2026;09:36:43;Novo (0);Regular (1);3;XP INVESTIMENTOS CCTVM S/A;3;XP INVESTIMENTOS CCTVM S/A
PCAR3;2.607;17,70%;109.003.335;Balcão;23/07/2026;09:36:41;Novo (0);Regular (1);3;XP INVESTIMENTOS CCTVM S/A;3;XP INVESTIMENTOS CCTVM S/A
CMIN3;500;42,73%;109.003.332;Balcão;23/07/2026;09:36:41;Novo (0);Regular (1);3;XP INVESTIMENTOS CCTVM S/A;3;XP INVESTIMENTOS CCTVM S/A
MGLU3;100;14,36%;109.003.334;Balcão;23/07/2026;09:36:41;Novo (0);Regular (1);3;XP INVESTIMENTOS CCTVM S/A;3;XP INVESTIMENTOS CCTVM S/A
MGLU3;3.019;14,36%;109.003.330;Balcão;23/07/2026;09:36:41;Novo (0);Regular (1);3;XP INVESTIMENTOS CCTVM S/A;3;XP INVESTIMENTOS CCTVM S/A
SANB3;1;0,15%;109.003.333;Balcão;23/07/2026;09:36:41;Novo (0);Regular (1);3;XP INVESTIMENTOS CCTVM S/A;3;XP INVESTIMENTOS CCTVM S/A
TAEE11;300;0,17%;109.003.329;Balcão;23/07/2026;09:36:41;Novo (0);Regular (1);3;XP INVESTIMENTOS CCTVM S/A;3;XP INVESTIMENTOS CCTVM S/A
CMIN3;400;42,73%;109.003.331;Balcão;23/07/2026;09:36:41;Novo (0);Regular (1);3;XP INVESTIMENTOS CCTVM S/A;3;XP INVESTIMENTOS CCTVM S/A
MXRF11;1;0,11%;109.003.328;Balcão;23/07/2026;09:36:41;Novo (0);Regular (1);3;XP INVESTIMENTOS CCTVM S/A;3;XP INVESTIMENTOS CCTVM S/A
ENGI11;1;0,12%;109.003.326;Balcão;23/07/2026;09:36:41;Novo (0);Regular (1);3;XP INVESTIMENTOS CCTVM S/A;3;XP INVESTIMENTOS CCTVM S/A
EQTL3;500;0,05%;109.003.327;Balcão;23/07/2026;09:36:41;Novo (0);Regular (1);3;XP INVESTIMENTOS CCTVM S/A;3;XP INVESTIMENTOS CCTVM S/A
YDUQ3;1;0,10%;109.003.324;Balcão;23/07/2026;09:36:41;Novo (0);Regular (1);3;XP INVESTIMENTOS CCTVM S/A;3;XP INVESTIMENTOS CCTVM S/A
BOVX11;177;2,47%;109.003.325;Balcão;23/07/2026;09:36:41;Novo (0);Regular (1);3;XP INVESTIMENTOS CCTVM S/A;3;XP INVESTIMENTOS CCTVM S/A
SUZB3;99;0,03%;109.003.320;Balcão;23/07/2026;09:36:41;Novo (0);Regular (1);3;XP INVESTIMENTOS CCTVM S/A;3;XP INVESTIMENTOS CCTVM S/A
CURY3;99;1,21%;109.003.323;Balcão;23/07/2026;09:36:41;Novo (0);Regular (1);3;XP INVESTIMENTOS CCTVM S/A;3;XP INVESTIMENTOS CCTVM S/A
ANIM3;412;0,39%;109.003.321;Balcão;23/07/2026;09:36:41;Novo (0);Regular (1);3;XP INVESTIMENTOS CCTVM S/A;3;XP INVESTIMENTOS CCTVM S/A
ASAI3;5;18,34%;109.003.322;Balcão;23/07/2026;09:36:41;Novo (0);Regular (1);3;XP INVESTIMENTOS CCTVM S/A;3;XP INVESTIMENTOS CCTVM S/A
BOVA11;200;0,72%;109.003.317;Balcão;23/07/2026;09:36:41;Novo (0);Regular (1);3;XP INVESTIMENTOS CCTVM S/A;3;XP INVESTIMENTOS CCTVM S/A
KLBN4;1;0,02%;109.003.319;Balcão;23/07/2026;09:36:41;Novo (0);Regular (1);3;XP INVESTIMENTOS CCTVM S/A;3;XP INVESTIMENTOS CCTVM S/A
SUZB3;460;0,03%;109.003.318;Balcão;23/07/2026;09:36:40;Novo (0);Regular (1);3;XP INVESTIMENTOS CCTVM S/A;3;XP INVESTIMENTOS CCTVM S/A
CSMG3;600;0,57%;109.003.316;Balcão;23/07/2026;09:36:40;Novo (0);Regular (1);3;XP INVESTIMENTOS CCTVM S/A;3;XP INVESTIMENTOS CCTVM S/A
POMO4;15;0,02%;109.003.310;Balcão;23/07/2026;09:36:40;Novo (0);Regular (1);3;XP INVESTIMENTOS CCTVM S/A;3;XP INVESTIMENTOS CCTVM S/A
CBAV3;25;0,08%;109.003.315;Balcão;23/07/2026;09:36:40;Novo (0);Regular (1);3;XP INVESTIMENTOS CCTVM S/A;3;XP INVESTIMENTOS CCTVM S/A
CPLE3;1;0,03%;109.003.309;Balcão;23/07/2026;09:36:40;Novo (0);Regular (1);3;XP INVESTIMENTOS CCTVM S/A;3;XP INVESTIMENTOS CCTVM S/A
BOVX11;3.163;2,47%;109.003.312;Balcão;23/07/2026;09:36:40;Novo (0);Regular (1);3;XP INVESTIMENTOS CCTVM S/A;3;XP INVESTIMENTOS CCTVM S/A
YDUQ3;564;0,10%;109.003.314;Balcão;23/07/2026;09:36:40;Novo (0);Regular (1);3;XP INVESTIMENTOS CCTVM S/A;3;XP INVESTIMENTOS CCTVM S/A
GOLD11;5;0,05%;109.003.313;Balcão;23/07/2026;09:36:40;Novo (0);Regular (1);3;XP INVESTIMENTOS CCTVM S/A;3;XP INVESTIMENTOS CCTVM S/A
CMIN3;2.010;42,73%;109.003.311;Balcão;23/07/2026;09:36:40;Novo (0);Regular (1);3;XP INVESTIMENTOS CCTVM S/A;3;XP INVESTIMENTOS CCTVM S/A
PRIO3;500;0,02%;109.003.307;Balcão;23/07/2026;09:36:40;Novo (0);Regular (1);3;XP INVESTIMENTOS CCTVM S/A;3;XP INVESTIMENTOS CCTVM S/A
BSLV39;1.735;0,10%;109.003.308;Balcão;23/07/2026;09:36:40;Novo (0);Regular (1);3;XP INVESTIMENTOS CCTVM S/A;3;XP INVESTIMENTOS CCTVM S/A
CMIN3;450;42,73%;109.003.306;Balcão;23/07/2026;09:36:40;Novo (0);Regular (1);3;XP INVESTIMENTOS CCTVM S/A;3;XP INVESTIMENTOS CCTVM S/A
VISC11;1;0,47%;109.003.304;Balcão;23/07/2026;09:36:40;Novo (0);Regular (1);3;XP INVESTIMENTOS CCTVM S/A;3;XP INVESTIMENTOS CCTVM S/A
VALE3;97;0,20%;109.003.302;Balcão;23/07/2026;09:36:40;Novo (0);Regular (1);3;XP INVESTIMENTOS CCTVM S/A;3;XP INVESTIMENTOS CCTVM S/A
ANIM3;239;0,39%;109.003.303;Balcão;23/07/2026;09:36:40;Novo (0);Regular (1);3;XP INVESTIMENTOS CCTVM S/A;3;XP INVESTIMENTOS CCTVM S/A
ABEV3;1;2,88%;109.003.305;Balcão;23/07/2026;09:36:40;Novo (0);Regular (1);3;XP INVESTIMENTOS CCTVM S/A;3;XP INVESTIMENTOS CCTVM S/A
ISAE4;100;0,43%;109.003.300;Balcão;23/07/2026;09:36:40;Novo (0);Regular (1);3;XP INVESTIMENTOS CCTVM S/A;3;XP INVESTIMENTOS CCTVM S/A
ABEV3;1;2,88%;109.003.301;Balcão;23/07/2026;09:36:40;Novo (0);Regular (1);3;XP INVESTIMENTOS CCTVM S/A;3;XP INVESTIMENTOS CCTVM S/A
BBSE3;246;0,88%;109.003.299;Balcão;23/07/2026;09:36:40;Novo (0);Regular (1);3;XP INVESTIMENTOS CCTVM S/A;3;XP INVESTIMENTOS CCTVM S/A
PETR3;460;0,02%;109.003.298;Balcão;23/07/2026;09:36:40;Novo (0);Regular (1);3;XP INVESTIMENTOS CCTVM S/A;3;XP INVESTIMENTOS CCTVM S/A
SLCE3;1;0,12%;109.003.181;Balcão;23/07/2026;09:36:40;Novo (0);Regular (1);3;XP INVESTIMENTOS CCTVM S/A;3;XP INVESTIMENTOS CCTVM S/A
ASAI3;146;18,34%;109.003.296;Balcão;23/07/2026;09:36:40;Novo (0);Regular (1);3;XP INVESTIMENTOS CCTVM S/A;3;XP INVESTIMENTOS CCTVM S/A
GGBR4;2;0,02%;109.003.235;Balcão;23/07/2026;09:36:40;Novo (0);Regular (1);3;XP INVESTIMENTOS CCTVM S/A;3;XP INVESTIMENTOS CCTVM S/A
PHMO34;1;15,00%;109.003.297;Balcão;23/07/2026;09:36:40;Novo (0);Regular (1);3;XP INVESTIMENTOS CCTVM S/A;3;XP INVESTIMENTOS CCTVM S/A
NATU3;100;210,44%;109.003.294;Balcão;23/07/2026;09:36:40;Novo (0);Regular (1);3;XP INVESTIMENTOS CCTVM S/A;3;XP INVESTIMENTOS CCTVM S/A
SMTO3;98;4,47%;109.003.295;Balcão;23/07/2026;09:36:40;Novo (0);Regular (1);3;XP INVESTIMENTOS CCTVM S/A;3;XP INVESTIMENTOS CCTVM S/A
DIRR3;19;0,08%;109.003.293;Balcão;23/07/2026;09:36:40;Novo (0);Regular (1);3;XP INVESTIMENTOS CCTVM S/A;3;XP INVESTIMENTOS CCTVM S/A
VALE3;17;0,20%;109.003.291;Balcão;23/07/2026;09:36:39;Novo (0);Regular (1);3;XP INVESTIMENTOS CCTVM S/A;3;XP INVESTIMENTOS CCTVM S/A
ROXO34;71;0,06%;109.003.292;Balcão;23/07/2026;09:36:39;Novo (0);Regular (1);3;XP INVESTIMENTOS CCTVM S/A;3;XP INVESTIMENTOS CCTVM S/A
BBDC4;100;0,02%;109.003.290;Balcão;23/07/2026;09:36:39;Novo (0);Regular (1);3;XP INVESTIMENTOS CCTVM S/A;3;XP INVESTIMENTOS CCTVM S/A
MBRF3;1;6,33%;109.003.287;Balcão;23/07/2026;09:36:39;Novo (0);Regular (1);3;XP INVESTIMENTOS CCTVM S/A;3;XP INVESTIMENTOS CCTVM S/A
ABEV3;54;2,88%;109.003.289;Balcão;23/07/2026;09:36:39;Novo (0);Regular (1);3;XP INVESTIMENTOS CCTVM S/A;3;XP INVESTIMENTOS CCTVM S/A
BBSE3;15;0,88%;109.003.288;Balcão;23/07/2026;09:36:39;Novo (0);Regular (1);3;XP INVESTIMENTOS CCTVM S/A;3;XP INVESTIMENTOS CCTVM S/A
BSLV39;953;0,10%;109.003.286;Balcão;23/07/2026;09:36:39;Novo (0);Regular (1);3;XP INVESTIMENTOS CCTVM S/A;3;XP INVESTIMENTOS CCTVM S/A
BBSE3;500;0,88%;109.003.285;Balcão;23/07/2026;09:36:39;Novo (0);Regular (1);3;XP INVESTIMENTOS CCTVM S/A;3;XP INVESTIMENTOS CCTVM S/A
AMER3;1;19,82%;109.003.284;Balcão;23/07/2026;09:36:39;Novo (0);Regular (1);3;XP INVESTIMENTOS CCTVM S/A;3;XP INVESTIMENTOS CCTVM S/A
XPLG11;1;1,38%;109.003.283;Balcão;23/07/2026;09:36:39;Novo (0);Regular (1);3;XP INVESTIMENTOS CCTVM S/A;3;XP INVESTIMENTOS CCTVM S/A
PCAR3;100;17,70%;109.003.282;Balcão;23/07/2026;09:36:39;Novo (0);Regular (1);3;XP INVESTIMENTOS CCTVM S/A;3;XP INVESTIMENTOS CCTVM S/A
MRVE3;1;0,15%;109.003.281;Balcão;23/07/2026;09:36:39;Novo (0);Regular (1);3;XP INVESTIMENTOS CCTVM S/A;3;XP INVESTIMENTOS CCTVM S/A
VALE3;800;0,20%;109.003.279;Balcão;23/07/2026;09:36:39;Novo (0);Regular (1);3;XP INVESTIMENTOS CCTVM S/A;3;XP INVESTIMENTOS CCTVM S/A
SMFT3;18;0,07%;109.003.280;Balcão;23/07/2026;09:36:39;Novo (0);Regular (1);3;XP INVESTIMENTOS CCTVM S/A;3;XP INVESTIMENTOS CCTVM S/A
CMIN3;1.910;42,73%;109.003.278;Balcão;23/07/2026;09:36:39;Novo (0);Regular (1);3;XP INVESTIMENTOS CCTVM S/A;3;XP INVESTIMENTOS CCTVM S/A
CMIN3;1.383;42,73%;109.003.277;Balcão;23/07/2026;09:36:39;Novo (0);Regular (1);3;XP INVESTIMENTOS CCTVM S/A;3;XP INVESTIMENTOS CCTVM S/A
PCAR3;19;17,70%;109.003.276;Balcão;23/07/2026;09:36:39;Novo (0);Regular (1);3;XP INVESTIMENTOS CCTVM S/A;3;XP INVESTIMENTOS CCTVM S/A
CMIN3;2.918;42,73%;109.003.275;Balcão;23/07/2026;09:36:39;Novo (0);Regular (1);3;XP INVESTIMENTOS CCTVM S/A;3;XP INVESTIMENTOS CCTVM S/A
MRVE3;137;0,15%;109.003.274;Balcão;23/07/2026;09:36:39;Novo (0);Regular (1);3;XP INVESTIMENTOS CCTVM S/A;3;XP INVESTIMENTOS CCTVM S/A
BBSE3;1;0,88%;109.003.272;Balcão;23/07/2026;09:36:39;Novo (0);Regular (1);3;XP INVESTIMENTOS CCTVM S/A;3;XP INVESTIMENTOS CCTVM S/A
EGIE3;18;7,59%;109.003.271;Balcão;23/07/2026;09:36:39;Novo (0);Regular (1);3;XP INVESTIMENTOS CCTVM S/A;3;XP INVESTIMENTOS CCTVM S/A
ABEV3;19;2,88%;109.003.273;Balcão;23/07/2026;09:36:39;Novo (0);Regular (1);3;XP INVESTIMENTOS CCTVM S/A;3;XP INVESTIMENTOS CCTVM S/A
CMIN3;100;42,73%;109.003.267;Balcão;23/07/2026;09:36:38;Novo (0);Regular (1);3;XP INVESTIMENTOS CCTVM S/A;3;XP INVESTIMENTOS CCTVM S/A
ENEV3;15;0,09%;109.003.270;Balcão;23/07/2026;09:36:38;Novo (0);Regular (1);3;XP INVESTIMENTOS CCTVM S/A;3;XP INVESTIMENTOS CCTVM S/A
MELI34;84;0,10%;109.003.268;Balcão;23/07/2026;09:36:38;Novo (0);Regular (1);3;XP INVESTIMENTOS CCTVM S/A;3;XP INVESTIMENTOS CCTVM S/A
LAVV3;1;0,13%;109.003.269;Balcão;23/07/2026;09:36:38;Novo (0);Regular (1);3;XP INVESTIMENTOS CCTVM S/A;3;XP INVESTIMENTOS CCTVM S/A
AZZA3;658;29,29%;109.003.200;Balcão;23/07/2026;09:36:37;Novo (0);Regular (1);3;XP INVESTIMENTOS CCTVM S/A;3;XP INVESTIMENTOS CCTVM S/A
ASAI3;95;18,34%;109.003.266;Balcão;23/07/2026;09:36:37;Novo (0);Regular (1);3;XP INVESTIMENTOS CCTVM S/A;3;XP INVESTIMENTOS CCTVM S/A
PETR3;400;0,02%;109.003.262;Balcão;23/07/2026;09:36:37;Novo (0);Regular (1);3;XP INVESTIMENTOS CCTVM S/A;3;XP INVESTIMENTOS CCTVM S/A
PORD11;418;3,02%;109.003.265;Balcão;23/07/2026;09:36:37;Novo (0);Regular (1);3;XP INVESTIMENTOS CCTVM S/A;3;XP INVESTIMENTOS CCTVM S/A
BRKM5;15;18,15%;109.003.263;Balcão;23/07/2026;09:36:37;Novo (0);Regular (1);3;XP INVESTIMENTOS CCTVM S/A;3;XP INVESTIMENTOS CCTVM S/A
CPFE3;100;0,08%;109.003.264;Balcão;23/07/2026;09:36:37;Novo (0);Regular (1);3;XP INVESTIMENTOS CCTVM S/A;3;XP INVESTIMENTOS CCTVM S/A
MBRF3;525;6,33%;109.003.258;Balcão;23/07/2026;09:36:37;Novo (0);Regular (1);3;XP INVESTIMENTOS CCTVM S/A;3;XP INVESTIMENTOS CCTVM S/A
ANIM3;312;0,39%;109.003.254;Balcão;23/07/2026;09:36:37;Novo (0);Regular (1);3;XP INVESTIMENTOS CCTVM S/A;3;XP INVESTIMENTOS CCTVM S/A
TOTS3;600;0,06%;109.003.257;Balcão;23/07/2026;09:36:37;Novo (0);Regular (1);3;XP INVESTIMENTOS CCTVM S/A;3;XP INVESTIMENTOS CCTVM S/A
CMIN3;1.090;42,73%;109.003.255;Balcão;23/07/2026;09:36:37;Novo (0);Regular (1);3;XP INVESTIMENTOS CCTVM S/A;3;XP INVESTIMENTOS CCTVM S/A
GOLD11;2.869;0,05%;109.003.256;Balcão;23/07/2026;09:36:37;Novo (0);Regular (1);3;XP INVESTIMENTOS CCTVM S/A;3;XP INVESTIMENTOS CCTVM S/A
CMIN3;100;42,73%;109.003.253;Balcão;23/07/2026;09:36:36;Novo (0);Regular (1);3;XP INVESTIMENTOS CCTVM S/A;3;XP INVESTIMENTOS CCTVM S/A
SMFT3;100;0,07%;109.003.252;Balcão;23/07/2026;09:36:36;Novo (0);Regular (1);3;XP INVESTIMENTOS CCTVM S/A;3;XP INVESTIMENTOS CCTVM S/A
CSAN3;79;3,11%;109.003.249;Balcão;23/07/2026;09:36:36;Novo (0);Regular (1);3;XP INVESTIMENTOS CCTVM S/A;3;XP INVESTIMENTOS CCTVM S/A
BBSE3;1;0,88%;109.003.247;Balcão;23/07/2026;09:36:36;Novo (0);Regular (1);3;XP INVESTIMENTOS CCTVM S/A;3;XP INVESTIMENTOS CCTVM S/A
ITUB3;9;1,16%;109.003.251;Balcão;23/07/2026;09:36:36;Novo (0);Regular (1);3;XP INVESTIMENTOS CCTVM S/A;3;XP INVESTIMENTOS CCTVM S/A
BBSE3;480;0,88%;109.003.250;Balcão;23/07/2026;09:36:36;Novo (0);Regular (1);3;XP INVESTIMENTOS CCTVM S/A;3;XP INVESTIMENTOS CCTVM S/A
PRIO3;500;0,02%;109.003.248;Balcão;23/07/2026;09:36:36;Novo (0);Regular (1);3;XP INVESTIMENTOS CCTVM S/A;3;XP INVESTIMENTOS CCTVM S/A
CMIN3;1.090;42,73%;109.003.246;Balcão;23/07/2026;09:36:36;Novo (0);Regular (1);3;XP INVESTIMENTOS CCTVM S/A;3;XP INVESTIMENTOS CCTVM S/A
BBSE3;98;0,88%;109.003.260;Balcão;23/07/2026;09:36:36;Novo (0);Regular (1);3;XP INVESTIMENTOS CCTVM S/A;3;XP INVESTIMENTOS CCTVM S/A
MRVE3;96;0,15%;109.003.261;Balcão;23/07/2026;09:36:36;Novo (0);Regular (1);3;XP INVESTIMENTOS CCTVM S/A;3;XP INVESTIMENTOS CCTVM S/A
ROXO34;2.074;0,06%;109.003.178;Balcão;23/07/2026;09:36:36;Novo (0);Regular (1);3;XP INVESTIMENTOS CCTVM S/A;3;XP INVESTIMENTOS CCTVM S/A
EMBJ3;104;0,06%;109.003.180;Balcão;23/07/2026;09:36:36;Novo (0);Regular (1);3;XP INVESTIMENTOS CCTVM S/A;3;XP INVESTIMENTOS CCTVM S/A
WRLD11;4;0,67%;109.003.245;Balcão;23/07/2026;09:36:36;Novo (0);Regular (1);3;XP INVESTIMENTOS CCTVM S/A;3;XP INVESTIMENTOS CCTVM S/A
EZTC3;100;0,05%;109.003.244;Balcão;23/07/2026;09:36:36;Novo (0);Regular (1);3;XP INVESTIMENTOS CCTVM S/A;3;XP INVESTIMENTOS CCTVM S/A
TAEE11;2.200;0,17%;109.003.259;Balcão;23/07/2026;09:36:36;Novo (0);Regular (1);3;XP INVESTIMENTOS CCTVM S/A;3;XP INVESTIMENTOS CCTVM S/A
ABEV3;330;2,88%;109.003.236;Balcão;23/07/2026;09:36:36;Novo (0);Regular (1);3;XP INVESTIMENTOS CCTVM S/A;3;XP INVESTIMENTOS CCTVM S/A
CMIN3;598;42,73%;109.003.240;Balcão;23/07/2026;09:36:36;Novo (0);Regular (1);3;XP INVESTIMENTOS CCTVM S/A;3;XP INVESTIMENTOS CCTVM S/A
SMTO3;98;4,47%;109.003.241;Balcão;23/07/2026;09:36:36;Novo (0);Regular (1);3;XP INVESTIMENTOS CCTVM S/A;3;XP INVESTIMENTOS CCTVM S/A
PETR3;500;0,02%;109.003.243;Balcão;23/07/2026;09:36:36;Novo (0);Regular (1);3;XP INVESTIMENTOS CCTVM S/A;3;XP INVESTIMENTOS CCTVM S/A
MXRF11;1;0,11%;109.003.238;Balcão;23/07/2026;09:36:36;Novo (0);Regular (1);3;XP INVESTIMENTOS CCTVM S/A;3;XP INVESTIMENTOS CCTVM S/A
KLBN4;1;0,02%;109.003.242;Balcão;23/07/2026;09:36:35;Novo (0);Regular (1);3;XP INVESTIMENTOS CCTVM S/A;3;XP INVESTIMENTOS CCTVM S/A
JBSS32;15;0,16%;109.003.239;Balcão;23/07/2026;09:36:35;Novo (0);Regular (1);3;XP INVESTIMENTOS CCTVM S/A;3;XP INVESTIMENTOS CCTVM S/A
VGHF11;18;0,44%;109.003.237;Balcão;23/07/2026;09:36:35;Novo (0);Regular (1);3;XP INVESTIMENTOS CCTVM S/A;3;XP INVESTIMENTOS CCTVM S/A
CMIN3;102;42,73%;109.003.221;Balcão;23/07/2026;09:36:35;Novo (0);Regular (1);3;XP INVESTIMENTOS CCTVM S/A;3;XP INVESTIMENTOS CCTVM S/A
VGHF11;15;0,44%;109.003.224;Balcão;23/07/2026;09:36:35;Novo (0);Regular (1);3;XP INVESTIMENTOS CCTVM S/A;3;XP INVESTIMENTOS CCTVM S/A
MGLU3;1;14,36%;109.003.226;Balcão;23/07/2026;09:36:35;Novo (0);Regular (1);3;XP INVESTIMENTOS CCTVM S/A;3;XP INVESTIMENTOS CCTVM S/A
ALPA4;700;0,14%;109.003.234;Balcão;23/07/2026;09:36:35;Novo (0);Regular (1);3;XP INVESTIMENTOS CCTVM S/A;3;XP INVESTIMENTOS CCTVM S/A
CYRE3;28;0,08%;109.003.153;Balcão;23/07/2026;09:36:35;Novo (0);Regular (1);3;XP INVESTIMENTOS CCTVM S/A;3;XP INVESTIMENTOS CCTVM S/A
CXSE3;100;0,09%;109.003.222;Balcão;23/07/2026;09:36:35;Novo (0);Regular (1);3;XP INVESTIMENTOS CCTVM S/A;3;XP INVESTIMENTOS CCTVM S/A
ABEV3;16;2,88%;109.003.230;Balcão;23/07/2026;09:36:35;Novo (0);Regular (1);3;XP INVESTIMENTOS CCTVM S/A;3;XP INVESTIMENTOS CCTVM S/A
ABEV3;299;2,88%;109.003.223;Balcão;23/07/2026;09:36:35;Novo (0);Regular (1);3;XP INVESTIMENTOS CCTVM S/A;3;XP INVESTIMENTOS CCTVM S/A
BBSE3;98;0,88%;109.003.233;Balcão;23/07/2026;09:36:35;Novo (0);Regular (1);3;XP INVESTIMENTOS CCTVM S/A;3;XP INVESTIMENTOS CCTVM S/A
ITUB3;1;1,16%;109.003.225;Balcão;23/07/2026;09:36:35;Novo (0);Regular (1);3;XP INVESTIMENTOS CCTVM S/A;3;XP INVESTIMENTOS CCTVM S/A
ABEV3;1;2,88%;109.003.219;Balcão;23/07/2026;09:36:35;Novo (0);Regular (1);3;XP INVESTIMENTOS CCTVM S/A;3;XP INVESTIMENTOS CCTVM S/A
MRVE3;3.721;0,15%;109.003.220;Balcão;23/07/2026;09:36:35;Novo (0);Regular (1);3;XP INVESTIMENTOS CCTVM S/A;3;XP INVESTIMENTOS CCTVM S/A
CSAN3;600;3,11%;109.003.232;Balcão;23/07/2026;09:36:35;Novo (0);Regular (1);3;XP INVESTIMENTOS CCTVM S/A;3;XP INVESTIMENTOS CCTVM S/A
ABEV3;1;2,88%;109.003.218;Balcão;23/07/2026;09:36:35;Novo (0);Regular (1);3;XP INVESTIMENTOS CCTVM S/A;3;XP INVESTIMENTOS CCTVM S/A
MGLU3;100;14,36%;109.003.216;Balcão;23/07/2026;09:36:35;Novo (0);Regular (1);3;XP INVESTIMENTOS CCTVM S/A;3;XP INVESTIMENTOS CCTVM S/A
HABT11;100;1,05%;109.003.228;Balcão;23/07/2026;09:36:35;Novo (0);Regular (1);3;XP INVESTIMENTOS CCTVM S/A;3;XP INVESTIMENTOS CCTVM S/A
AZZA3;100;29,29%;109.003.214;Balcão;23/07/2026;09:36:35;Novo (0);Regular (1);3;XP INVESTIMENTOS CCTVM S/A;3;XP INVESTIMENTOS CCTVM S/A
KLBN11;100;0,66%;109.003.231;Balcão;23/07/2026;09:36:34;Novo (0);Regular (1);3;XP INVESTIMENTOS CCTVM S/A;3;XP INVESTIMENTOS CCTVM S/A
PETR3;530;0,02%;109.003.227;Balcão;23/07/2026;09:36:34;Novo (0);Regular (1);3;XP INVESTIMENTOS CCTVM S/A;3;XP INVESTIMENTOS CCTVM S/A
SMFT3;1;0,07%;109.003.208;Balcão;23/07/2026;09:36:34;Novo (0);Regular (1);3;XP INVESTIMENTOS CCTVM S/A;3;XP INVESTIMENTOS CCTVM S/A
KLBN11;20;0,66%;109.003.211;Balcão;23/07/2026;09:36:34;Novo (0);Regular (1);3;XP INVESTIMENTOS CCTVM S/A;3;XP INVESTIMENTOS CCTVM S/A
BOVA11;21;0,72%;109.003.229;Balcão;23/07/2026;09:36:34;Novo (0);Regular (1);3;XP INVESTIMENTOS CCTVM S/A;3;XP INVESTIMENTOS CCTVM S/A
CMIN3;2.117;42,73%;109.003.217;Balcão;23/07/2026;09:36:34;Novo (0);Regular (1);3;XP INVESTIMENTOS CCTVM S/A;3;XP INVESTIMENTOS CCTVM S/A
ITUB3;10;1,16%;109.003.137;Balcão;23/07/2026;09:36:34;Novo (0);Regular (1);3;XP INVESTIMENTOS CCTVM S/A;3;XP INVESTIMENTOS CCTVM S/A
AZZA3;818;29,29%;109.003.001;Balcão;23/07/2026;09:36:34;Novo (0);Regular (1);3;XP INVESTIMENTOS CCTVM S/A;3;XP INVESTIMENTOS CCTVM S/A
CMIN3;1.362;42,73%;109.003.215;Balcão;23/07/2026;09:36:34;Novo (0);Regular (1);3;XP INVESTIMENTOS CCTVM S/A;3;XP INVESTIMENTOS CCTVM S/A
MELI34;754;0,10%;109.003.212;Balcão;23/07/2026;09:36:34;Novo (0);Regular (1);3;XP INVESTIMENTOS CCTVM S/A;3;XP INVESTIMENTOS CCTVM S/A
VALE3;21;0,20%;109.003.213;Balcão;23/07/2026;09:36:34;Novo (0);Regular (1);3;XP INVESTIMENTOS CCTVM S/A;3;XP INVESTIMENTOS CCTVM S/A
BRCR11;15;1,60%;109.003.210;Balcão;23/07/2026;09:36:34;Novo (0);Regular (1);3;XP INVESTIMENTOS CCTVM S/A;3;XP INVESTIMENTOS CCTVM S/A
CMIN3;1.826;42,73%;109.003.209;Balcão;23/07/2026;09:36:34;Novo (0);Regular (1);3;XP INVESTIMENTOS CCTVM S/A;3;XP INVESTIMENTOS CCTVM S/A
FRAS3;100;7,27%;109.003.207;Balcão;23/07/2026;09:36:34;Novo (0);Regular (1);3;XP INVESTIMENTOS CCTVM S/A;3;XP INVESTIMENTOS CCTVM S/A
ANIM3;361;0,39%;109.003.206;Balcão;23/07/2026;09:36:34;Novo (0);Regular (1);3;XP INVESTIMENTOS CCTVM S/A;3;XP INVESTIMENTOS CCTVM S/A
BRCO11;1;0,03%;109.003.205;Balcão;23/07/2026;09:36:34;Novo (0);Regular (1);3;XP INVESTIMENTOS CCTVM S/A;3;XP INVESTIMENTOS CCTVM S/A
XPML11;1;0,46%;109.003.204;Balcão;23/07/2026;09:36:34;Novo (0);Regular (1);3;XP INVESTIMENTOS CCTVM S/A;3;XP INVESTIMENTOS CCTVM S/A
CMIN3;1.115;42,73%;109.003.203;Balcão;23/07/2026;09:36:34;Novo (0);Regular (1);3;XP INVESTIMENTOS CCTVM S/A;3;XP INVESTIMENTOS CCTVM S/A
ITUB3;700;1,16%;109.003.202;Balcão;23/07/2026;09:36:33;Novo (0);Regular (1);3;XP INVESTIMENTOS CCTVM S/A;3;XP INVESTIMENTOS CCTVM S/A
SMTO3;2;4,47%;109.003.201;Balcão;23/07/2026;09:36:33;Novo (0);Regular (1);3;XP INVESTIMENTOS CCTVM S/A;3;XP INVESTIMENTOS CCTVM S/A
CMIN3;1.774;42,73%;109.003.199;Balcão;23/07/2026;09:36:33;Novo (0);Regular (1);3;XP INVESTIMENTOS CCTVM S/A;3;XP INVESTIMENTOS CCTVM S/A
SMAL11;732;9,92%;109.003.198;Balcão;23/07/2026;09:36:33;Novo (0);Regular (1);3;XP INVESTIMENTOS CCTVM S/A;3;XP INVESTIMENTOS CCTVM S/A
MGLU3;21;14,36%;109.003.195;Balcão;23/07/2026;09:36:33;Novo (0);Regular (1);3;XP INVESTIMENTOS CCTVM S/A;3;XP INVESTIMENTOS CCTVM S/A
PETR3;36;0,02%;109.003.197;Balcão;23/07/2026;09:36:33;Novo (0);Regular (1);3;XP INVESTIMENTOS CCTVM S/A;3;XP INVESTIMENTOS CCTVM S/A
ITUB3;7;1,16%;109.003.194;Balcão;23/07/2026;09:36:33;Novo (0);Regular (1);3;XP INVESTIMENTOS CCTVM S/A;3;XP INVESTIMENTOS CCTVM S/A
KLBN11;5;0,66%;109.003.196;Balcão;23/07/2026;09:36:33;Novo (0);Regular (1);3;XP INVESTIMENTOS CCTVM S/A;3;XP INVESTIMENTOS CCTVM S/A
HGRU11;100;0,12%;109.003.188;Balcão;23/07/2026;09:36:33;Novo (0);Regular (1);3;XP INVESTIMENTOS CCTVM S/A;3;XP INVESTIMENTOS CCTVM S/A
IGTI3;20;0,15%;109.003.186;Balcão;23/07/2026;09:36:33;Novo (0);Regular (1);3;XP INVESTIMENTOS CCTVM S/A;3;XP INVESTIMENTOS CCTVM S/A
ITUB3;1;1,16%;109.003.192;Balcão;23/07/2026;09:36:33;Novo (0);Regular (1);3;XP INVESTIMENTOS CCTVM S/A;3;XP INVESTIMENTOS CCTVM S/A
CEAB3;18;0,12%;109.003.190;Balcão;23/07/2026;09:36:33;Novo (0);Regular (1);3;XP INVESTIMENTOS CCTVM S/A;3;XP INVESTIMENTOS CCTVM S/A
BTCI11;1;0,23%;109.003.191;Balcão;23/07/2026;09:36:33;Novo (0);Regular (1);3;XP INVESTIMENTOS CCTVM S/A;3;XP INVESTIMENTOS CCTVM S/A
ANIM3;372;0,39%;109.003.187;Balcão;23/07/2026;09:36:33;Novo (0);Regular (1);3;XP INVESTIMENTOS CCTVM S/A;3;XP INVESTIMENTOS CCTVM S/A
CMIN3;100;42,73%;109.003.193;Balcão;23/07/2026;09:36:33;Novo (0);Regular (1);3;XP INVESTIMENTOS CCTVM S/A;3;XP INVESTIMENTOS CCTVM S/A
KFOF11;1;10,00%;109.003.189;Balcão;23/07/2026;09:36:33;Novo (0);Regular (1);3;XP INVESTIMENTOS CCTVM S/A;3;XP INVESTIMENTOS CCTVM S/A
ASAI3;1;18,34%;109.003.185;Balcão;23/07/2026;09:36:33;Novo (0);Regular (1);3;XP INVESTIMENTOS CCTVM S/A;3;XP INVESTIMENTOS CCTVM S/A
CMIN3;2.885;42,73%;109.003.184;Balcão;23/07/2026;09:36:33;Novo (0);Regular (1);3;XP INVESTIMENTOS CCTVM S/A;3;XP INVESTIMENTOS CCTVM S/A
ENEV3;700;0,09%;109.003.183;Balcão;23/07/2026;09:36:33;Novo (0);Regular (1);3;XP INVESTIMENTOS CCTVM S/A;3;XP INVESTIMENTOS CCTVM S/A
SMTO3;98;4,47%;109.003.174;Balcão;23/07/2026;09:36:32;Novo (0);Regular (1);3;XP INVESTIMENTOS CCTVM S/A;3;XP INVESTIMENTOS CCTVM S/A
ABEV3;1;2,88%;109.003.176;Balcão;23/07/2026;09:36:32;Novo (0);Regular (1);3;XP INVESTIMENTOS CCTVM S/A;3;XP INVESTIMENTOS CCTVM S/A
ABEV3;1;2,88%;109.003.179;Balcão;23/07/2026;09:36:32;Novo (0);Regular (1);3;XP INVESTIMENTOS CCTVM S/A;3;XP INVESTIMENTOS CCTVM S/A
MRVE3;100;0,15%;109.003.175;Balcão;23/07/2026;09:36:32;Novo (0);Regular (1);3;XP INVESTIMENTOS CCTVM S/A;3;XP INVESTIMENTOS CCTVM S/A
NVDC34;1;0,10%;109.003.173;Balcão;23/07/2026;09:36:32;Novo (0);Regular (1);3;XP INVESTIMENTOS CCTVM S/A;3;XP INVESTIMENTOS CCTVM S/A
SMTO3;15;4,47%;109.003.171;Balcão;23/07/2026;09:36:32;Novo (0);Regular (1);3;XP INVESTIMENTOS CCTVM S/A;3;XP INVESTIMENTOS CCTVM S/A
KLBN11;4.388;0,66%;109.003.177;Balcão;23/07/2026;09:36:32;Novo (0);Regular (1);3;XP INVESTIMENTOS CCTVM S/A;3;XP INVESTIMENTOS CCTVM S/A
SMAL11;973;9,92%;109.003.169;Balcão;23/07/2026;09:36:32;Novo (0);Regular (1);3;XP INVESTIMENTOS CCTVM S/A;3;XP INVESTIMENTOS CCTVM S/A
PETR3;64;0,02%;109.003.172;Balcão;23/07/2026;09:36:32;Novo (0);Regular (1);3;XP INVESTIMENTOS CCTVM S/A;3;XP INVESTIMENTOS CCTVM S/A
A1MD34;2;0,04%;109.003.166;Balcão;23/07/2026;09:36:32;Novo (0);Regular (1);3;XP INVESTIMENTOS CCTVM S/A;3;XP INVESTIMENTOS CCTVM S/A
ITUB3;16;1,16%;109.003.170;Balcão;23/07/2026;09:36:32;Novo (0);Regular (1);3;XP INVESTIMENTOS CCTVM S/A;3;XP INVESTIMENTOS CCTVM S/A
SBSP3;30;0,07%;109.003.157;Balcão;23/07/2026;09:36:32;Novo (0);Regular (1);3;XP INVESTIMENTOS CCTVM S/A;3;XP INVESTIMENTOS CCTVM S/A
SMTO3;2;4,47%;109.003.168;Balcão;23/07/2026;09:36:32;Novo (0);Regular (1);3;XP INVESTIMENTOS CCTVM S/A;3;XP INVESTIMENTOS CCTVM S/A
BBAS3;866;0,02%;109.003.158;Balcão;23/07/2026;09:36:32;Novo (0);Regular (1);3;XP INVESTIMENTOS CCTVM S/A;3;XP INVESTIMENTOS CCTVM S/A
CMIN3;100;42,73%;109.003.167;Balcão;23/07/2026;09:36:32;Novo (0);Regular (1);3;XP INVESTIMENTOS CCTVM S/A;3;XP INVESTIMENTOS CCTVM S/A
ABEV3;16;2,88%;109.003.165;Balcão;23/07/2026;09:36:32;Novo (0);Regular (1);3;XP INVESTIMENTOS CCTVM S/A;3;XP INVESTIMENTOS CCTVM S/A
CMIN3;100;42,73%;109.003.164;Balcão;23/07/2026;09:36:32;Novo (0);Regular (1);3;XP INVESTIMENTOS CCTVM S/A;3;XP INVESTIMENTOS CCTVM S/A
ITUB3;100;1,16%;109.003.162;Balcão;23/07/2026;09:36:32;Novo (0);Regular (1);3;XP INVESTIMENTOS CCTVM S/A;3;XP INVESTIMENTOS CCTVM S/A
GGBR4;836;0,02%;109.003.160;Balcão;23/07/2026;09:36:32;Novo (0);Regular (1);3;XP INVESTIMENTOS CCTVM S/A;3;XP INVESTIMENTOS CCTVM S/A
VGHF11;1;0,44%;109.003.163;Balcão;23/07/2026;09:36:31;Novo (0);Regular (1);3;XP INVESTIMENTOS CCTVM S/A;3;XP INVESTIMENTOS CCTVM S/A
BBSE3;20;0,88%;109.003.161;Balcão;23/07/2026;09:36:31;Novo (0);Regular (1);3;XP INVESTIMENTOS CCTVM S/A;3;XP INVESTIMENTOS CCTVM S/A
VALE3;24;0,20%;109.003.155;Balcão;23/07/2026;09:36:31;Novo (0);Regular (1);3;XP INVESTIMENTOS CCTVM S/A;3;XP INVESTIMENTOS CCTVM S/A
VALE3;7;0,20%;109.003.007;Balcão;23/07/2026;09:36:31;Novo (0);Regular (1);3;XP INVESTIMENTOS CCTVM S/A;3;XP INVESTIMENTOS CCTVM S/A
HCTR11;1;0,57%;109.003.156;Balcão;23/07/2026;09:36:31;Novo (0);Regular (1);3;XP INVESTIMENTOS CCTVM S/A;3;XP INVESTIMENTOS CCTVM S/A
SBSP3;3.570;0,07%;109.003.159;Balcão;23/07/2026;09:36:31;Novo (0);Regular (1);3;XP INVESTIMENTOS CCTVM S/A;3;XP INVESTIMENTOS CCTVM S/A
BOVX11;225;2,47%;109.003.154;Balcão;23/07/2026;09:36:31;Novo (0);Regular (1);3;XP INVESTIMENTOS CCTVM S/A;3;XP INVESTIMENTOS CCTVM S/A
SMAL11;2.272;9,92%;109.003.152;Balcão;23/07/2026;09:36:31;Novo (0);Regular (1);3;XP INVESTIMENTOS CCTVM S/A;3;XP INVESTIMENTOS CCTVM S/A
AURE3;4.424;0,04%;109.003.150;Balcão;23/07/2026;09:36:31;Novo (0);Regular (1);3;XP INVESTIMENTOS CCTVM S/A;3;XP INVESTIMENTOS CCTVM S/A
SIMH3;4.550;0,16%;109.003.151;Balcão;23/07/2026;09:36:31;Novo (0);Regular (1);3;XP INVESTIMENTOS CCTVM S/A;3;XP INVESTIMENTOS CCTVM S/A
ITUB3;5;1,16%;109.003.147;Balcão;23/07/2026;09:36:31;Novo (0);Regular (1);3;XP INVESTIMENTOS CCTVM S/A;3;XP INVESTIMENTOS CCTVM S/A
MELI34;100;0,10%;109.003.146;Balcão;23/07/2026;09:36:31;Novo (0);Regular (1);3;XP INVESTIMENTOS CCTVM S/A;3;XP INVESTIMENTOS CCTVM S/A
TAEE11;740;0,17%;109.003.149;Balcão;23/07/2026;09:36:31;Novo (0);Regular (1);3;XP INVESTIMENTOS CCTVM S/A;3;XP INVESTIMENTOS CCTVM S/A
BBSE3;1;0,88%;109.003.148;Balcão;23/07/2026;09:36:31;Novo (0);Regular (1);3;XP INVESTIMENTOS CCTVM S/A;3;XP INVESTIMENTOS CCTVM S/A
DIRR3;4;0,08%;109.003.144;Balcão;23/07/2026;09:36:31;Novo (0);Regular (1);3;XP INVESTIMENTOS CCTVM S/A;3;XP INVESTIMENTOS CCTVM S/A
MRVE3;1;0,15%;109.003.145;Balcão;23/07/2026;09:36:31;Novo (0);Regular (1);3;XP INVESTIMENTOS CCTVM S/A;3;XP INVESTIMENTOS CCTVM S/A
SBSP3;700;0,07%;109.003.143;Balcão;23/07/2026;09:36:31;Novo (0);Regular (1);3;XP INVESTIMENTOS CCTVM S/A;3;XP INVESTIMENTOS CCTVM S/A
SBSP3;1;0,07%;109.003.142;Balcão;23/07/2026;09:36:31;Novo (0);Regular (1);3;XP INVESTIMENTOS CCTVM S/A;3;XP INVESTIMENTOS CCTVM S/A
KNSC11;1;0,12%;109.003.141;Balcão;23/07/2026;09:36:31;Novo (0);Regular (1);3;XP INVESTIMENTOS CCTVM S/A;3;XP INVESTIMENTOS CCTVM S/A
PCAR3;100;17,70%;109.003.140;Balcão;23/07/2026;09:36:31;Novo (0);Regular (1);3;XP INVESTIMENTOS CCTVM S/A;3;XP INVESTIMENTOS CCTVM S/A
A1MD34;2;0,04%;109.003.139;Balcão;23/07/2026;09:36:31;Novo (0);Regular (1);3;XP INVESTIMENTOS CCTVM S/A;3;XP INVESTIMENTOS CCTVM S/A
GGRC11;22;1,49%;109.003.138;Balcão;23/07/2026;09:36:31;Novo (0);Regular (1);3;XP INVESTIMENTOS CCTVM S/A;3;XP INVESTIMENTOS CCTVM S/A
MRVE3;4.221;0,15%;109.003.006;Balcão;23/07/2026;09:36:30;Novo (0);Regular (1);3;XP INVESTIMENTOS CCTVM S/A;3;XP INVESTIMENTOS CCTVM S/A
CPLE3;700;0,03%;109.003.136;Balcão;23/07/2026;09:36:30;Novo (0);Regular (1);3;XP INVESTIMENTOS CCTVM S/A;3;XP INVESTIMENTOS CCTVM S/A
CAML3;16;0,31%;109.003.135;Balcão;23/07/2026;09:36:30;Novo (0);Regular (1);3;XP INVESTIMENTOS CCTVM S/A;3;XP INVESTIMENTOS CCTVM S/A
RECV3;20;1,89%;109.003.133;Balcão;23/07/2026;09:36:30;Novo (0);Regular (1);3;XP INVESTIMENTOS CCTVM S/A;3;XP INVESTIMENTOS CCTVM S/A
SMTO3;98;4,47%;109.003.134;Balcão;23/07/2026;09:36:30;Novo (0);Regular (1);3;XP INVESTIMENTOS CCTVM S/A;3;XP INVESTIMENTOS CCTVM S/A
ABEV3;16;2,88%;109.003.130;Balcão;23/07/2026;09:36:30;Novo (0);Regular (1);3;XP INVESTIMENTOS CCTVM S/A;3;XP INVESTIMENTOS CCTVM S/A
BBSE3;2;0,88%;109.003.131;Balcão;23/07/2026;09:36:30;Novo (0);Regular (1);3;XP INVESTIMENTOS CCTVM S/A;3;XP INVESTIMENTOS CCTVM S/A
DIRR3;864;0,08%;109.003.132;Balcão;23/07/2026;09:36:30;Novo (0);Regular (1);3;XP INVESTIMENTOS CCTVM S/A;3;XP INVESTIMENTOS CCTVM S/A
MRVE3;1;0,15%;109.003.126;Balcão;23/07/2026;09:36:30;Novo (0);Regular (1);3;XP INVESTIMENTOS CCTVM S/A;3;XP INVESTIMENTOS CCTVM S/A
PCAR3;1;17,70%;109.003.128;Balcão;23/07/2026;09:36:30;Novo (0);Regular (1);3;XP INVESTIMENTOS CCTVM S/A;3;XP INVESTIMENTOS CCTVM S/A
HBSA3;48;6,25%;109.003.129;Balcão;23/07/2026;09:36:30;Novo (0);Regular (1);3;XP INVESTIMENTOS CCTVM S/A;3;XP INVESTIMENTOS CCTVM S/A
XPML11;1;0,46%;109.003.124;Balcão;23/07/2026;09:36:30;Novo (0);Regular (1);3;XP INVESTIMENTOS CCTVM S/A;3;XP INVESTIMENTOS CCTVM S/A
ROXO34;1.251;0,06%;109.003.127;Balcão;23/07/2026;09:36:30;Novo (0);Regular (1);3;XP INVESTIMENTOS CCTVM S/A;3;XP INVESTIMENTOS CCTVM S/A
HGLG11;1;0,15%;109.003.125;Balcão;23/07/2026;09:36:30;Novo (0);Regular (1);3;XP INVESTIMENTOS CCTVM S/A;3;XP INVESTIMENTOS CCTVM S/A
BBSE3;98;0,88%;109.003.122;Balcão;23/07/2026;09:36:30;Novo (0);Regular (1);3;XP INVESTIMENTOS CCTVM S/A;3;XP INVESTIMENTOS CCTVM S/A
A1MD34;2;0,04%;109.003.123;Balcão;23/07/2026;09:36:30;Novo (0);Regular (1);3;XP INVESTIMENTOS CCTVM S/A;3;XP INVESTIMENTOS CCTVM S/A
NATU3;1;210,44%;109.003.121;Balcão;23/07/2026;09:36:30;Novo (0);Regular (1);3;XP INVESTIMENTOS CCTVM S/A;3;XP INVESTIMENTOS CCTVM S/A
HBSA3;4.400;6,25%;109.003.120;Balcão;23/07/2026;09:36:30;Novo (0);Regular (1);3;XP INVESTIMENTOS CCTVM S/A;3;XP INVESTIMENTOS CCTVM S/A
CPLE3;4.000;0,03%;109.003.119;Balcão;23/07/2026;09:36:30;Novo (0);Regular (1);3;XP INVESTIMENTOS CCTVM S/A;3;XP INVESTIMENTOS CCTVM S/A
ITSA4;1;0,01%;109.003.118;Balcão;23/07/2026;09:36:30;Novo (0);Regular (1);3;XP INVESTIMENTOS CCTVM S/A;3;XP INVESTIMENTOS CCTVM S/A
CSAN3;100;3,11%;109.003.116;Balcão;23/07/2026;09:36:30;Novo (0);Regular (1);3;XP INVESTIMENTOS CCTVM S/A;3;XP INVESTIMENTOS CCTVM S/A
KLBN11;848;0,66%;109.003.117;Balcão;23/07/2026;09:36:30;Novo (0);Regular (1);3;XP INVESTIMENTOS CCTVM S/A;3;XP INVESTIMENTOS CCTVM S/A
KLBN11;22;0,66%;109.003.112;Balcão;23/07/2026;09:36:29;Novo (0);Regular (1);3;XP INVESTIMENTOS CCTVM S/A;3;XP INVESTIMENTOS CCTVM S/A
SMTO3;98;4,47%;109.003.115;Balcão;23/07/2026;09:36:29;Novo (0);Regular (1);3;XP INVESTIMENTOS CCTVM S/A;3;XP INVESTIMENTOS CCTVM S/A
CMIN3;598;42,73%;109.003.114;Balcão;23/07/2026;09:36:29;Novo (0);Regular (1);3;XP INVESTIMENTOS CCTVM S/A;3;XP INVESTIMENTOS CCTVM S/A
GGRC11;22;1,49%;109.003.113;Balcão;23/07/2026;09:36:29;Novo (0);Regular (1);3;XP INVESTIMENTOS CCTVM S/A;3;XP INVESTIMENTOS CCTVM S/A
CSAN3;100;3,11%;109.003.109;Balcão;23/07/2026;09:36:29;Novo (0);Regular (1);3;XP INVESTIMENTOS CCTVM S/A;3;XP INVESTIMENTOS CCTVM S/A
ABEV3;23;2,88%;109.003.182;Balcão;23/07/2026;09:36:29;Novo (0);Regular (1);3;XP INVESTIMENTOS CCTVM S/A;3;XP INVESTIMENTOS CCTVM S/A
SMTO3;24;4,47%;109.003.110;Balcão;23/07/2026;09:36:29;Novo (0);Regular (1);3;XP INVESTIMENTOS CCTVM S/A;3;XP INVESTIMENTOS CCTVM S/A
GMAT3;100;2,34%;109.003.111;Balcão;23/07/2026;09:36:29;Novo (0);Regular (1);3;XP INVESTIMENTOS CCTVM S/A;3;XP INVESTIMENTOS CCTVM S/A
KNUQ11;100;1,50%;109.003.108;Balcão;23/07/2026;09:36:29;Novo (0);Regular (1);3;XP INVESTIMENTOS CCTVM S/A;3;XP INVESTIMENTOS CCTVM S/A
CMIN3;1.465;42,73%;109.003.105;Balcão;23/07/2026;09:36:29;Novo (0);Regular (1);3;XP INVESTIMENTOS CCTVM S/A;3;XP INVESTIMENTOS CCTVM S/A
CXSE3;378;0,09%;109.003.074;Balcão;23/07/2026;09:36:29;Novo (0);Regular (1);3;XP INVESTIMENTOS CCTVM S/A;3;XP INVESTIMENTOS CCTVM S/A
SMTO3;2;4,47%;109.003.107;Balcão;23/07/2026;09:36:29;Novo (0);Regular (1);3;XP INVESTIMENTOS CCTVM S/A;3;XP INVESTIMENTOS CCTVM S/A
ROXO34;1.675;0,06%;109.003.103;Balcão;23/07/2026;09:36:29;Novo (0);Regular (1);3;XP INVESTIMENTOS CCTVM S/A;3;XP INVESTIMENTOS CCTVM S/A
SBSP3;844;0,07%;109.003.106;Balcão;23/07/2026;09:36:29;Novo (0);Regular (1);3;XP INVESTIMENTOS CCTVM S/A;3;XP INVESTIMENTOS CCTVM S/A
ITLC34;5;0,25%;109.003.104;Balcão;23/07/2026;09:36:28;Novo (0);Regular (1);3;XP INVESTIMENTOS CCTVM S/A;3;XP INVESTIMENTOS CCTVM S/A
CMIN3;202;42,73%;109.003.101;Balcão;23/07/2026;09:36:28;Novo (0);Regular (1);3;XP INVESTIMENTOS CCTVM S/A;3;XP INVESTIMENTOS CCTVM S/A
BOVX11;3.775;2,47%;109.003.100;Balcão;23/07/2026;09:36:28;Novo (0);Regular (1);3;XP INVESTIMENTOS CCTVM S/A;3;XP INVESTIMENTOS CCTVM S/A
CPLE3;1;0,03%;109.003.102;Balcão;23/07/2026;09:36:28;Novo (0);Regular (1);3;XP INVESTIMENTOS CCTVM S/A;3;XP INVESTIMENTOS CCTVM S/A
CPLE3;700;0,03%;109.003.073;Balcão;23/07/2026;09:36:28;Novo (0);Regular (1);3;XP INVESTIMENTOS CCTVM S/A;3;XP INVESTIMENTOS CCTVM S/A
AMER3;1;19,82%;109.003.099;Balcão;23/07/2026;09:36:28;Novo (0);Regular (1);3;XP INVESTIMENTOS CCTVM S/A;3;XP INVESTIMENTOS CCTVM S/A
ABEV3;348;2,88%;109.003.070;Balcão;23/07/2026;09:36:28;Novo (0);Regular (1);3;XP INVESTIMENTOS CCTVM S/A;3;XP INVESTIMENTOS CCTVM S/A
EQTL3;25;0,05%;109.003.075;Balcão;23/07/2026;09:36:28;Novo (0);Regular (1);3;XP INVESTIMENTOS CCTVM S/A;3;XP INVESTIMENTOS CCTVM S/A
SHUL4;1;0,12%;109.003.072;Balcão;23/07/2026;09:36:28;Novo (0);Regular (1);3;XP INVESTIMENTOS CCTVM S/A;3;XP INVESTIMENTOS CCTVM S/A
SMAL11;20;9,92%;109.003.071;Balcão;23/07/2026;09:36:28;Novo (0);Regular (1);3;XP INVESTIMENTOS CCTVM S/A;3;XP INVESTIMENTOS CCTVM S/A
NATU3;16;210,44%;109.003.068;Balcão;23/07/2026;09:36:28;Novo (0);Regular (1);3;XP INVESTIMENTOS CCTVM S/A;3;XP INVESTIMENTOS CCTVM S/A
PCAR3;4.801;17,70%;109.003.065;Balcão;23/07/2026;09:36:28;Novo (0);Regular (1);3;XP INVESTIMENTOS CCTVM S/A;3;XP INVESTIMENTOS CCTVM S/A
CMIN3;2.135;42,73%;109.003.067;Balcão;23/07/2026;09:36:28;Novo (0);Regular (1);3;XP INVESTIMENTOS CCTVM S/A;3;XP INVESTIMENTOS CCTVM S/A
A1MD34;2;0,04%;109.003.069;Balcão;23/07/2026;09:36:28;Novo (0);Regular (1);3;XP INVESTIMENTOS CCTVM S/A;3;XP INVESTIMENTOS CCTVM S/A
ITUB3;5;1,16%;109.003.066;Balcão;23/07/2026;09:36:28;Novo (0);Regular (1);3;XP INVESTIMENTOS CCTVM S/A;3;XP INVESTIMENTOS CCTVM S/A
LIFE11;2;3,45%;109.003.063;Balcão;23/07/2026;09:36:28;Novo (0);Regular (1);3;XP INVESTIMENTOS CCTVM S/A;3;XP INVESTIMENTOS CCTVM S/A
CVCB3;800;3,97%;109.003.060;Balcão;23/07/2026;09:36:28;Novo (0);Regular (1);3;XP INVESTIMENTOS CCTVM S/A;3;XP INVESTIMENTOS CCTVM S/A
BBSE3;2;0,88%;109.003.062;Balcão;23/07/2026;09:36:28;Novo (0);Regular (1);3;XP INVESTIMENTOS CCTVM S/A;3;XP INVESTIMENTOS CCTVM S/A
CMIN3;1.919;42,73%;109.003.061;Balcão;23/07/2026;09:36:28;Novo (0);Regular (1);3;XP INVESTIMENTOS CCTVM S/A;3;XP INVESTIMENTOS CCTVM S/A
PCAR3;199;17,70%;109.003.054;Balcão;23/07/2026;09:36:28;Novo (0);Regular (1);3;XP INVESTIMENTOS CCTVM S/A;3;XP INVESTIMENTOS CCTVM S/A
BBSE3;2;0,88%;109.003.064;Balcão;23/07/2026;09:36:27;Novo (0);Regular (1);3;XP INVESTIMENTOS CCTVM S/A;3;XP INVESTIMENTOS CCTVM S/A
ABEV3;1;2,88%;109.003.087;Balcão;23/07/2026;09:36:26;Novo (0);Regular (1);3;XP INVESTIMENTOS CCTVM S/A;3;XP INVESTIMENTOS CCTVM S/A
HSML11;1;0,64%;109.003.096;Balcão;23/07/2026;09:36:26;Novo (0);Regular (1);3;XP INVESTIMENTOS CCTVM S/A;3;XP INVESTIMENTOS CCTVM S/A
CMIN3;380;42,73%;109.003.098;Balcão;23/07/2026;09:36:26;Novo (0);Regular (1);3;XP INVESTIMENTOS CCTVM S/A;3;XP INVESTIMENTOS CCTVM S/A
A1MD34;2;0,04%;109.003.097;Balcão;23/07/2026;09:36:26;Novo (0);Regular (1);3;XP INVESTIMENTOS CCTVM S/A;3;XP INVESTIMENTOS CCTVM S/A
CAML3;4.730;0,31%;109.003.078;Balcão;23/07/2026;09:36:26;Novo (0);Regular (1);3;XP INVESTIMENTOS CCTVM S/A;3;XP INVESTIMENTOS CCTVM S/A
CPLE3;3;0,03%;109.003.000;Balcão;23/07/2026;09:36:26;Novo (0);Regular (1);3;XP INVESTIMENTOS CCTVM S/A;3;XP INVESTIMENTOS CCTVM S/A
RAIL3;95;0,23%;109.003.091;Balcão;23/07/2026;09:36:26;Novo (0);Regular (1);3;XP INVESTIMENTOS CCTVM S/A;3;XP INVESTIMENTOS CCTVM S/A
CBAV3;294;0,08%;109.003.094;Balcão;23/07/2026;09:36:26;Novo (0);Regular (1);3;XP INVESTIMENTOS CCTVM S/A;3;XP INVESTIMENTOS CCTVM S/A
CPLE3;700;0,03%;109.003.092;Balcão;23/07/2026;09:36:26;Novo (0);Regular (1);3;XP INVESTIMENTOS CCTVM S/A;3;XP INVESTIMENTOS CCTVM S/A
BBSE3;17;0,88%;109.003.095;Balcão;23/07/2026;09:36:26;Novo (0);Regular (1);3;XP INVESTIMENTOS CCTVM S/A;3;XP INVESTIMENTOS CCTVM S/A
BBSE3;20;0,88%;109.003.090;Balcão;23/07/2026;09:36:26;Novo (0);Regular (1);3;XP INVESTIMENTOS CCTVM S/A;3;XP INVESTIMENTOS CCTVM S/A
VALE3;100;0,20%;109.003.093;Balcão;23/07/2026;09:36:26;Novo (0);Regular (1);3;XP INVESTIMENTOS CCTVM S/A;3;XP INVESTIMENTOS CCTVM S/A
ABEV3;1;2,88%;109.003.085;Balcão;23/07/2026;09:36:26;Novo (0);Regular (1);3;XP INVESTIMENTOS CCTVM S/A;3;XP INVESTIMENTOS CCTVM S/A
CMIN3;2.885;42,73%;109.003.089;Balcão;23/07/2026;09:36:26;Novo (0);Regular (1);3;XP INVESTIMENTOS CCTVM S/A;3;XP INVESTIMENTOS CCTVM S/A
ITSA4;1;0,01%;109.003.088;Balcão;23/07/2026;09:36:26;Novo (0);Regular (1);3;XP INVESTIMENTOS CCTVM S/A;3;XP INVESTIMENTOS CCTVM S/A
SLCE3;100;0,12%;109.003.084;Balcão;23/07/2026;09:36:26;Novo (0);Regular (1);3;XP INVESTIMENTOS CCTVM S/A;3;XP INVESTIMENTOS CCTVM S/A
CSMG3;100;0,57%;109.003.083;Balcão;23/07/2026;09:36:26;Novo (0);Regular (1);3;XP INVESTIMENTOS CCTVM S/A;3;XP INVESTIMENTOS CCTVM S/A
VALE3;22;0,20%;109.003.082;Balcão;23/07/2026;09:36:26;Novo (0);Regular (1);3;XP INVESTIMENTOS CCTVM S/A;3;XP INVESTIMENTOS CCTVM S/A
CBAV3;557;0,08%;109.003.081;Balcão;23/07/2026;09:36:25;Novo (0);Regular (1);3;XP INVESTIMENTOS CCTVM S/A;3;XP INVESTIMENTOS CCTVM S/A
ITUB3;15;1,16%;109.003.079;Balcão;23/07/2026;09:36:25;Novo (0);Regular (1);3;XP INVESTIMENTOS CCTVM S/A;3;XP INVESTIMENTOS CCTVM S/A
ITUB3;1;1,16%;109.003.057;Balcão;23/07/2026;09:36:25;Novo (0);Regular (1);3;XP INVESTIMENTOS CCTVM S/A;3;XP INVESTIMENTOS CCTVM S/A
SMTO3;1;4,47%;109.003.077;Balcão;23/07/2026;09:36:25;Novo (0);Regular (1);3;XP INVESTIMENTOS CCTVM S/A;3;XP INVESTIMENTOS CCTVM S/A
RAIL3;4.405;0,23%;109.003.076;Balcão;23/07/2026;09:36:25;Novo (0);Regular (1);3;XP INVESTIMENTOS CCTVM S/A;3;XP INVESTIMENTOS CCTVM S/A
A1MD34;2;0,04%;109.003.080;Balcão;23/07/2026;09:36:25;Novo (0);Regular (1);3;XP INVESTIMENTOS CCTVM S/A;3;XP INVESTIMENTOS CCTVM S/A
ITUB3;12;1,16%;109.002.997;Balcão;23/07/2026;09:36:25;Novo (0);Regular (1);3;XP INVESTIMENTOS CCTVM S/A;3;XP INVESTIMENTOS CCTVM S/A
CXSE3;500;0,09%;109.003.058;Balcão;23/07/2026;09:36:25;Novo (0);Regular (1);3;XP INVESTIMENTOS CCTVM S/A;3;XP INVESTIMENTOS CCTVM S/A
BBSE3;98;0,88%;109.003.059;Balcão;23/07/2026;09:36:25;Novo (0);Regular (1);3;XP INVESTIMENTOS CCTVM S/A;3;XP INVESTIMENTOS CCTVM S/A
CYRE3;858;0,08%;109.003.055;Balcão;23/07/2026;09:36:25;Novo (0);Regular (1);3;XP INVESTIMENTOS CCTVM S/A;3;XP INVESTIMENTOS CCTVM S/A
RBRR11;1;0,42%;109.003.056;Balcão;23/07/2026;09:36:25;Novo (0);Regular (1);3;XP INVESTIMENTOS CCTVM S/A;3;XP INVESTIMENTOS CCTVM S/A
ALZR11;1;0,41%;109.003.053;Balcão;23/07/2026;09:36:25;Novo (0);Regular (1);3;XP INVESTIMENTOS CCTVM S/A;3;XP INVESTIMENTOS CCTVM S/A
AMBP3;700;5,00%;109.003.086;Balcão;23/07/2026;09:36:25;Novo (0);Regular (1);3;XP INVESTIMENTOS CCTVM S/A;3;XP INVESTIMENTOS CCTVM S/A
VALE3;778;0,20%;109.003.045;Balcão;23/07/2026;09:36:25;Novo (0);Regular (1);3;XP INVESTIMENTOS CCTVM S/A;3;XP INVESTIMENTOS CCTVM S/A
ALZR11;3.620;0,41%;109.003.050;Balcão;23/07/2026;09:36:25;Novo (0);Regular (1);3;XP INVESTIMENTOS CCTVM S/A;3;XP INVESTIMENTOS CCTVM S/A
RZAT11;100;2,67%;109.003.047;Balcão;23/07/2026;09:36:25;Novo (0);Regular (1);3;XP INVESTIMENTOS CCTVM S/A;3;XP INVESTIMENTOS CCTVM S/A
ABEV3;343;2,88%;109.003.051;Balcão;23/07/2026;09:36:24;Novo (0);Regular (1);3;XP INVESTIMENTOS CCTVM S/A;3;XP INVESTIMENTOS CCTVM S/A
BBSE3;2;0,88%;109.003.048;Balcão;23/07/2026;09:36:24;Novo (0);Regular (1);3;XP INVESTIMENTOS CCTVM S/A;3;XP INVESTIMENTOS CCTVM S/A
CMIN3;3.267;42,73%;109.003.052;Balcão;23/07/2026;09:36:24;Novo (0);Regular (1);3;XP INVESTIMENTOS CCTVM S/A;3;XP INVESTIMENTOS CCTVM S/A
PCAR3;1;17,70%;109.003.043;Balcão;23/07/2026;09:36:24;Novo (0);Regular (1);3;XP INVESTIMENTOS CCTVM S/A;3;XP INVESTIMENTOS CCTVM S/A
ITLC34;20;0,25%;109.003.049;Balcão;23/07/2026;09:36:24;Novo (0);Regular (1);3;XP INVESTIMENTOS CCTVM S/A;3;XP INVESTIMENTOS CCTVM S/A
BBAS3;1;0,02%;109.003.042;Balcão;23/07/2026;09:36:24;Novo (0);Regular (1);3;XP INVESTIMENTOS CCTVM S/A;3;XP INVESTIMENTOS CCTVM S/A
BBSE3;98;0,88%;109.003.046;Balcão;23/07/2026;09:36:24;Novo (0);Regular (1);3;XP INVESTIMENTOS CCTVM S/A;3;XP INVESTIMENTOS CCTVM S/A
BBAS3;18;0,02%;109.003.036;Balcão;23/07/2026;09:36:24;Novo (0);Regular (1);3;XP INVESTIMENTOS CCTVM S/A;3;XP INVESTIMENTOS CCTVM S/A
MBRF3;1;6,33%;109.003.044;Balcão;23/07/2026;09:36:24;Novo (0);Regular (1);3;XP INVESTIMENTOS CCTVM S/A;3;XP INVESTIMENTOS CCTVM S/A
CMIN3;353;42,73%;109.003.038;Balcão;23/07/2026;09:36:24;Novo (0);Regular (1);3;XP INVESTIMENTOS CCTVM S/A;3;XP INVESTIMENTOS CCTVM S/A
MXRF11;1;0,11%;109.003.040;Balcão;23/07/2026;09:36:24;Novo (0);Regular (1);3;XP INVESTIMENTOS CCTVM S/A;3;XP INVESTIMENTOS CCTVM S/A
BBSE3;2;0,88%;109.003.039;Balcão;23/07/2026;09:36:24;Novo (0);Regular (1);3;XP INVESTIMENTOS CCTVM S/A;3;XP INVESTIMENTOS CCTVM S/A
A1MD34;2;0,04%;109.003.035;Balcão;23/07/2026;09:36:24;Novo (0);Regular (1);3;XP INVESTIMENTOS CCTVM S/A;3;XP INVESTIMENTOS CCTVM S/A
CPLE3;100;0,03%;109.003.037;Balcão;23/07/2026;09:36:24;Novo (0);Regular (1);3;XP INVESTIMENTOS CCTVM S/A;3;XP INVESTIMENTOS CCTVM S/A
MILS3;100;0,07%;109.003.034;Balcão;23/07/2026;09:36:24;Novo (0);Regular (1);3;XP INVESTIMENTOS CCTVM S/A;3;XP INVESTIMENTOS CCTVM S/A
RAIL3;3;0,23%;109.003.033;Balcão;23/07/2026;09:36:24;Novo (0);Regular (1);3;XP INVESTIMENTOS CCTVM S/A;3;XP INVESTIMENTOS CCTVM S/A
MGLU3;128;14,36%;109.003.032;Balcão;23/07/2026;09:36:24;Novo (0);Regular (1);3;XP INVESTIMENTOS CCTVM S/A;3;XP INVESTIMENTOS CCTVM S/A
MRVE3;279;0,15%;109.003.031;Balcão;23/07/2026;09:36:24;Novo (0);Regular (1);3;XP INVESTIMENTOS CCTVM S/A;3;XP INVESTIMENTOS CCTVM S/A
BBSE3;98;0,88%;109.003.027;Balcão;23/07/2026;09:36:23;Novo (0);Regular (1);3;XP INVESTIMENTOS CCTVM S/A;3;XP INVESTIMENTOS CCTVM S/A
ROXO34;2.065;0,06%;109.003.028;Balcão;23/07/2026;09:36:23;Novo (0);Regular (1);3;XP INVESTIMENTOS CCTVM S/A;3;XP INVESTIMENTOS CCTVM S/A
BBSE3;98;0,88%;109.003.029;Balcão;23/07/2026;09:36:23;Novo (0);Regular (1);3;XP INVESTIMENTOS CCTVM S/A;3;XP INVESTIMENTOS CCTVM S/A
VALE3;700;0,20%;109.003.030;Balcão;23/07/2026;09:36:23;Novo (0);Regular (1);3;XP INVESTIMENTOS CCTVM S/A;3;XP INVESTIMENTOS CCTVM S/A
CYRE3;194;0,08%;109.002.991;Balcão;23/07/2026;09:36:23;Novo (0);Regular (1);3;XP INVESTIMENTOS CCTVM S/A;3;XP INVESTIMENTOS CCTVM S/A
K1LA34;2;25,00%;109.002.995;Balcão;23/07/2026;09:36:23;Novo (0);Regular (1);3;XP INVESTIMENTOS CCTVM S/A;3;XP INVESTIMENTOS CCTVM S/A
AZZA3;42;29,29%;109.002.996;Balcão;23/07/2026;09:36:23;Novo (0);Regular (1);3;XP INVESTIMENTOS CCTVM S/A;3;XP INVESTIMENTOS CCTVM S/A
BOVA11;22;0,72%;109.003.041;Balcão;23/07/2026;09:36:23;Novo (0);Regular (1);3;XP INVESTIMENTOS CCTVM S/A;3;XP INVESTIMENTOS CCTVM S/A
LIFE11;3.730;3,45%;109.003.026;Balcão;23/07/2026;09:36:23;Novo (0);Regular (1);3;XP INVESTIMENTOS CCTVM S/A;3;XP INVESTIMENTOS CCTVM S/A
ITUB3;15;1,16%;109.003.025;Balcão;23/07/2026;09:36:23;Novo (0);Regular (1);3;XP INVESTIMENTOS CCTVM S/A;3;XP INVESTIMENTOS CCTVM S/A
SMTO3;2;4,47%;109.003.024;Balcão;23/07/2026;09:36:23;Novo (0);Regular (1);3;XP INVESTIMENTOS CCTVM S/A;3;XP INVESTIMENTOS CCTVM S/A
ABEV3;38;2,88%;109.003.023;Balcão;23/07/2026;09:36:23;Novo (0);Regular (1);3;XP INVESTIMENTOS CCTVM S/A;3;XP INVESTIMENTOS CCTVM S/A
SMTO3;98;4,47%;109.003.021;Balcão;23/07/2026;09:36:23;Novo (0);Regular (1);3;XP INVESTIMENTOS CCTVM S/A;3;XP INVESTIMENTOS CCTVM S/A
RAIL3;849;0,23%;109.003.017;Balcão;23/07/2026;09:36:23;Novo (0);Regular (1);3;XP INVESTIMENTOS CCTVM S/A;3;XP INVESTIMENTOS CCTVM S/A
A1MD34;2;0,04%;109.003.020;Balcão;23/07/2026;09:36:23;Novo (0);Regular (1);3;XP INVESTIMENTOS CCTVM S/A;3;XP INVESTIMENTOS CCTVM S/A
HCTR11;1;0,57%;109.003.015;Balcão;23/07/2026;09:36:22;Novo (0);Regular (1);3;XP INVESTIMENTOS CCTVM S/A;3;XP INVESTIMENTOS CCTVM S/A
MSFT34;3;0,10%;109.003.019;Balcão;23/07/2026;09:36:22;Novo (0);Regular (1);3;XP INVESTIMENTOS CCTVM S/A;3;XP INVESTIMENTOS CCTVM S/A
BRKM5;100;18,15%;109.003.018;Balcão;23/07/2026;09:36:22;Novo (0);Regular (1);3;XP INVESTIMENTOS CCTVM S/A;3;XP INVESTIMENTOS CCTVM S/A
SEQL3;100;8,80%;109.003.016;Balcão;23/07/2026;09:36:22;Novo (0);Regular (1);3;XP INVESTIMENTOS CCTVM S/A;3;XP INVESTIMENTOS CCTVM S/A
RADL3;1;0,10%;109.003.014;Balcão;23/07/2026;09:36:21;Novo (0);Regular (1);3;XP INVESTIMENTOS CCTVM S/A;3;XP INVESTIMENTOS CCTVM S/A
ALZR11;4;0,41%;109.003.012;Balcão;23/07/2026;09:36:21;Novo (0);Regular (1);3;XP INVESTIMENTOS CCTVM S/A;3;XP INVESTIMENTOS CCTVM S/A
BRCO11;1;0,03%;109.003.013;Balcão;23/07/2026;09:36:21;Novo (0);Regular (1);3;XP INVESTIMENTOS CCTVM S/A;3;XP INVESTIMENTOS CCTVM S/A
ABEV3;40;2,88%;109.003.009;Balcão;23/07/2026;09:36:21;Novo (0);Regular (1);3;XP INVESTIMENTOS CCTVM S/A;3;XP INVESTIMENTOS CCTVM S/A
KNHY11;100;0,81%;109.003.011;Balcão;23/07/2026;09:36:21;Novo (0);Regular (1);3;XP INVESTIMENTOS CCTVM S/A;3;XP INVESTIMENTOS CCTVM S/A
SPCX34;100;0,29%;109.003.002;Balcão;23/07/2026;09:36:21;Novo (0);Regular (1);3;XP INVESTIMENTOS CCTVM S/A;3;XP INVESTIMENTOS CCTVM S/A
ABEV3;23;2,88%;109.003.008;Balcão;23/07/2026;09:36:21;Novo (0);Regular (1);3;XP INVESTIMENTOS CCTVM S/A;3;XP INVESTIMENTOS CCTVM S/A
PCAR3;3;17,70%;109.002.864;Balcão;23/07/2026;09:36:21;Novo (0);Regular (1);3;XP INVESTIMENTOS CCTVM S/A;3;XP INVESTIMENTOS CCTVM S/A
KFOF11;1;10,00%;109.003.010;Balcão;23/07/2026;09:36:21;Novo (0);Regular (1);3;XP INVESTIMENTOS CCTVM S/A;3;XP INVESTIMENTOS CCTVM S/A
AXIA3;100;0,02%;109.003.004;Balcão;23/07/2026;09:36:21;Novo (0);Regular (1);3;XP INVESTIMENTOS CCTVM S/A;3;XP INVESTIMENTOS CCTVM S/A
HCTR11;25;0,57%;109.002.999;Balcão;23/07/2026;09:36:21;Novo (0);Regular (1);3;XP INVESTIMENTOS CCTVM S/A;3;XP INVESTIMENTOS CCTVM S/A
RADL3;1;0,10%;109.003.005;Balcão;23/07/2026;09:36:21;Novo (0);Regular (1);3;XP INVESTIMENTOS CCTVM S/A;3;XP INVESTIMENTOS CCTVM S/A
KORE11;17;0,10%;109.003.003;Balcão;23/07/2026;09:36:21;Novo (0);Regular (1);3;XP INVESTIMENTOS CCTVM S/A;3;XP INVESTIMENTOS CCTVM S/A
HCTR11;1;0,57%;109.002.994;Balcão;23/07/2026;09:36:21;Novo (0);Regular (1);3;XP INVESTIMENTOS CCTVM S/A;3;XP INVESTIMENTOS CCTVM S/A
GMAT3;100;2,34%;109.002.992;Balcão;23/07/2026;09:36:21;Novo (0);Regular (1);3;XP INVESTIMENTOS CCTVM S/A;3;XP INVESTIMENTOS CCTVM S/A
ROXO34;1.985;0,06%;109.002.998;Balcão;23/07/2026;09:36:21;Novo (0);Regular (1);3;XP INVESTIMENTOS CCTVM S/A;3;XP INVESTIMENTOS CCTVM S/A
SNAG11;1;1,23%;109.002.993;Balcão;23/07/2026;09:36:21;Novo (0);Regular (1);3;XP INVESTIMENTOS CCTVM S/A;3;XP INVESTIMENTOS CCTVM S/A
MGLU3;5.004;14,36%;109.002.990;Balcão;23/07/2026;09:36:21;Novo (0);Regular (1);3;XP INVESTIMENTOS CCTVM S/A;3;XP INVESTIMENTOS CCTVM S/A
EGIE3;18;7,59%;109.002.984;Balcão;23/07/2026;09:36:20;Novo (0);Regular (1);3;XP INVESTIMENTOS CCTVM S/A;3;XP INVESTIMENTOS CCTVM S/A
BRAV3;100;12,76%;109.002.985;Balcão;23/07/2026;09:36:20;Novo (0);Regular (1);3;XP INVESTIMENTOS CCTVM S/A;3;XP INVESTIMENTOS CCTVM S/A
MSFT34;700;0,10%;109.002.982;Balcão;23/07/2026;09:36:20;Novo (0);Regular (1);3;XP INVESTIMENTOS CCTVM S/A;3;XP INVESTIMENTOS CCTVM S/A
NASD11;814;0,49%;109.002.983;Balcão;23/07/2026;09:36:20;Novo (0);Regular (1);3;XP INVESTIMENTOS CCTVM S/A;3;XP INVESTIMENTOS CCTVM S/A
VGIA11;1;0,15%;109.002.981;Balcão;23/07/2026;09:36:20;Novo (0);Regular (1);3;XP INVESTIMENTOS CCTVM S/A;3;XP INVESTIMENTOS CCTVM S/A
COGN3;2;0,02%;109.002.980;Balcão;23/07/2026;09:36:20;Novo (0);Regular (1);3;XP INVESTIMENTOS CCTVM S/A;3;XP INVESTIMENTOS CCTVM S/A
A1MD34;2;0,04%;109.002.979;Balcão;23/07/2026;09:36:20;Novo (0);Regular (1);3;XP INVESTIMENTOS CCTVM S/A;3;XP INVESTIMENTOS CCTVM S/A
RZTR11;1;0,99%;109.002.976;Balcão;23/07/2026;09:36:20;Novo (0);Regular (1);3;XP INVESTIMENTOS CCTVM S/A;3;XP INVESTIMENTOS CCTVM S/A
ABEV3;1;2,88%;109.002.978;Balcão;23/07/2026;09:36:20;Novo (0);Regular (1);3;XP INVESTIMENTOS CCTVM S/A;3;XP INVESTIMENTOS CCTVM S/A
AURE3;18;0,04%;109.002.977;Balcão;23/07/2026;09:36:20;Novo (0);Regular (1);3;XP INVESTIMENTOS CCTVM S/A;3;XP INVESTIMENTOS CCTVM S/A
SMTO3;2;4,47%;109.002.975;Balcão;23/07/2026;09:36:20;Novo (0);Regular (1);3;XP INVESTIMENTOS CCTVM S/A;3;XP INVESTIMENTOS CCTVM S/A
VALE3;883;0,20%;109.002.974;Balcão;23/07/2026;09:36:20;Novo (0);Regular (1);3;XP INVESTIMENTOS CCTVM S/A;3;XP INVESTIMENTOS CCTVM S/A
ROXO34;819;0,06%;109.002.973;Balcão;23/07/2026;09:36:20;Novo (0);Regular (1);3;XP INVESTIMENTOS CCTVM S/A;3;XP INVESTIMENTOS CCTVM S/A
ITUB3;1;1,16%;109.002.971;Balcão;23/07/2026;09:36:20;Novo (0);Regular (1);3;XP INVESTIMENTOS CCTVM S/A;3;XP INVESTIMENTOS CCTVM S/A
ITUB3;103;1,16%;109.002.970;Balcão;23/07/2026;09:36:20;Novo (0);Regular (1);3;XP INVESTIMENTOS CCTVM S/A;3;XP INVESTIMENTOS CCTVM S/A
AXIA3;1;0,02%;109.002.972;Balcão;23/07/2026;09:36:20;Novo (0);Regular (1);3;XP INVESTIMENTOS CCTVM S/A;3;XP INVESTIMENTOS CCTVM S/A
MRVE3;20;0,15%;109.002.969;Balcão;23/07/2026;09:36:19;Novo (0);Regular (1);3;XP INVESTIMENTOS CCTVM S/A;3;XP INVESTIMENTOS CCTVM S/A
ITUB3;16;1,16%;109.002.967;Balcão;23/07/2026;09:36:19;Novo (0);Regular (1);3;XP INVESTIMENTOS CCTVM S/A;3;XP INVESTIMENTOS CCTVM S/A
CPLE3;3.846;0,03%;109.002.968;Balcão;23/07/2026;09:36:19;Novo (0);Regular (1);3;XP INVESTIMENTOS CCTVM S/A;3;XP INVESTIMENTOS CCTVM S/A
VGIR11;1;0,12%;109.002.966;Balcão;23/07/2026;09:36:19;Novo (0);Regular (1);3;XP INVESTIMENTOS CCTVM S/A;3;XP INVESTIMENTOS CCTVM S/A
PCAR3;5.001;17,70%;109.002.965;Balcão;23/07/2026;09:36:19;Novo (0);Regular (1);3;XP INVESTIMENTOS CCTVM S/A;3;XP INVESTIMENTOS CCTVM S/A
RIAA3;8.300;0,14%;109.002.868;Balcão;23/07/2026;09:36:19;Novo (0);Regular (1);3;XP INVESTIMENTOS CCTVM S/A;3;XP INVESTIMENTOS CCTVM S/A
MXRF11;1;0,11%;109.002.964;Balcão;23/07/2026;09:36:19;Novo (0);Regular (1);3;XP INVESTIMENTOS CCTVM S/A;3;XP INVESTIMENTOS CCTVM S/A
LREN3;29;0,05%;109.002.963;Balcão;23/07/2026;09:36:19;Novo (0);Regular (1);3;XP INVESTIMENTOS CCTVM S/A;3;XP INVESTIMENTOS CCTVM S/A
CYRE3;1.147;0,08%;109.002.961;Balcão;23/07/2026;09:36:19;Novo (0);Regular (1);3;XP INVESTIMENTOS CCTVM S/A;3;XP INVESTIMENTOS CCTVM S/A
MXRF11;104;0,11%;109.002.962;Balcão;23/07/2026;09:36:19;Novo (0);Regular (1);3;XP INVESTIMENTOS CCTVM S/A;3;XP INVESTIMENTOS CCTVM S/A
SMTO3;30;4,47%;109.002.960;Balcão;23/07/2026;09:36:19;Novo (0);Regular (1);3;XP INVESTIMENTOS CCTVM S/A;3;XP INVESTIMENTOS CCTVM S/A
CXSE3;900;0,09%;109.002.959;Balcão;23/07/2026;09:36:19;Novo (0);Regular (1);3;XP INVESTIMENTOS CCTVM S/A;3;XP INVESTIMENTOS CCTVM S/A
NVDC34;14;0,10%;109.002.957;Balcão;23/07/2026;09:36:19;Novo (0);Regular (1);3;XP INVESTIMENTOS CCTVM S/A;3;XP INVESTIMENTOS CCTVM S/A
SLCE3;113;0,12%;109.002.958;Balcão;23/07/2026;09:36:19;Novo (0);Regular (1);3;XP INVESTIMENTOS CCTVM S/A;3;XP INVESTIMENTOS CCTVM S/A
PETR3;200;0,02%;109.002.955;Balcão;23/07/2026;09:36:19;Novo (0);Regular (1);3;XP INVESTIMENTOS CCTVM S/A;3;XP INVESTIMENTOS CCTVM S/A
AZZA3;120;29,29%;109.002.956;Balcão;23/07/2026;09:36:19;Novo (0);Regular (1);3;XP INVESTIMENTOS CCTVM S/A;3;XP INVESTIMENTOS CCTVM S/A
MXRF11;2;0,11%;109.002.953;Balcão;23/07/2026;09:36:19;Novo (0);Regular (1);3;XP INVESTIMENTOS CCTVM S/A;3;XP INVESTIMENTOS CCTVM S/A
ITUB3;13;1,16%;109.002.952;Balcão;23/07/2026;09:36:19;Novo (0);Regular (1);3;XP INVESTIMENTOS CCTVM S/A;3;XP INVESTIMENTOS CCTVM S/A
TGMA3;801;0,51%;109.002.951;Balcão;23/07/2026;09:36:19;Novo (0);Regular (1);3;XP INVESTIMENTOS CCTVM S/A;3;XP INVESTIMENTOS CCTVM S/A
BOVV11;1;0,13%;109.002.950;Balcão;23/07/2026;09:36:19;Novo (0);Regular (1);3;XP INVESTIMENTOS CCTVM S/A;3;XP INVESTIMENTOS CCTVM S/A
IVVB11;131;0,16%;109.002.949;Balcão;23/07/2026;09:36:18;Novo (0);Regular (1);3;XP INVESTIMENTOS CCTVM S/A;3;XP INVESTIMENTOS CCTVM S/A
VALE3;27;0,20%;109.002.948;Balcão;23/07/2026;09:36:18;Novo (0);Regular (1);3;XP INVESTIMENTOS CCTVM S/A;3;XP INVESTIMENTOS CCTVM S/A
BRAP4;1.000;0,02%;109.002.945;Balcão;23/07/2026;09:36:18;Novo (0);Regular (1);3;XP INVESTIMENTOS CCTVM S/A;3;XP INVESTIMENTOS CCTVM S/A
ITUB3;2;1,16%;109.002.947;Balcão;23/07/2026;09:36:18;Novo (0);Regular (1);3;XP INVESTIMENTOS CCTVM S/A;3;XP INVESTIMENTOS CCTVM S/A
CYRE3;4.500;0,08%;109.002.946;Balcão;23/07/2026;09:36:18;Novo (0);Regular (1);3;XP INVESTIMENTOS CCTVM S/A;3;XP INVESTIMENTOS CCTVM S/A
IVVB11;105;0,16%;109.002.944;Balcão;23/07/2026;09:36:18;Novo (0);Regular (1);3;XP INVESTIMENTOS CCTVM S/A;3;XP INVESTIMENTOS CCTVM S/A
SMAL11;423;9,92%;109.002.943;Balcão;23/07/2026;09:36:18;Novo (0);Regular (1);3;XP INVESTIMENTOS CCTVM S/A;3;XP INVESTIMENTOS CCTVM S/A
RECV3;100;1,89%;109.002.941;Balcão;23/07/2026;09:36:18;Novo (0);Regular (1);3;XP INVESTIMENTOS CCTVM S/A;3;XP INVESTIMENTOS CCTVM S/A
ROXO34;2.041;0,06%;109.002.942;Balcão;23/07/2026;09:36:18;Novo (0);Regular (1);3;XP INVESTIMENTOS CCTVM S/A;3;XP INVESTIMENTOS CCTVM S/A
BRKM5;120;18,15%;109.002.939;Balcão;23/07/2026;09:36:18;Novo (0);Regular (1);3;XP INVESTIMENTOS CCTVM S/A;3;XP INVESTIMENTOS CCTVM S/A
SMAL11;210;9,92%;109.002.940;Balcão;23/07/2026;09:36:18;Novo (0);Regular (1);3;XP INVESTIMENTOS CCTVM S/A;3;XP INVESTIMENTOS CCTVM S/A
VILG11;1;0,81%;109.002.937;Balcão;23/07/2026;09:36:18;Novo (0);Regular (1);3;XP INVESTIMENTOS CCTVM S/A;3;XP INVESTIMENTOS CCTVM S/A
RENT4;20;0,09%;109.002.938;Balcão;23/07/2026;09:36:18;Novo (0);Regular (1);3;XP INVESTIMENTOS CCTVM S/A;3;XP INVESTIMENTOS CCTVM S/A
BBSE3;25;0,88%;109.002.936;Balcão;23/07/2026;09:36:18;Novo (0);Regular (1);3;XP INVESTIMENTOS CCTVM S/A;3;XP INVESTIMENTOS CCTVM S/A
MXRF11;107;0,11%;109.002.934;Balcão;23/07/2026;09:36:17;Novo (0);Regular (1);3;XP INVESTIMENTOS CCTVM S/A;3;XP INVESTIMENTOS CCTVM S/A
TGMA3;6.999;0,51%;109.002.935;Balcão;23/07/2026;09:36:17;Novo (0);Regular (1);3;XP INVESTIMENTOS CCTVM S/A;3;XP INVESTIMENTOS CCTVM S/A
MDIA3;1;0,05%;109.002.933;Balcão;23/07/2026;09:36:17;Novo (0);Regular (1);3;XP INVESTIMENTOS CCTVM S/A;3;XP INVESTIMENTOS CCTVM S/A
CPLE3;2;0,03%;109.002.930;Balcão;23/07/2026;09:36:17;Novo (0);Regular (1);3;XP INVESTIMENTOS CCTVM S/A;3;XP INVESTIMENTOS CCTVM S/A
PCAR3;199;17,70%;109.002.932;Balcão;23/07/2026;09:36:17;Novo (0);Regular (1);3;XP INVESTIMENTOS CCTVM S/A;3;XP INVESTIMENTOS CCTVM S/A
ENEV3;1;0,09%;109.002.926;Balcão;23/07/2026;09:36:17;Novo (0);Regular (1);3;XP INVESTIMENTOS CCTVM S/A;3;XP INVESTIMENTOS CCTVM S/A
CMIN3;100;42,73%;109.002.931;Balcão;23/07/2026;09:36:17;Novo (0);Regular (1);3;XP INVESTIMENTOS CCTVM S/A;3;XP INVESTIMENTOS CCTVM S/A
BRCO11;1;0,03%;109.002.928;Balcão;23/07/2026;09:36:17;Novo (0);Regular (1);3;XP INVESTIMENTOS CCTVM S/A;3;XP INVESTIMENTOS CCTVM S/A
B3SA3;634;0,02%;109.002.929;Balcão;23/07/2026;09:36:17;Novo (0);Regular (1);3;XP INVESTIMENTOS CCTVM S/A;3;XP INVESTIMENTOS CCTVM S/A
ABEV3;30;2,88%;109.002.923;Balcão;23/07/2026;09:36:17;Novo (0);Regular (1);3;XP INVESTIMENTOS CCTVM S/A;3;XP INVESTIMENTOS CCTVM S/A
HSML11;1;0,64%;109.002.927;Balcão;23/07/2026;09:36:17;Novo (0);Regular (1);3;XP INVESTIMENTOS CCTVM S/A;3;XP INVESTIMENTOS CCTVM S/A
SMAL11;600;9,92%;109.002.920;Balcão;23/07/2026;09:36:17;Novo (0);Regular (1);3;XP INVESTIMENTOS CCTVM S/A;3;XP INVESTIMENTOS CCTVM S/A
ABEV3;27;2,88%;109.002.924;Balcão;23/07/2026;09:36:17;Novo (0);Regular (1);3;XP INVESTIMENTOS CCTVM S/A;3;XP INVESTIMENTOS CCTVM S/A
CSAN3;31;3,11%;109.002.925;Balcão;23/07/2026;09:36:17;Novo (0);Regular (1);3;XP INVESTIMENTOS CCTVM S/A;3;XP INVESTIMENTOS CCTVM S/A
CBAV3;827;0,08%;109.002.916;Balcão;23/07/2026;09:36:17;Novo (0);Regular (1);3;XP INVESTIMENTOS CCTVM S/A;3;XP INVESTIMENTOS CCTVM S/A
BOVA11;2;0,72%;109.002.922;Balcão;23/07/2026;09:36:17;Novo (0);Regular (1);3;XP INVESTIMENTOS CCTVM S/A;3;XP INVESTIMENTOS CCTVM S/A
USIM5;945;0,04%;109.002.921;Balcão;23/07/2026;09:36:16;Novo (0);Regular (1);3;XP INVESTIMENTOS CCTVM S/A;3;XP INVESTIMENTOS CCTVM S/A
PCAR3;10.000;17,70%;109.002.597;Balcão;23/07/2026;09:36:16;Novo (0);Regular (1);3;XP INVESTIMENTOS CCTVM S/A;3;XP INVESTIMENTOS CCTVM S/A
PETR4;30;0,08%;109.002.915;Balcão;23/07/2026;09:36:16;Novo (0);Regular (1);3;XP INVESTIMENTOS CCTVM S/A;3;XP INVESTIMENTOS CCTVM S/A
BOVV11;2;0,13%;109.002.867;Balcão;23/07/2026;09:36:16;Novo (0);Regular (1);3;XP INVESTIMENTOS CCTVM S/A;3;XP INVESTIMENTOS CCTVM S/A
SMAL11;173;9,92%;109.002.914;Balcão;23/07/2026;09:36:16;Novo (0);Regular (1);3;XP INVESTIMENTOS CCTVM S/A;3;XP INVESTIMENTOS CCTVM S/A
ABEV3;40;2,88%;109.002.913;Balcão;23/07/2026;09:36:16;Novo (0);Regular (1);3;XP INVESTIMENTOS CCTVM S/A;3;XP INVESTIMENTOS CCTVM S/A
ITUB3;30;1,16%;109.002.911;Balcão;23/07/2026;09:36:16;Novo (0);Regular (1);3;XP INVESTIMENTOS CCTVM S/A;3;XP INVESTIMENTOS CCTVM S/A
ABEV3;81;2,88%;109.002.910;Balcão;23/07/2026;09:36:16;Novo (0);Regular (1);3;XP INVESTIMENTOS CCTVM S/A;3;XP INVESTIMENTOS CCTVM S/A
RURA11;1;1,58%;109.002.989;Balcão;23/07/2026;09:36:16;Novo (0);Regular (1);3;XP INVESTIMENTOS CCTVM S/A;3;XP INVESTIMENTOS CCTVM S/A
MXRF11;100;0,11%;109.002.908;Balcão;23/07/2026;09:36:16;Novo (0);Regular (1);3;XP INVESTIMENTOS CCTVM S/A;3;XP INVESTIMENTOS CCTVM S/A
BBSE3;2;0,88%;109.002.909;Balcão;23/07/2026;09:36:16;Novo (0);Regular (1);3;XP INVESTIMENTOS CCTVM S/A;3;XP INVESTIMENTOS CCTVM S/A
ROXO34;2.050;0,06%;109.002.907;Balcão;23/07/2026;09:36:16;Novo (0);Regular (1);3;XP INVESTIMENTOS CCTVM S/A;3;XP INVESTIMENTOS CCTVM S/A
BTLG11;800;0,11%;109.002.987;Balcão;23/07/2026;09:36:16;Novo (0);Regular (1);3;XP INVESTIMENTOS CCTVM S/A;3;XP INVESTIMENTOS CCTVM S/A
BBSE3;25;0,88%;109.002.906;Balcão;23/07/2026;09:36:16;Novo (0);Regular (1);3;XP INVESTIMENTOS CCTVM S/A;3;XP INVESTIMENTOS CCTVM S/A
ROXO34;38;0,06%;109.002.986;Balcão;23/07/2026;09:36:16;Novo (0);Regular (1);3;XP INVESTIMENTOS CCTVM S/A;3;XP INVESTIMENTOS CCTVM S/A
HGRU11;8.951;0,12%;109.002.905;Balcão;23/07/2026;09:36:16;Novo (0);Regular (1);3;XP INVESTIMENTOS CCTVM S/A;3;XP INVESTIMENTOS CCTVM S/A
CMIN3;100;42,73%;109.002.988;Balcão;23/07/2026;09:36:16;Novo (0);Regular (1);3;XP INVESTIMENTOS CCTVM S/A;3;XP INVESTIMENTOS CCTVM S/A
RECV3;30;1,89%;109.002.904;Balcão;23/07/2026;09:36:16;Novo (0);Regular (1);3;XP INVESTIMENTOS CCTVM S/A;3;XP INVESTIMENTOS CCTVM S/A
ITUB3;23;1,16%;109.002.901;Balcão;23/07/2026;09:36:16;Novo (0);Regular (1);3;XP INVESTIMENTOS CCTVM S/A;3;XP INVESTIMENTOS CCTVM S/A
SLCE3;25;0,12%;109.002.899;Balcão;23/07/2026;09:36:15;Novo (0);Regular (1);3;XP INVESTIMENTOS CCTVM S/A;3;XP INVESTIMENTOS CCTVM S/A
CPLE3;2;0,03%;109.002.902;Balcão;23/07/2026;09:36:15;Novo (0);Regular (1);3;XP INVESTIMENTOS CCTVM S/A;3;XP INVESTIMENTOS CCTVM S/A
CURY3;143;1,21%;109.002.898;Balcão;23/07/2026;09:36:15;Novo (0);Regular (1);3;XP INVESTIMENTOS CCTVM S/A;3;XP INVESTIMENTOS CCTVM S/A
SANB11;111;6,43%;109.002.900;Balcão;23/07/2026;09:36:15;Novo (0);Regular (1);3;XP INVESTIMENTOS CCTVM S/A;3;XP INVESTIMENTOS CCTVM S/A
PCAR3;743;17,70%;109.002.903;Balcão;23/07/2026;09:36:15;Novo (0);Regular (1);3;XP INVESTIMENTOS CCTVM S/A;3;XP INVESTIMENTOS CCTVM S/A
CURY3;1;1,21%;109.002.897;Balcão;23/07/2026;09:36:15;Novo (0);Regular (1);3;XP INVESTIMENTOS CCTVM S/A;3;XP INVESTIMENTOS CCTVM S/A
GMAT3;2.500;2,34%;109.002.840;Balcão;23/07/2026;09:36:14;Novo (0);Regular (1);3;XP INVESTIMENTOS CCTVM S/A;3;XP INVESTIMENTOS CCTVM S/A
GMAT3;1.210;2,34%;109.002.843;Balcão;23/07/2026;09:36:14;Novo (0);Regular (1);3;XP INVESTIMENTOS CCTVM S/A;3;XP INVESTIMENTOS CCTVM S/A
CMIN3;27;42,73%;109.002.846;Balcão;23/07/2026;09:36:14;Novo (0);Regular (1);3;XP INVESTIMENTOS CCTVM S/A;3;XP INVESTIMENTOS CCTVM S/A
BBSE3;25;0,88%;109.002.895;Balcão;23/07/2026;09:36:13;Novo (0);Regular (1);3;XP INVESTIMENTOS CCTVM S/A;3;XP INVESTIMENTOS CCTVM S/A
COGN3;4.500;0,02%;109.002.894;Balcão;23/07/2026;09:36:13;Novo (0);Regular (1);3;XP INVESTIMENTOS CCTVM S/A;3;XP INVESTIMENTOS CCTVM S/A
RBRR11;1;0,42%;109.002.893;Balcão;23/07/2026;09:36:13;Novo (0);Regular (1);3;XP INVESTIMENTOS CCTVM S/A;3;XP INVESTIMENTOS CCTVM S/A
HGLG11;1;0,15%;109.002.891;Balcão;23/07/2026;09:36:13;Novo (0);Regular (1);3;XP INVESTIMENTOS CCTVM S/A;3;XP INVESTIMENTOS CCTVM S/A
HGBS11;1;0,65%;109.002.890;Balcão;23/07/2026;09:36:13;Novo (0);Regular (1);3;XP INVESTIMENTOS CCTVM S/A;3;XP INVESTIMENTOS CCTVM S/A
ASAI3;5;18,34%;109.002.896;Balcão;23/07/2026;09:36:13;Novo (0);Regular (1);3;XP INVESTIMENTOS CCTVM S/A;3;XP INVESTIMENTOS CCTVM S/A
EZTC3;41;0,05%;109.002.889;Balcão;23/07/2026;09:36:12;Novo (0);Regular (1);3;XP INVESTIMENTOS CCTVM S/A;3;XP INVESTIMENTOS CCTVM S/A
CMIN3;130;42,73%;109.002.892;Balcão;23/07/2026;09:36:12;Novo (0);Regular (1);3;XP INVESTIMENTOS CCTVM S/A;3;XP INVESTIMENTOS CCTVM S/A
PETR3;5.000;0,02%;109.002.888;Balcão;23/07/2026;09:36:12;Novo (0);Regular (1);3;XP INVESTIMENTOS CCTVM S/A;3;XP INVESTIMENTOS CCTVM S/A
SMAL11;517;9,92%;109.002.918;Balcão;23/07/2026;09:36:12;Novo (0);Regular (1);3;XP INVESTIMENTOS CCTVM S/A;3;XP INVESTIMENTOS CCTVM S/A
USIM5;1;0,04%;109.002.885;Balcão;23/07/2026;09:36:12;Novo (0);Regular (1);3;XP INVESTIMENTOS CCTVM S/A;3;XP INVESTIMENTOS CCTVM S/A
ABEV3;2;2,88%;109.002.919;Balcão;23/07/2026;09:36:12;Novo (0);Regular (1);3;XP INVESTIMENTOS CCTVM S/A;3;XP INVESTIMENTOS CCTVM S/A
ITUB4;30;0,03%;109.002.886;Balcão;23/07/2026;09:36:12;Novo (0);Regular (1);3;XP INVESTIMENTOS CCTVM S/A;3;XP INVESTIMENTOS CCTVM S/A
CPFE3;3.212;0,08%;109.002.887;Balcão;23/07/2026;09:36:12;Novo (0);Regular (1);3;XP INVESTIMENTOS CCTVM S/A;3;XP INVESTIMENTOS CCTVM S/A
CMIN3;2;42,73%;109.002.884;Balcão;23/07/2026;09:36:12;Novo (0);Regular (1);3;XP INVESTIMENTOS CCTVM S/A;3;XP INVESTIMENTOS CCTVM S/A
SPXU11;1;0,25%;109.002.912;Balcão;23/07/2026;09:36:12;Novo (0);Regular (1);3;XP INVESTIMENTOS CCTVM S/A;3;XP INVESTIMENTOS CCTVM S/A
PCAR3;25;17,70%;109.002.917;Balcão;23/07/2026;09:36:12;Novo (0);Regular (1);3;XP INVESTIMENTOS CCTVM S/A;3;XP INVESTIMENTOS CCTVM S/A
PETR3;106;0,02%;109.002.881;Balcão;23/07/2026;09:36:12;Novo (0);Regular (1);3;XP INVESTIMENTOS CCTVM S/A;3;XP INVESTIMENTOS CCTVM S/A
MOVI3;5.900;0,09%;109.002.878;Balcão;23/07/2026;09:36:12;Novo (0);Regular (1);3;XP INVESTIMENTOS CCTVM S/A;3;XP INVESTIMENTOS CCTVM S/A
BBSE3;122;0,88%;109.002.883;Balcão;23/07/2026;09:36:12;Novo (0);Regular (1);3;XP INVESTIMENTOS CCTVM S/A;3;XP INVESTIMENTOS CCTVM S/A
GOLD11;900;0,05%;109.002.880;Balcão;23/07/2026;09:36:12;Novo (0);Regular (1);3;XP INVESTIMENTOS CCTVM S/A;3;XP INVESTIMENTOS CCTVM S/A
RBRR11;1.000;0,42%;109.002.882;Balcão;23/07/2026;09:36:12;Novo (0);Regular (1);3;XP INVESTIMENTOS CCTVM S/A;3;XP INVESTIMENTOS CCTVM S/A
ABEV3;1;2,88%;109.002.872;Balcão;23/07/2026;09:36:12;Novo (0);Regular (1);3;XP INVESTIMENTOS CCTVM S/A;3;XP INVESTIMENTOS CCTVM S/A
ASAI3;100;18,34%;109.002.876;Balcão;23/07/2026;09:36:11;Novo (0);Regular (1);3;XP INVESTIMENTOS CCTVM S/A;3;XP INVESTIMENTOS CCTVM S/A
ABEV3;371;2,88%;109.002.879;Balcão;23/07/2026;09:36:11;Novo (0);Regular (1);3;XP INVESTIMENTOS CCTVM S/A;3;XP INVESTIMENTOS CCTVM S/A
CMIN3;145;42,73%;109.002.871;Balcão;23/07/2026;09:36:11;Novo (0);Regular (1);3;XP INVESTIMENTOS CCTVM S/A;3;XP INVESTIMENTOS CCTVM S/A
ROXO34;2.600;0,06%;109.002.874;Balcão;23/07/2026;09:36:11;Novo (0);Regular (1);3;XP INVESTIMENTOS CCTVM S/A;3;XP INVESTIMENTOS CCTVM S/A
CMIN3;30;42,73%;109.002.873;Balcão;23/07/2026;09:36:11;Novo (0);Regular (1);3;XP INVESTIMENTOS CCTVM S/A;3;XP INVESTIMENTOS CCTVM S/A
RAIL3;1.000;0,23%;109.002.869;Balcão;23/07/2026;09:36:11;Novo (0);Regular (1);3;XP INVESTIMENTOS CCTVM S/A;3;XP INVESTIMENTOS CCTVM S/A
RECV3;30;1,89%;109.002.877;Balcão;23/07/2026;09:36:11;Novo (0);Regular (1);3;XP INVESTIMENTOS CCTVM S/A;3;XP INVESTIMENTOS CCTVM S/A
ABEV3;36;2,88%;109.002.875;Balcão;23/07/2026;09:36:11;Novo (0);Regular (1);3;XP INVESTIMENTOS CCTVM S/A;3;XP INVESTIMENTOS CCTVM S/A
SANB11;2;6,43%;109.002.870;Balcão;23/07/2026;09:36:11;Novo (0);Regular (1);3;XP INVESTIMENTOS CCTVM S/A;3;XP INVESTIMENTOS CCTVM S/A
K1LA34;32;25,00%;109.002.865;Balcão;23/07/2026;09:36:11;Novo (0);Regular (1);3;XP INVESTIMENTOS CCTVM S/A;3;XP INVESTIMENTOS CCTVM S/A
EZTC3;6.503;0,05%;109.002.866;Balcão;23/07/2026;09:36:11;Novo (0);Regular (1);3;XP INVESTIMENTOS CCTVM S/A;3;XP INVESTIMENTOS CCTVM S/A
ROXO34;410;0,06%;109.002.862;Balcão;23/07/2026;09:36:11;Novo (0);Regular (1);3;XP INVESTIMENTOS CCTVM S/A;3;XP INVESTIMENTOS CCTVM S/A
BBSE3;25;0,88%;109.002.861;Balcão;23/07/2026;09:36:11;Novo (0);Regular (1);3;XP INVESTIMENTOS CCTVM S/A;3;XP INVESTIMENTOS CCTVM S/A
CMIN3;704;42,73%;109.002.863;Balcão;23/07/2026;09:36:11;Novo (0);Regular (1);3;XP INVESTIMENTOS CCTVM S/A;3;XP INVESTIMENTOS CCTVM S/A
PCAR3;257;17,70%;109.002.860;Balcão;23/07/2026;09:36:11;Novo (0);Regular (1);3;XP INVESTIMENTOS CCTVM S/A;3;XP INVESTIMENTOS CCTVM S/A
MXRF11;1;0,11%;109.002.858;Balcão;23/07/2026;09:36:11;Novo (0);Regular (1);3;XP INVESTIMENTOS CCTVM S/A;3;XP INVESTIMENTOS CCTVM S/A
CMIN3;143;42,73%;109.002.859;Balcão;23/07/2026;09:36:11;Novo (0);Regular (1);3;XP INVESTIMENTOS CCTVM S/A;3;XP INVESTIMENTOS CCTVM S/A
ABEV3;57;2,88%;109.002.854;Balcão;23/07/2026;09:36:11;Novo (0);Regular (1);3;XP INVESTIMENTOS CCTVM S/A;3;XP INVESTIMENTOS CCTVM S/A
JHSF3;494;2,44%;109.002.857;Balcão;23/07/2026;09:36:11;Novo (0);Regular (1);3;XP INVESTIMENTOS CCTVM S/A;3;XP INVESTIMENTOS CCTVM S/A
SMTO3;4;4,47%;109.002.856;Balcão;23/07/2026;09:36:11;Novo (0);Regular (1);3;XP INVESTIMENTOS CCTVM S/A;3;XP INVESTIMENTOS CCTVM S/A
ROXO34;2.093;0,06%;109.002.852;Balcão;23/07/2026;09:36:11;Novo (0);Regular (1);3;XP INVESTIMENTOS CCTVM S/A;3;XP INVESTIMENTOS CCTVM S/A
ITUB3;5;1,16%;109.002.855;Balcão;23/07/2026;09:36:11;Novo (0);Regular (1);3;XP INVESTIMENTOS CCTVM S/A;3;XP INVESTIMENTOS CCTVM S/A
CURY3;31;1,21%;109.002.850;Balcão;23/07/2026;09:36:11;Novo (0);Regular (1);3;XP INVESTIMENTOS CCTVM S/A;3;XP INVESTIMENTOS CCTVM S/A
ITUB3;2;1,16%;109.002.853;Balcão;23/07/2026;09:36:11;Novo (0);Regular (1);3;XP INVESTIMENTOS CCTVM S/A;3;XP INVESTIMENTOS CCTVM S/A
CMIN3;3.300;42,73%;109.002.849;Balcão;23/07/2026;09:36:11;Novo (0);Regular (1);3;XP INVESTIMENTOS CCTVM S/A;3;XP INVESTIMENTOS CCTVM S/A
LREN3;34;0,05%;109.002.851;Balcão;23/07/2026;09:36:11;Novo (0);Regular (1);3;XP INVESTIMENTOS CCTVM S/A;3;XP INVESTIMENTOS CCTVM S/A
DEVA11;114;3,14%;109.002.848;Balcão;23/07/2026;09:36:11;Novo (0);Regular (1);3;XP INVESTIMENTOS CCTVM S/A;3;XP INVESTIMENTOS CCTVM S/A
ABEV3;332;2,88%;109.002.845;Balcão;23/07/2026;09:36:11;Novo (0);Regular (1);3;XP INVESTIMENTOS CCTVM S/A;3;XP INVESTIMENTOS CCTVM S/A
HFOF11;1;0,14%;109.002.847;Balcão;23/07/2026;09:36:11;Novo (0);Regular (1);3;XP INVESTIMENTOS CCTVM S/A;3;XP INVESTIMENTOS CCTVM S/A
B3SA3;4.177;0,02%;109.002.844;Balcão;23/07/2026;09:36:10;Novo (0);Regular (1);3;XP INVESTIMENTOS CCTVM S/A;3;XP INVESTIMENTOS CCTVM S/A
JHSF3;9.301;2,44%;109.002.842;Balcão;23/07/2026;09:36:10;Novo (0);Regular (1);3;XP INVESTIMENTOS CCTVM S/A;3;XP INVESTIMENTOS CCTVM S/A
ITUB3;2;1,16%;109.002.841;Balcão;23/07/2026;09:36:10;Novo (0);Regular (1);3;XP INVESTIMENTOS CCTVM S/A;3;XP INVESTIMENTOS CCTVM S/A
SMTO3;2;4,47%;109.002.839;Balcão;23/07/2026;09:36:10;Novo (0);Regular (1);3;XP INVESTIMENTOS CCTVM S/A;3;XP INVESTIMENTOS CCTVM S/A
SMTO3;103;4,47%;109.002.835;Balcão;23/07/2026;09:36:10;Novo (0);Regular (1);3;XP INVESTIMENTOS CCTVM S/A;3;XP INVESTIMENTOS CCTVM S/A
MBRF3;6;6,33%;109.002.838;Balcão;23/07/2026;09:36:10;Novo (0);Regular (1);3;XP INVESTIMENTOS CCTVM S/A;3;XP INVESTIMENTOS CCTVM S/A
CYRE3;1.000;0,08%;109.002.834;Balcão;23/07/2026;09:36:10;Novo (0);Regular (1);3;XP INVESTIMENTOS CCTVM S/A;3;XP INVESTIMENTOS CCTVM S/A
CXSE3;13;0,09%;109.002.836;Balcão;23/07/2026;09:36:10;Novo (0);Regular (1);3;XP INVESTIMENTOS CCTVM S/A;3;XP INVESTIMENTOS CCTVM S/A
ITUB3;31;1,16%;109.002.837;Balcão;23/07/2026;09:36:10;Novo (0);Regular (1);3;XP INVESTIMENTOS CCTVM S/A;3;XP INVESTIMENTOS CCTVM S/A
SNFF11;25;3,97%;109.002.833;Balcão;23/07/2026;09:36:10;Novo (0);Regular (1);3;XP INVESTIMENTOS CCTVM S/A;3;XP INVESTIMENTOS CCTVM S/A
MBRF3;2;6,33%;109.002.832;Balcão;23/07/2026;09:36:10;Novo (0);Regular (1);3;XP INVESTIMENTOS CCTVM S/A;3;XP INVESTIMENTOS CCTVM S/A
CURY3;115;1,21%;109.002.830;Balcão;23/07/2026;09:36:10;Novo (0);Regular (1);3;XP INVESTIMENTOS CCTVM S/A;3;XP INVESTIMENTOS CCTVM S/A
B3SA3;1.766;0,02%;109.002.831;Balcão;23/07/2026;09:36:10;Novo (0);Regular (1);3;XP INVESTIMENTOS CCTVM S/A;3;XP INVESTIMENTOS CCTVM S/A
ABEV3;1;2,88%;109.002.828;Balcão;23/07/2026;09:36:10;Novo (0);Regular (1);3;XP INVESTIMENTOS CCTVM S/A;3;XP INVESTIMENTOS CCTVM S/A
PETR3;155;0,02%;109.002.829;Balcão;23/07/2026;09:36:10;Novo (0);Regular (1);3;XP INVESTIMENTOS CCTVM S/A;3;XP INVESTIMENTOS CCTVM S/A
USIM5;10.000;0,04%;109.002.826;Balcão;23/07/2026;09:36:10;Novo (0);Regular (1);3;XP INVESTIMENTOS CCTVM S/A;3;XP INVESTIMENTOS CCTVM S/A
AZZA3;1.000;29,29%;109.002.827;Balcão;23/07/2026;09:36:10;Novo (0);Regular (1);3;XP INVESTIMENTOS CCTVM S/A;3;XP INVESTIMENTOS CCTVM S/A
MBRF3;895;6,33%;109.002.822;Balcão;23/07/2026;09:36:10;Novo (0);Regular (1);3;XP INVESTIMENTOS CCTVM S/A;3;XP INVESTIMENTOS CCTVM S/A
CSNA3;2;0,80%;109.002.824;Balcão;23/07/2026;09:36:10;Novo (0);Regular (1);3;XP INVESTIMENTOS CCTVM S/A;3;XP INVESTIMENTOS CCTVM S/A
CXSE3;109;0,09%;109.002.823;Balcão;23/07/2026;09:36:09;Novo (0);Regular (1);3;XP INVESTIMENTOS CCTVM S/A;3;XP INVESTIMENTOS CCTVM S/A
ROXO34;197;0,06%;109.002.825;Balcão;23/07/2026;09:36:09;Novo (0);Regular (1);3;XP INVESTIMENTOS CCTVM S/A;3;XP INVESTIMENTOS CCTVM S/A
B3SA3;2.482;0,02%;109.002.820;Balcão;23/07/2026;09:36:09;Novo (0);Regular (1);3;XP INVESTIMENTOS CCTVM S/A;3;XP INVESTIMENTOS CCTVM S/A
PETR4;35;0,08%;109.002.821;Balcão;23/07/2026;09:36:09;Novo (0);Regular (1);3;XP INVESTIMENTOS CCTVM S/A;3;XP INVESTIMENTOS CCTVM S/A
RAIL3;1.000;0,23%;109.002.818;Balcão;23/07/2026;09:36:09;Novo (0);Regular (1);3;XP INVESTIMENTOS CCTVM S/A;3;XP INVESTIMENTOS CCTVM S/A
AMER3;35;19,82%;109.002.816;Balcão;23/07/2026;09:36:09;Novo (0);Regular (1);3;XP INVESTIMENTOS CCTVM S/A;3;XP INVESTIMENTOS CCTVM S/A
MXRF11;2;0,11%;109.002.815;Balcão;23/07/2026;09:36:09;Novo (0);Regular (1);3;XP INVESTIMENTOS CCTVM S/A;3;XP INVESTIMENTOS CCTVM S/A
PETR3;32;0,02%;109.002.819;Balcão;23/07/2026;09:36:09;Novo (0);Regular (1);3;XP INVESTIMENTOS CCTVM S/A;3;XP INVESTIMENTOS CCTVM S/A
CURY3;133;1,21%;109.002.817;Balcão;23/07/2026;09:36:09;Novo (0);Regular (1);3;XP INVESTIMENTOS CCTVM S/A;3;XP INVESTIMENTOS CCTVM S/A
BBSE3;30;0,88%;109.002.813;Balcão;23/07/2026;09:36:09;Novo (0);Regular (1);3;XP INVESTIMENTOS CCTVM S/A;3;XP INVESTIMENTOS CCTVM S/A
PCAR3;207;17,70%;109.002.814;Balcão;23/07/2026;09:36:09;Novo (0);Regular (1);3;XP INVESTIMENTOS CCTVM S/A;3;XP INVESTIMENTOS CCTVM S/A
RECR11;1;0,14%;109.002.812;Balcão;23/07/2026;09:36:09;Novo (0);Regular (1);3;XP INVESTIMENTOS CCTVM S/A;3;XP INVESTIMENTOS CCTVM S/A
B3SA3;3.518;0,02%;109.002.787;Balcão;23/07/2026;09:36:09;Novo (0);Regular (1);3;XP INVESTIMENTOS CCTVM S/A;3;XP INVESTIMENTOS CCTVM S/A
ASAI3;1.257;18,34%;109.002.811;Balcão;23/07/2026;09:36:09;Novo (0);Regular (1);3;XP INVESTIMENTOS CCTVM S/A;3;XP INVESTIMENTOS CCTVM S/A
CXSE3;28;0,09%;109.002.786;Balcão;23/07/2026;09:36:09;Novo (0);Regular (1);3;XP INVESTIMENTOS CCTVM S/A;3;XP INVESTIMENTOS CCTVM S/A
SANB11;1;6,43%;109.002.788;Balcão;23/07/2026;09:36:09;Novo (0);Regular (1);3;XP INVESTIMENTOS CCTVM S/A;3;XP INVESTIMENTOS CCTVM S/A
RENT3;10;0,30%;109.002.785;Balcão;23/07/2026;09:36:09;Novo (0);Regular (1);3;XP INVESTIMENTOS CCTVM S/A;3;XP INVESTIMENTOS CCTVM S/A
BBDC4;117;0,02%;109.002.781;Balcão;23/07/2026;09:36:09;Novo (0);Regular (1);3;XP INVESTIMENTOS CCTVM S/A;3;XP INVESTIMENTOS CCTVM S/A
AMER3;150;19,82%;109.002.784;Balcão;23/07/2026;09:36:09;Novo (0);Regular (1);3;XP INVESTIMENTOS CCTVM S/A;3;XP INVESTIMENTOS CCTVM S/A
PCAR3;424;17,70%;109.002.782;Balcão;23/07/2026;09:36:09;Novo (0);Regular (1);3;XP INVESTIMENTOS CCTVM S/A;3;XP INVESTIMENTOS CCTVM S/A
LREN3;33;0,05%;109.002.783;Balcão;23/07/2026;09:36:09;Novo (0);Regular (1);3;XP INVESTIMENTOS CCTVM S/A;3;XP INVESTIMENTOS CCTVM S/A
ROXO34;2.591;0,06%;109.002.778;Balcão;23/07/2026;09:36:09;Novo (0);Regular (1);3;XP INVESTIMENTOS CCTVM S/A;3;XP INVESTIMENTOS CCTVM S/A
CMIN3;1.304;42,73%;109.002.780;Balcão;23/07/2026;09:36:09;Novo (0);Regular (1);3;XP INVESTIMENTOS CCTVM S/A;3;XP INVESTIMENTOS CCTVM S/A
PETR3;157;0,02%;109.002.779;Balcão;23/07/2026;09:36:09;Novo (0);Regular (1);3;XP INVESTIMENTOS CCTVM S/A;3;XP INVESTIMENTOS CCTVM S/A
CMIN3;879;42,73%;109.002.777;Balcão;23/07/2026;09:36:09;Novo (0);Regular (1);3;XP INVESTIMENTOS CCTVM S/A;3;XP INVESTIMENTOS CCTVM S/A
AMZO34;3;0,14%;109.002.775;Balcão;23/07/2026;09:36:09;Novo (0);Regular (1);3;XP INVESTIMENTOS CCTVM S/A;3;XP INVESTIMENTOS CCTVM S/A
PETR4;136;0,08%;109.002.776;Balcão;23/07/2026;09:36:09;Novo (0);Regular (1);3;XP INVESTIMENTOS CCTVM S/A;3;XP INVESTIMENTOS CCTVM S/A
EMBJ3;35;0,06%;109.002.774;Balcão;23/07/2026;09:36:09;Novo (0);Regular (1);3;XP INVESTIMENTOS CCTVM S/A;3;XP INVESTIMENTOS CCTVM S/A
ITUB3;2;1,16%;109.002.771;Balcão;23/07/2026;09:36:09;Novo (0);Regular (1);3;XP INVESTIMENTOS CCTVM S/A;3;XP INVESTIMENTOS CCTVM S/A
PETR3;157;0,02%;109.002.773;Balcão;23/07/2026;09:36:08;Novo (0);Regular (1);3;XP INVESTIMENTOS CCTVM S/A;3;XP INVESTIMENTOS CCTVM S/A
NVDC34;1;0,10%;109.002.681;Balcão;23/07/2026;09:36:08;Novo (0);Regular (1);3;XP INVESTIMENTOS CCTVM S/A;3;XP INVESTIMENTOS CCTVM S/A
ROXO34;3.000;0,06%;109.002.772;Balcão;23/07/2026;09:36:08;Novo (0);Regular (1);3;XP INVESTIMENTOS CCTVM S/A;3;XP INVESTIMENTOS CCTVM S/A
HAPV3;28;0,24%;109.002.769;Balcão;23/07/2026;09:36:08;Novo (0);Regular (1);3;XP INVESTIMENTOS CCTVM S/A;3;XP INVESTIMENTOS CCTVM S/A
BOVA11;1;0,72%;109.002.770;Balcão;23/07/2026;09:36:08;Novo (0);Regular (1);3;XP INVESTIMENTOS CCTVM S/A;3;XP INVESTIMENTOS CCTVM S/A
BBAS3;31;0,02%;109.002.767;Balcão;23/07/2026;09:36:08;Novo (0);Regular (1);3;XP INVESTIMENTOS CCTVM S/A;3;XP INVESTIMENTOS CCTVM S/A
ABEV3;2;2,88%;109.002.768;Balcão;23/07/2026;09:36:08;Novo (0);Regular (1);3;XP INVESTIMENTOS CCTVM S/A;3;XP INVESTIMENTOS CCTVM S/A
CPTS11;137;0,33%;109.002.765;Balcão;23/07/2026;09:36:08;Novo (0);Regular (1);3;XP INVESTIMENTOS CCTVM S/A;3;XP INVESTIMENTOS CCTVM S/A
IVVB11;2;0,16%;109.002.766;Balcão;23/07/2026;09:36:08;Novo (0);Regular (1);3;XP INVESTIMENTOS CCTVM S/A;3;XP INVESTIMENTOS CCTVM S/A
PETR4;6.000;0,08%;109.002.763;Balcão;23/07/2026;09:36:08;Novo (0);Regular (1);3;XP INVESTIMENTOS CCTVM S/A;3;XP INVESTIMENTOS CCTVM S/A
KNCR11;151;0,15%;109.002.764;Balcão;23/07/2026;09:36:08;Novo (0);Regular (1);3;XP INVESTIMENTOS CCTVM S/A;3;XP INVESTIMENTOS CCTVM S/A
ASAI3;30;18,34%;109.002.762;Balcão;23/07/2026;09:36:08;Novo (0);Regular (1);3;XP INVESTIMENTOS CCTVM S/A;3;XP INVESTIMENTOS CCTVM S/A
BBSE3;28;0,88%;109.002.809;Balcão;23/07/2026;09:36:07;Novo (0);Regular (1);3;XP INVESTIMENTOS CCTVM S/A;3;XP INVESTIMENTOS CCTVM S/A
PRIO3;904;0,02%;109.002.808;Balcão;23/07/2026;09:36:07;Novo (0);Regular (1);3;XP INVESTIMENTOS CCTVM S/A;3;XP INVESTIMENTOS CCTVM S/A
TIMS3;2;0,06%;109.002.810;Balcão;23/07/2026;09:36:07;Novo (0);Regular (1);3;XP INVESTIMENTOS CCTVM S/A;3;XP INVESTIMENTOS CCTVM S/A
BEEF3;1.000;1,88%;109.002.807;Balcão;23/07/2026;09:36:07;Novo (0);Regular (1);3;XP INVESTIMENTOS CCTVM S/A;3;XP INVESTIMENTOS CCTVM S/A
MXRF11;32;0,11%;109.002.805;Balcão;23/07/2026;09:36:07;Novo (0);Regular (1);3;XP INVESTIMENTOS CCTVM S/A;3;XP INVESTIMENTOS CCTVM S/A
SANB11;107;6,43%;109.002.806;Balcão;23/07/2026;09:36:07;Novo (0);Regular (1);3;XP INVESTIMENTOS CCTVM S/A;3;XP INVESTIMENTOS CCTVM S/A
ASAI3;4.843;18,34%;109.002.803;Balcão;23/07/2026;09:36:07;Novo (0);Regular (1);3;XP INVESTIMENTOS CCTVM S/A;3;XP INVESTIMENTOS CCTVM S/A
PCAR3;6.376;17,70%;109.002.804;Balcão;23/07/2026;09:36:07;Novo (0);Regular (1);3;XP INVESTIMENTOS CCTVM S/A;3;XP INVESTIMENTOS CCTVM S/A
RBRP11;1;3,27%;109.002.802;Balcão;23/07/2026;09:36:07;Novo (0);Regular (1);3;XP INVESTIMENTOS CCTVM S/A;3;XP INVESTIMENTOS CCTVM S/A
BBSE3;2;0,88%;109.002.801;Balcão;23/07/2026;09:36:07;Novo (0);Regular (1);3;XP INVESTIMENTOS CCTVM S/A;3;XP INVESTIMENTOS CCTVM S/A
CURY3;2;1,21%;109.002.799;Balcão;23/07/2026;09:36:07;Novo (0);Regular (1);3;XP INVESTIMENTOS CCTVM S/A;3;XP INVESTIMENTOS CCTVM S/A
PCAR3;9.793;17,70%;109.002.800;Balcão;23/07/2026;09:36:07;Novo (0);Regular (1);3;XP INVESTIMENTOS CCTVM S/A;3;XP INVESTIMENTOS CCTVM S/A
BBSE3;2;0,88%;109.002.760;Balcão;23/07/2026;09:36:07;Novo (0);Regular (1);3;XP INVESTIMENTOS CCTVM S/A;3;XP INVESTIMENTOS CCTVM S/A
PCAR3;1;17,70%;109.002.761;Balcão;23/07/2026;09:36:07;Novo (0);Regular (1);3;XP INVESTIMENTOS CCTVM S/A;3;XP INVESTIMENTOS CCTVM S/A
MXRF11;26;0,11%;109.002.759;Balcão;23/07/2026;09:36:07;Novo (0);Regular (1);3;XP INVESTIMENTOS CCTVM S/A;3;XP INVESTIMENTOS CCTVM S/A
BKNG34;87;0,07%;109.002.752;Balcão;23/07/2026;09:36:07;Novo (0);Regular (1);3;XP INVESTIMENTOS CCTVM S/A;3;XP INVESTIMENTOS CCTVM S/A
BBAS3;2;0,02%;109.002.756;Balcão;23/07/2026;09:36:07;Novo (0);Regular (1);3;XP INVESTIMENTOS CCTVM S/A;3;XP INVESTIMENTOS CCTVM S/A
MGLU3;8;14,36%;109.002.757;Balcão;23/07/2026;09:36:06;Novo (0);Regular (1);3;XP INVESTIMENTOS CCTVM S/A;3;XP INVESTIMENTOS CCTVM S/A
ABEV3;35;2,88%;109.002.758;Balcão;23/07/2026;09:36:06;Novo (0);Regular (1);3;XP INVESTIMENTOS CCTVM S/A;3;XP INVESTIMENTOS CCTVM S/A
HGLG11;2;0,15%;109.002.755;Balcão;23/07/2026;09:36:06;Novo (0);Regular (1);3;XP INVESTIMENTOS CCTVM S/A;3;XP INVESTIMENTOS CCTVM S/A
VALE3;33;0,20%;109.002.751;Balcão;23/07/2026;09:36:06;Novo (0);Regular (1);3;XP INVESTIMENTOS CCTVM S/A;3;XP INVESTIMENTOS CCTVM S/A
ITSA4;2;0,01%;109.002.753;Balcão;23/07/2026;09:36:06;Novo (0);Regular (1);3;XP INVESTIMENTOS CCTVM S/A;3;XP INVESTIMENTOS CCTVM S/A
POMO4;140;0,02%;109.002.754;Balcão;23/07/2026;09:36:06;Novo (0);Regular (1);3;XP INVESTIMENTOS CCTVM S/A;3;XP INVESTIMENTOS CCTVM S/A
PCAR3;25;17,70%;109.002.743;Balcão;23/07/2026;09:36:06;Novo (0);Regular (1);3;XP INVESTIMENTOS CCTVM S/A;3;XP INVESTIMENTOS CCTVM S/A
LIGT3;5.000;18,80%;109.002.750;Balcão;23/07/2026;09:36:06;Novo (0);Regular (1);3;XP INVESTIMENTOS CCTVM S/A;3;XP INVESTIMENTOS CCTVM S/A
CMIN3;3.300;42,73%;109.002.748;Balcão;23/07/2026;09:36:06;Novo (0);Regular (1);3;XP INVESTIMENTOS CCTVM S/A;3;XP INVESTIMENTOS CCTVM S/A
PCAR3;150;17,70%;109.002.746;Balcão;23/07/2026;09:36:06;Novo (0);Regular (1);3;XP INVESTIMENTOS CCTVM S/A;3;XP INVESTIMENTOS CCTVM S/A
BBAS3;26;0,02%;109.002.749;Balcão;23/07/2026;09:36:06;Novo (0);Regular (1);3;XP INVESTIMENTOS CCTVM S/A;3;XP INVESTIMENTOS CCTVM S/A
BRKM5;2;18,15%;109.002.744;Balcão;23/07/2026;09:36:06;Novo (0);Regular (1);3;XP INVESTIMENTOS CCTVM S/A;3;XP INVESTIMENTOS CCTVM S/A
AMZO34;25;0,14%;109.002.747;Balcão;23/07/2026;09:36:06;Novo (0);Regular (1);3;XP INVESTIMENTOS CCTVM S/A;3;XP INVESTIMENTOS CCTVM S/A
PFRM3;10.000;13,20%;109.002.742;Balcão;23/07/2026;09:36:06;Novo (0);Regular (1);3;XP INVESTIMENTOS CCTVM S/A;3;XP INVESTIMENTOS CCTVM S/A
PETR3;155;0,02%;109.002.739;Balcão;23/07/2026;09:36:06;Novo (0);Regular (1);3;XP INVESTIMENTOS CCTVM S/A;3;XP INVESTIMENTOS CCTVM S/A
AURE3;138;0,04%;109.002.745;Balcão;23/07/2026;09:36:06;Novo (0);Regular (1);3;XP INVESTIMENTOS CCTVM S/A;3;XP INVESTIMENTOS CCTVM S/A
MSFT34;125;0,10%;109.002.740;Balcão;23/07/2026;09:36:06;Novo (0);Regular (1);3;XP INVESTIMENTOS CCTVM S/A;3;XP INVESTIMENTOS CCTVM S/A
PVBI11;1;0,12%;109.002.741;Balcão;23/07/2026;09:36:06;Novo (0);Regular (1);3;XP INVESTIMENTOS CCTVM S/A;3;XP INVESTIMENTOS CCTVM S/A
SMAL11;117;9,92%;109.002.737;Balcão;23/07/2026;09:36:06;Novo (0);Regular (1);3;XP INVESTIMENTOS CCTVM S/A;3;XP INVESTIMENTOS CCTVM S/A
BBSE3;6;0,88%;109.002.738;Balcão;23/07/2026;09:36:06;Novo (0);Regular (1);3;XP INVESTIMENTOS CCTVM S/A;3;XP INVESTIMENTOS CCTVM S/A
BSLV39;125;0,10%;109.002.736;Balcão;23/07/2026;09:36:06;Novo (0);Regular (1);3;XP INVESTIMENTOS CCTVM S/A;3;XP INVESTIMENTOS CCTVM S/A
AMER3;150;19,82%;109.002.735;Balcão;23/07/2026;09:36:06;Novo (0);Regular (1);3;XP INVESTIMENTOS CCTVM S/A;3;XP INVESTIMENTOS CCTVM S/A
SPCX34;25;0,29%;109.002.731;Balcão;23/07/2026;09:36:06;Novo (0);Regular (1);3;XP INVESTIMENTOS CCTVM S/A;3;XP INVESTIMENTOS CCTVM S/A
PCAR3;121;17,70%;109.002.730;Balcão;23/07/2026;09:36:06;Novo (0);Regular (1);3;XP INVESTIMENTOS CCTVM S/A;3;XP INVESTIMENTOS CCTVM S/A
RENT3;925;0,30%;109.002.732;Balcão;23/07/2026;09:36:06;Novo (0);Regular (1);3;XP INVESTIMENTOS CCTVM S/A;3;XP INVESTIMENTOS CCTVM S/A
ABEV3;245;2,88%;109.002.733;Balcão;23/07/2026;09:36:06;Novo (0);Regular (1);3;XP INVESTIMENTOS CCTVM S/A;3;XP INVESTIMENTOS CCTVM S/A
LREN3;30;0,05%;109.002.734;Balcão;23/07/2026;09:36:06;Novo (0);Regular (1);3;XP INVESTIMENTOS CCTVM S/A;3;XP INVESTIMENTOS CCTVM S/A
BTLG11;155;0,11%;109.002.727;Balcão;23/07/2026;09:36:05;Novo (0);Regular (1);3;XP INVESTIMENTOS CCTVM S/A;3;XP INVESTIMENTOS CCTVM S/A
CMIN3;2.596;42,73%;109.002.728;Balcão;23/07/2026;09:36:05;Novo (0);Regular (1);3;XP INVESTIMENTOS CCTVM S/A;3;XP INVESTIMENTOS CCTVM S/A
CMIN3;2;42,73%;109.002.729;Balcão;23/07/2026;09:36:05;Novo (0);Regular (1);3;XP INVESTIMENTOS CCTVM S/A;3;XP INVESTIMENTOS CCTVM S/A
BBSE3;2;0,88%;109.002.726;Balcão;23/07/2026;09:36:05;Novo (0);Regular (1);3;XP INVESTIMENTOS CCTVM S/A;3;XP INVESTIMENTOS CCTVM S/A
PETR4;102;0,08%;109.002.724;Balcão;23/07/2026;09:36:05;Novo (0);Regular (1);3;XP INVESTIMENTOS CCTVM S/A;3;XP INVESTIMENTOS CCTVM S/A
CURY3;109;1,21%;109.002.725;Balcão;23/07/2026;09:36:05;Novo (0);Regular (1);3;XP INVESTIMENTOS CCTVM S/A;3;XP INVESTIMENTOS CCTVM S/A
MXRF11;35;0,11%;109.002.722;Balcão;23/07/2026;09:36:05;Novo (0);Regular (1);3;XP INVESTIMENTOS CCTVM S/A;3;XP INVESTIMENTOS CCTVM S/A
MBRF3;10.000;6,33%;109.002.721;Balcão;23/07/2026;09:36:05;Novo (0);Regular (1);3;XP INVESTIMENTOS CCTVM S/A;3;XP INVESTIMENTOS CCTVM S/A
BBAS3;8.255;0,02%;109.002.723;Balcão;23/07/2026;09:36:05;Novo (0);Regular (1);3;XP INVESTIMENTOS CCTVM S/A;3;XP INVESTIMENTOS CCTVM S/A
BBSE3;104;0,88%;109.002.720;Balcão;23/07/2026;09:36:05;Novo (0);Regular (1);3;XP INVESTIMENTOS CCTVM S/A;3;XP INVESTIMENTOS CCTVM S/A
PETR3;30;0,02%;109.002.719;Balcão;23/07/2026;09:36:05;Novo (0);Regular (1);3;XP INVESTIMENTOS CCTVM S/A;3;XP INVESTIMENTOS CCTVM S/A
BRKM5;1.000;18,15%;109.002.718;Balcão;23/07/2026;09:36:05;Novo (0);Regular (1);3;XP INVESTIMENTOS CCTVM S/A;3;XP INVESTIMENTOS CCTVM S/A
HBSA3;370;6,25%;109.002.716;Balcão;23/07/2026;09:36:05;Novo (0);Regular (1);3;XP INVESTIMENTOS CCTVM S/A;3;XP INVESTIMENTOS CCTVM S/A
NATU3;2;210,44%;109.002.678;Balcão;23/07/2026;09:36:05;Novo (0);Regular (1);3;XP INVESTIMENTOS CCTVM S/A;3;XP INVESTIMENTOS CCTVM S/A
MBRF3;5;6,33%;109.002.715;Balcão;23/07/2026;09:36:05;Novo (0);Regular (1);3;XP INVESTIMENTOS CCTVM S/A;3;XP INVESTIMENTOS CCTVM S/A
ANIM3;727;0,39%;109.002.717;Balcão;23/07/2026;09:36:05;Novo (0);Regular (1);3;XP INVESTIMENTOS CCTVM S/A;3;XP INVESTIMENTOS CCTVM S/A
BBSE3;2;0,88%;109.002.711;Balcão;23/07/2026;09:36:05;Novo (0);Regular (1);3;XP INVESTIMENTOS CCTVM S/A;3;XP INVESTIMENTOS CCTVM S/A
BBSE3;30;0,88%;109.002.714;Balcão;23/07/2026;09:36:05;Novo (0);Regular (1);3;XP INVESTIMENTOS CCTVM S/A;3;XP INVESTIMENTOS CCTVM S/A
DIRR3;119;0,08%;109.002.703;Balcão;23/07/2026;09:36:05;Novo (0);Regular (1);3;XP INVESTIMENTOS CCTVM S/A;3;XP INVESTIMENTOS CCTVM S/A
RENT3;30;0,30%;109.002.707;Balcão;23/07/2026;09:36:05;Novo (0);Regular (1);3;XP INVESTIMENTOS CCTVM S/A;3;XP INVESTIMENTOS CCTVM S/A
ANIM3;228;0,39%;109.002.796;Balcão;23/07/2026;09:36:05;Novo (0);Regular (1);3;XP INVESTIMENTOS CCTVM S/A;3;XP INVESTIMENTOS CCTVM S/A
MRVE3;2;0,15%;109.002.798;Balcão;23/07/2026;09:36:05;Novo (0);Regular (1);3;XP INVESTIMENTOS CCTVM S/A;3;XP INVESTIMENTOS CCTVM S/A
MGLU3;992;14,36%;109.002.713;Balcão;23/07/2026;09:36:05;Novo (0);Regular (1);3;XP INVESTIMENTOS CCTVM S/A;3;XP INVESTIMENTOS CCTVM S/A
CXSE3;46;0,09%;109.002.712;Balcão;23/07/2026;09:36:04;Novo (0);Regular (1);3;XP INVESTIMENTOS CCTVM S/A;3;XP INVESTIMENTOS CCTVM S/A
LREN3;35;0,05%;109.002.709;Balcão;23/07/2026;09:36:04;Novo (0);Regular (1);3;XP INVESTIMENTOS CCTVM S/A;3;XP INVESTIMENTOS CCTVM S/A
PSSA3;1.000;0,03%;109.002.797;Balcão;23/07/2026;09:36:04;Novo (0);Regular (1);3;XP INVESTIMENTOS CCTVM S/A;3;XP INVESTIMENTOS CCTVM S/A
RECV3;28;1,89%;109.002.708;Balcão;23/07/2026;09:36:04;Novo (0);Regular (1);3;XP INVESTIMENTOS CCTVM S/A;3;XP INVESTIMENTOS CCTVM S/A
ITSA4;2;0,01%;109.002.795;Balcão;23/07/2026;09:36:04;Novo (0);Regular (1);3;XP INVESTIMENTOS CCTVM S/A;3;XP INVESTIMENTOS CCTVM S/A
AAPL34;2;0,30%;109.002.710;Balcão;23/07/2026;09:36:04;Novo (0);Regular (1);3;XP INVESTIMENTOS CCTVM S/A;3;XP INVESTIMENTOS CCTVM S/A
PETR4;1.000;0,08%;109.002.705;Balcão;23/07/2026;09:36:04;Novo (0);Regular (1);3;XP INVESTIMENTOS CCTVM S/A;3;XP INVESTIMENTOS CCTVM S/A
CXSE3;35;0,09%;109.002.794;Balcão;23/07/2026;09:36:04;Novo (0);Regular (1);3;XP INVESTIMENTOS CCTVM S/A;3;XP INVESTIMENTOS CCTVM S/A
BRKM5;2;18,15%;109.002.706;Balcão;23/07/2026;09:36:04;Novo (0);Regular (1);3;XP INVESTIMENTOS CCTVM S/A;3;XP INVESTIMENTOS CCTVM S/A
LREN3;28;0,05%;109.002.704;Balcão;23/07/2026;09:36:04;Novo (0);Regular (1);3;XP INVESTIMENTOS CCTVM S/A;3;XP INVESTIMENTOS CCTVM S/A
LREN3;33;0,05%;109.002.702;Balcão;23/07/2026;09:36:04;Novo (0);Regular (1);3;XP INVESTIMENTOS CCTVM S/A;3;XP INVESTIMENTOS CCTVM S/A
LIGT3;600;18,80%;109.002.792;Balcão;23/07/2026;09:36:04;Novo (0);Regular (1);3;XP INVESTIMENTOS CCTVM S/A;3;XP INVESTIMENTOS CCTVM S/A
CMIN3;404;42,73%;109.002.700;Balcão;23/07/2026;09:36:04;Novo (0);Regular (1);3;XP INVESTIMENTOS CCTVM S/A;3;XP INVESTIMENTOS CCTVM S/A
BBSE3;2;0,88%;109.002.793;Balcão;23/07/2026;09:36:04;Novo (0);Regular (1);3;XP INVESTIMENTOS CCTVM S/A;3;XP INVESTIMENTOS CCTVM S/A
CMIN3;3.300;42,73%;109.002.791;Balcão;23/07/2026;09:36:04;Novo (0);Regular (1);3;XP INVESTIMENTOS CCTVM S/A;3;XP INVESTIMENTOS CCTVM S/A
IVVB11;141;0,16%;109.002.701;Balcão;23/07/2026;09:36:04;Novo (0);Regular (1);3;XP INVESTIMENTOS CCTVM S/A;3;XP INVESTIMENTOS CCTVM S/A
LREN3;29;0,05%;109.002.699;Balcão;23/07/2026;09:36:04;Novo (0);Regular (1);3;XP INVESTIMENTOS CCTVM S/A;3;XP INVESTIMENTOS CCTVM S/A
BBDC4;1.000;0,02%;109.002.790;Balcão;23/07/2026;09:36:04;Novo (0);Regular (1);3;XP INVESTIMENTOS CCTVM S/A;3;XP INVESTIMENTOS CCTVM S/A
GMAT3;2.500;2,34%;109.002.687;Balcão;23/07/2026;09:36:04;Novo (0);Regular (1);3;XP INVESTIMENTOS CCTVM S/A;3;XP INVESTIMENTOS CCTVM S/A
EQTL3;2;0,05%;109.002.789;Balcão;23/07/2026;09:36:04;Novo (0);Regular (1);3;XP INVESTIMENTOS CCTVM S/A;3;XP INVESTIMENTOS CCTVM S/A
CXSE3;17;0,09%;109.002.698;Balcão;23/07/2026;09:36:03;Novo (0);Regular (1);3;XP INVESTIMENTOS CCTVM S/A;3;XP INVESTIMENTOS CCTVM S/A
CXSE3;109;0,09%;109.002.691;Balcão;23/07/2026;09:36:03;Novo (0);Regular (1);3;XP INVESTIMENTOS CCTVM S/A;3;XP INVESTIMENTOS CCTVM S/A
RBFM11;111;10,00%;109.002.690;Balcão;23/07/2026;09:36:03;Novo (0);Regular (1);3;XP INVESTIMENTOS CCTVM S/A;3;XP INVESTIMENTOS CCTVM S/A
BRCO11;1;0,03%;109.002.689;Balcão;23/07/2026;09:36:03;Novo (0);Regular (1);3;XP INVESTIMENTOS CCTVM S/A;3;XP INVESTIMENTOS CCTVM S/A
PETR3;113;0,02%;109.002.697;Balcão;23/07/2026;09:36:03;Novo (0);Regular (1);3;XP INVESTIMENTOS CCTVM S/A;3;XP INVESTIMENTOS CCTVM S/A
BBSE3;1.000;0,88%;109.002.696;Balcão;23/07/2026;09:36:03;Novo (0);Regular (1);3;XP INVESTIMENTOS CCTVM S/A;3;XP INVESTIMENTOS CCTVM S/A
ENEV3;1.000;0,09%;109.002.692;Balcão;23/07/2026;09:36:03;Novo (0);Regular (1);3;XP INVESTIMENTOS CCTVM S/A;3;XP INVESTIMENTOS CCTVM S/A
BKNG34;6.150;0,07%;109.002.694;Balcão;23/07/2026;09:36:03;Novo (0);Regular (1);3;XP INVESTIMENTOS CCTVM S/A;3;XP INVESTIMENTOS CCTVM S/A
MXRF11;33;0,11%;109.002.695;Balcão;23/07/2026;09:36:03;Novo (0);Regular (1);3;XP INVESTIMENTOS CCTVM S/A;3;XP INVESTIMENTOS CCTVM S/A
KNCR11;2;0,15%;109.002.684;Balcão;23/07/2026;09:36:03;Novo (0);Regular (1);3;XP INVESTIMENTOS CCTVM S/A;3;XP INVESTIMENTOS CCTVM S/A
XPLG11;1;1,38%;109.002.686;Balcão;23/07/2026;09:36:03;Novo (0);Regular (1);3;XP INVESTIMENTOS CCTVM S/A;3;XP INVESTIMENTOS CCTVM S/A
CMIN3;3.300;42,73%;109.002.693;Balcão;23/07/2026;09:36:03;Novo (0);Regular (1);3;XP INVESTIMENTOS CCTVM S/A;3;XP INVESTIMENTOS CCTVM S/A
TAEE11;55;0,17%;109.002.688;Balcão;23/07/2026;09:36:03;Novo (0);Regular (1);3;XP INVESTIMENTOS CCTVM S/A;3;XP INVESTIMENTOS CCTVM S/A
MBRF3;932;6,33%;109.002.685;Balcão;23/07/2026;09:36:03;Novo (0);Regular (1);3;XP INVESTIMENTOS CCTVM S/A;3;XP INVESTIMENTOS CCTVM S/A
IVVB11;1;0,16%;109.002.595;Balcão;23/07/2026;09:36:02;Novo (0);Regular (1);3;XP INVESTIMENTOS CCTVM S/A;3;XP INVESTIMENTOS CCTVM S/A
IVVB11;174;0,16%;109.002.596;Balcão;23/07/2026;09:36:02;Novo (0);Regular (1);3;XP INVESTIMENTOS CCTVM S/A;3;XP INVESTIMENTOS CCTVM S/A
CPFE3;171;0,08%;109.002.620;Balcão;23/07/2026;09:36:01;Novo (0);Regular (1);3;XP INVESTIMENTOS CCTVM S/A;3;XP INVESTIMENTOS CCTVM S/A
TAEE11;6.445;0,17%;109.002.628;Balcão;23/07/2026;09:36:01;Novo (0);Regular (1);3;XP INVESTIMENTOS CCTVM S/A;3;XP INVESTIMENTOS CCTVM S/A
PETR3;157;0,02%;109.002.677;Balcão;23/07/2026;09:36:01;Novo (0);Regular (1);3;XP INVESTIMENTOS CCTVM S/A;3;XP INVESTIMENTOS CCTVM S/A
CPTS11;1;0,33%;109.002.676;Balcão;23/07/2026;09:36:01;Novo (0);Regular (1);3;XP INVESTIMENTOS CCTVM S/A;3;XP INVESTIMENTOS CCTVM S/A
CMIN3;2.421;42,73%;109.002.675;Balcão;23/07/2026;09:36:01;Novo (0);Regular (1);3;XP INVESTIMENTOS CCTVM S/A;3;XP INVESTIMENTOS CCTVM S/A
HGCR11;2;0,21%;109.002.670;Balcão;23/07/2026;09:36:01;Novo (0);Regular (1);3;XP INVESTIMENTOS CCTVM S/A;3;XP INVESTIMENTOS CCTVM S/A
LVBI11;126;1,88%;109.002.672;Balcão;23/07/2026;09:36:01;Novo (0);Regular (1);3;XP INVESTIMENTOS CCTVM S/A;3;XP INVESTIMENTOS CCTVM S/A
LREN3;33;0,05%;109.002.674;Balcão;23/07/2026;09:36:01;Novo (0);Regular (1);3;XP INVESTIMENTOS CCTVM S/A;3;XP INVESTIMENTOS CCTVM S/A
BRAV3;1.000;12,76%;109.002.673;Balcão;23/07/2026;09:36:01;Novo (0);Regular (1);3;XP INVESTIMENTOS CCTVM S/A;3;XP INVESTIMENTOS CCTVM S/A
ITUB3;18;1,16%;109.002.671;Balcão;23/07/2026;09:36:01;Novo (0);Regular (1);3;XP INVESTIMENTOS CCTVM S/A;3;XP INVESTIMENTOS CCTVM S/A
MBRF3;1.138;6,33%;109.002.666;Balcão;23/07/2026;09:36:01;Novo (0);Regular (1);3;XP INVESTIMENTOS CCTVM S/A;3;XP INVESTIMENTOS CCTVM S/A
HBSA3;630;6,25%;109.002.669;Balcão;23/07/2026;09:36:01;Novo (0);Regular (1);3;XP INVESTIMENTOS CCTVM S/A;3;XP INVESTIMENTOS CCTVM S/A
CMIN3;3.300;42,73%;109.002.667;Balcão;23/07/2026;09:36:01;Novo (0);Regular (1);3;XP INVESTIMENTOS CCTVM S/A;3;XP INVESTIMENTOS CCTVM S/A
ITUB3;9;1,16%;109.002.664;Balcão;23/07/2026;09:36:01;Novo (0);Regular (1);3;XP INVESTIMENTOS CCTVM S/A;3;XP INVESTIMENTOS CCTVM S/A
ABEV3;25;2,88%;109.002.663;Balcão;23/07/2026;09:36:00;Novo (0);Regular (1);3;XP INVESTIMENTOS CCTVM S/A;3;XP INVESTIMENTOS CCTVM S/A
CXSE3;109;0,09%;109.002.665;Balcão;23/07/2026;09:36:00;Novo (0);Regular (1);3;XP INVESTIMENTOS CCTVM S/A;3;XP INVESTIMENTOS CCTVM S/A
CYRE4;37;0,10%;109.002.662;Balcão;23/07/2026;09:36:00;Novo (0);Regular (1);3;XP INVESTIMENTOS CCTVM S/A;3;XP INVESTIMENTOS CCTVM S/A
MXRF11;36;0,11%;109.002.657;Balcão;23/07/2026;09:36:00;Novo (0);Regular (1);3;XP INVESTIMENTOS CCTVM S/A;3;XP INVESTIMENTOS CCTVM S/A
MBRF3;6.400;6,33%;109.002.658;Balcão;23/07/2026;09:36:00;Novo (0);Regular (1);3;XP INVESTIMENTOS CCTVM S/A;3;XP INVESTIMENTOS CCTVM S/A
HSML11;2;0,64%;109.002.651;Balcão;23/07/2026;09:36:00;Novo (0);Regular (1);3;XP INVESTIMENTOS CCTVM S/A;3;XP INVESTIMENTOS CCTVM S/A
CXSE3;10;0,09%;109.002.649;Balcão;23/07/2026;09:36:00;Novo (0);Regular (1);3;XP INVESTIMENTOS CCTVM S/A;3;XP INVESTIMENTOS CCTVM S/A
BBSE3;29;0,88%;109.002.650;Balcão;23/07/2026;09:36:00;Novo (0);Regular (1);3;XP INVESTIMENTOS CCTVM S/A;3;XP INVESTIMENTOS CCTVM S/A
CMIN3;1.996;42,73%;109.002.644;Balcão;23/07/2026;09:36:00;Novo (0);Regular (1);3;XP INVESTIMENTOS CCTVM S/A;3;XP INVESTIMENTOS CCTVM S/A
RADL3;2;0,10%;109.002.648;Balcão;23/07/2026;09:36:00;Novo (0);Regular (1);3;XP INVESTIMENTOS CCTVM S/A;3;XP INVESTIMENTOS CCTVM S/A
MXRF11;33;0,11%;109.002.647;Balcão;23/07/2026;09:36:00;Novo (0);Regular (1);3;XP INVESTIMENTOS CCTVM S/A;3;XP INVESTIMENTOS CCTVM S/A
CXSE3;109;0,09%;109.002.634;Balcão;23/07/2026;09:35:59;Novo (0);Regular (1);3;XP INVESTIMENTOS CCTVM S/A;3;XP INVESTIMENTOS CCTVM S/A
CMIN3;2;42,73%;109.002.630;Balcão;23/07/2026;09:35:59;Novo (0);Regular (1);3;XP INVESTIMENTOS CCTVM S/A;3;XP INVESTIMENTOS CCTVM S/A
CBAV3;115;0,08%;109.002.633;Balcão;23/07/2026;09:35:59;Novo (0);Regular (1);3;XP INVESTIMENTOS CCTVM S/A;3;XP INVESTIMENTOS CCTVM S/A
CMIN3;979;42,73%;109.002.627;Balcão;23/07/2026;09:35:59;Novo (0);Regular (1);3;XP INVESTIMENTOS CCTVM S/A;3;XP INVESTIMENTOS CCTVM S/A
ASAI3;9.391;18,34%;109.002.494;Balcão;23/07/2026;09:35:59;Novo (0);Regular (1);3;XP INVESTIMENTOS CCTVM S/A;3;XP INVESTIMENTOS CCTVM S/A
CXSE3;109;0,09%;109.002.621;Balcão;23/07/2026;09:35:58;Novo (0);Regular (1);3;XP INVESTIMENTOS CCTVM S/A;3;XP INVESTIMENTOS CCTVM S/A
GGRC11;2;1,49%;109.002.618;Balcão;23/07/2026;09:35:58;Novo (0);Regular (1);3;XP INVESTIMENTOS CCTVM S/A;3;XP INVESTIMENTOS CCTVM S/A
LWSA3;11.400;0,11%;109.002.617;Balcão;23/07/2026;09:35:58;Novo (0);Regular (1);3;XP INVESTIMENTOS CCTVM S/A;3;XP INVESTIMENTOS CCTVM S/A
VALE3;3;0,20%;109.002.614;Balcão;23/07/2026;09:35:58;Novo (0);Regular (1);3;XP INVESTIMENTOS CCTVM S/A;3;XP INVESTIMENTOS CCTVM S/A
CMIN3;157;42,73%;109.002.619;Balcão;23/07/2026;09:35:58;Novo (0);Regular (1);3;XP INVESTIMENTOS CCTVM S/A;3;XP INVESTIMENTOS CCTVM S/A
BTCI11;96;0,23%;109.002.615;Balcão;23/07/2026;09:35:58;Novo (0);Regular (1);3;XP INVESTIMENTOS CCTVM S/A;3;XP INVESTIMENTOS CCTVM S/A
PCAR3;135;17,70%;109.002.616;Balcão;23/07/2026;09:35:58;Novo (0);Regular (1);3;XP INVESTIMENTOS CCTVM S/A;3;XP INVESTIMENTOS CCTVM S/A
CACR11;2;3,05%;109.002.611;Balcão;23/07/2026;09:35:58;Novo (0);Regular (1);3;XP INVESTIMENTOS CCTVM S/A;3;XP INVESTIMENTOS CCTVM S/A
CMIN3;3;42,73%;109.002.612;Balcão;23/07/2026;09:35:58;Novo (0);Regular (1);3;XP INVESTIMENTOS CCTVM S/A;3;XP INVESTIMENTOS CCTVM S/A
HGRU11;587;0,12%;109.002.609;Balcão;23/07/2026;09:35:58;Novo (0);Regular (1);3;XP INVESTIMENTOS CCTVM S/A;3;XP INVESTIMENTOS CCTVM S/A
BBSE3;38;0,88%;109.002.610;Balcão;23/07/2026;09:35:58;Novo (0);Regular (1);3;XP INVESTIMENTOS CCTVM S/A;3;XP INVESTIMENTOS CCTVM S/A
SUZB3;1.100;0,03%;109.002.606;Balcão;23/07/2026;09:35:58;Novo (0);Regular (1);3;XP INVESTIMENTOS CCTVM S/A;3;XP INVESTIMENTOS CCTVM S/A
ITUB3;7;1,16%;109.002.607;Balcão;23/07/2026;09:35:58;Novo (0);Regular (1);3;XP INVESTIMENTOS CCTVM S/A;3;XP INVESTIMENTOS CCTVM S/A
ABEV3;304;2,88%;109.002.603;Balcão;23/07/2026;09:35:58;Novo (0);Regular (1);3;XP INVESTIMENTOS CCTVM S/A;3;XP INVESTIMENTOS CCTVM S/A
ABEV3;16;2,88%;109.002.602;Balcão;23/07/2026;09:35:58;Novo (0);Regular (1);3;XP INVESTIMENTOS CCTVM S/A;3;XP INVESTIMENTOS CCTVM S/A
RADL3;3;0,10%;109.002.608;Balcão;23/07/2026;09:35:58;Novo (0);Regular (1);3;XP INVESTIMENTOS CCTVM S/A;3;XP INVESTIMENTOS CCTVM S/A
INBR32;3;0,10%;109.002.601;Balcão;23/07/2026;09:35:58;Novo (0);Regular (1);3;XP INVESTIMENTOS CCTVM S/A;3;XP INVESTIMENTOS CCTVM S/A
ITUB4;43;0,03%;109.002.604;Balcão;23/07/2026;09:35:58;Novo (0);Regular (1);3;XP INVESTIMENTOS CCTVM S/A;3;XP INVESTIMENTOS CCTVM S/A
ABEV3;65;2,88%;109.002.605;Balcão;23/07/2026;09:35:58;Novo (0);Regular (1);3;XP INVESTIMENTOS CCTVM S/A;3;XP INVESTIMENTOS CCTVM S/A
ABEV3;82;2,88%;109.002.599;Balcão;23/07/2026;09:35:57;Novo (0);Regular (1);3;XP INVESTIMENTOS CCTVM S/A;3;XP INVESTIMENTOS CCTVM S/A
AURA33;3;0,13%;109.002.598;Balcão;23/07/2026;09:35:57;Novo (0);Regular (1);3;XP INVESTIMENTOS CCTVM S/A;3;XP INVESTIMENTOS CCTVM S/A
ABEV3;3;2,88%;109.002.600;Balcão;23/07/2026;09:35:57;Novo (0);Regular (1);3;XP INVESTIMENTOS CCTVM S/A;3;XP INVESTIMENTOS CCTVM S/A
BITH11;2;0,11%;109.002.594;Balcão;23/07/2026;09:35:57;Novo (0);Regular (1);3;XP INVESTIMENTOS CCTVM S/A;3;XP INVESTIMENTOS CCTVM S/A
CSNA3;2;0,80%;109.002.592;Balcão;23/07/2026;09:35:57;Novo (0);Regular (1);3;XP INVESTIMENTOS CCTVM S/A;3;XP INVESTIMENTOS CCTVM S/A
BOVA11;30;0,72%;109.002.593;Balcão;23/07/2026;09:35:57;Novo (0);Regular (1);3;XP INVESTIMENTOS CCTVM S/A;3;XP INVESTIMENTOS CCTVM S/A
GOLD11;156;0,05%;109.002.591;Balcão;23/07/2026;09:35:57;Novo (0);Regular (1);3;XP INVESTIMENTOS CCTVM S/A;3;XP INVESTIMENTOS CCTVM S/A
BBSE3;2;0,88%;109.002.589;Balcão;23/07/2026;09:35:57;Novo (0);Regular (1);3;XP INVESTIMENTOS CCTVM S/A;3;XP INVESTIMENTOS CCTVM S/A
ENEV3;128;0,09%;109.002.590;Balcão;23/07/2026;09:35:57;Novo (0);Regular (1);3;XP INVESTIMENTOS CCTVM S/A;3;XP INVESTIMENTOS CCTVM S/A
CMIN3;3.300;42,73%;109.002.575;Balcão;23/07/2026;09:35:57;Novo (0);Regular (1);3;XP INVESTIMENTOS CCTVM S/A;3;XP INVESTIMENTOS CCTVM S/A
GMAT3;2.134;2,34%;109.002.577;Balcão;23/07/2026;09:35:57;Novo (0);Regular (1);3;XP INVESTIMENTOS CCTVM S/A;3;XP INVESTIMENTOS CCTVM S/A
ASAI3;1.409;18,34%;109.002.578;Balcão;23/07/2026;09:35:57;Novo (0);Regular (1);3;XP INVESTIMENTOS CCTVM S/A;3;XP INVESTIMENTOS CCTVM S/A
CMIN3;112;42,73%;109.002.576;Balcão;23/07/2026;09:35:57;Novo (0);Regular (1);3;XP INVESTIMENTOS CCTVM S/A;3;XP INVESTIMENTOS CCTVM S/A
ITUB3;2;1,16%;109.002.574;Balcão;23/07/2026;09:35:57;Novo (0);Regular (1);3;XP INVESTIMENTOS CCTVM S/A;3;XP INVESTIMENTOS CCTVM S/A
ABEV3;63;2,88%;109.002.573;Balcão;23/07/2026;09:35:57;Novo (0);Regular (1);3;XP INVESTIMENTOS CCTVM S/A;3;XP INVESTIMENTOS CCTVM S/A
RAIZ4;2;9,37%;109.002.572;Balcão;23/07/2026;09:35:57;Novo (0);Regular (1);3;XP INVESTIMENTOS CCTVM S/A;3;XP INVESTIMENTOS CCTVM S/A
LREN3;37;0,05%;109.002.570;Balcão;23/07/2026;09:35:56;Novo (0);Regular (1);3;XP INVESTIMENTOS CCTVM S/A;3;XP INVESTIMENTOS CCTVM S/A
NVDC34;12;0,10%;109.002.567;Balcão;23/07/2026;09:35:56;Novo (0);Regular (1);3;XP INVESTIMENTOS CCTVM S/A;3;XP INVESTIMENTOS CCTVM S/A
CMIN3;30;42,73%;109.002.568;Balcão;23/07/2026;09:35:56;Novo (0);Regular (1);3;XP INVESTIMENTOS CCTVM S/A;3;XP INVESTIMENTOS CCTVM S/A
AURE3;1;0,04%;109.002.475;Balcão;23/07/2026;09:35:56;Novo (0);Regular (1);3;XP INVESTIMENTOS CCTVM S/A;3;XP INVESTIMENTOS CCTVM S/A
GGBR4;1.000;0,02%;109.002.543;Balcão;23/07/2026;09:35:56;Novo (0);Regular (1);3;XP INVESTIMENTOS CCTVM S/A;3;XP INVESTIMENTOS CCTVM S/A
ASAI3;6.191;18,34%;109.002.540;Balcão;23/07/2026;09:35:56;Novo (0);Regular (1);3;XP INVESTIMENTOS CCTVM S/A;3;XP INVESTIMENTOS CCTVM S/A
VALE3;1.000;0,20%;109.002.542;Balcão;23/07/2026;09:35:56;Novo (0);Regular (1);3;XP INVESTIMENTOS CCTVM S/A;3;XP INVESTIMENTOS CCTVM S/A
SBSP3;38;0,07%;109.002.539;Balcão;23/07/2026;09:35:56;Novo (0);Regular (1);3;XP INVESTIMENTOS CCTVM S/A;3;XP INVESTIMENTOS CCTVM S/A
CMIN3;402;42,73%;109.002.538;Balcão;23/07/2026;09:35:55;Novo (0);Regular (1);3;XP INVESTIMENTOS CCTVM S/A;3;XP INVESTIMENTOS CCTVM S/A
ISAE4;7.567;0,43%;109.002.536;Balcão;23/07/2026;09:35:55;Novo (0);Regular (1);3;XP INVESTIMENTOS CCTVM S/A;3;XP INVESTIMENTOS CCTVM S/A
ABEV3;54;2,88%;109.002.537;Balcão;23/07/2026;09:35:55;Novo (0);Regular (1);3;XP INVESTIMENTOS CCTVM S/A;3;XP INVESTIMENTOS CCTVM S/A
BBSE3;2;0,88%;109.002.535;Balcão;23/07/2026;09:35:55;Novo (0);Regular (1);3;XP INVESTIMENTOS CCTVM S/A;3;XP INVESTIMENTOS CCTVM S/A
SBSP3;44;0,07%;109.002.534;Balcão;23/07/2026;09:35:55;Novo (0);Regular (1);3;XP INVESTIMENTOS CCTVM S/A;3;XP INVESTIMENTOS CCTVM S/A
CURY3;170;1,21%;109.002.533;Balcão;23/07/2026;09:35:55;Novo (0);Regular (1);3;XP INVESTIMENTOS CCTVM S/A;3;XP INVESTIMENTOS CCTVM S/A
CXSE3;3;0,09%;109.002.532;Balcão;23/07/2026;09:35:55;Novo (0);Regular (1);3;XP INVESTIMENTOS CCTVM S/A;3;XP INVESTIMENTOS CCTVM S/A
VGIP11;2;0,15%;109.002.531;Balcão;23/07/2026;09:35:55;Novo (0);Regular (1);3;XP INVESTIMENTOS CCTVM S/A;3;XP INVESTIMENTOS CCTVM S/A
MBRF3;1.000;6,33%;109.002.529;Balcão;23/07/2026;09:35:55;Novo (0);Regular (1);3;XP INVESTIMENTOS CCTVM S/A;3;XP INVESTIMENTOS CCTVM S/A
CMIN3;155;42,73%;109.002.530;Balcão;23/07/2026;09:35:55;Novo (0);Regular (1);3;XP INVESTIMENTOS CCTVM S/A;3;XP INVESTIMENTOS CCTVM S/A
BPAC11;1.100;0,01%;109.002.528;Balcão;23/07/2026;09:35:55;Novo (0);Regular (1);3;XP INVESTIMENTOS CCTVM S/A;3;XP INVESTIMENTOS CCTVM S/A
ABEV3;68;2,88%;109.002.527;Balcão;23/07/2026;09:35:55;Novo (0);Regular (1);3;XP INVESTIMENTOS CCTVM S/A;3;XP INVESTIMENTOS CCTVM S/A
UNIP6;80;0,02%;109.002.525;Balcão;23/07/2026;09:35:55;Novo (0);Regular (1);3;XP INVESTIMENTOS CCTVM S/A;3;XP INVESTIMENTOS CCTVM S/A
KNCR11;3;0,15%;109.002.526;Balcão;23/07/2026;09:35:55;Novo (0);Regular (1);3;XP INVESTIMENTOS CCTVM S/A;3;XP INVESTIMENTOS CCTVM S/A
RECV3;44;1,89%;109.002.524;Balcão;23/07/2026;09:35:55;Novo (0);Regular (1);3;XP INVESTIMENTOS CCTVM S/A;3;XP INVESTIMENTOS CCTVM S/A
CMIN3;598;42,73%;109.002.518;Balcão;23/07/2026;09:35:55;Novo (0);Regular (1);3;XP INVESTIMENTOS CCTVM S/A;3;XP INVESTIMENTOS CCTVM S/A
ITUB3;3;1,16%;109.002.522;Balcão;23/07/2026;09:35:55;Novo (0);Regular (1);3;XP INVESTIMENTOS CCTVM S/A;3;XP INVESTIMENTOS CCTVM S/A
BTLG11;40;0,11%;109.002.521;Balcão;23/07/2026;09:35:55;Novo (0);Regular (1);3;XP INVESTIMENTOS CCTVM S/A;3;XP INVESTIMENTOS CCTVM S/A
RCRB11;1.064;13,00%;109.002.516;Balcão;23/07/2026;09:35:55;Novo (0);Regular (1);3;XP INVESTIMENTOS CCTVM S/A;3;XP INVESTIMENTOS CCTVM S/A
HAPV3;15;0,24%;109.002.523;Balcão;23/07/2026;09:35:55;Novo (0);Regular (1);3;XP INVESTIMENTOS CCTVM S/A;3;XP INVESTIMENTOS CCTVM S/A
ABEV3;41;2,88%;109.002.517;Balcão;23/07/2026;09:35:54;Novo (0);Regular (1);3;XP INVESTIMENTOS CCTVM S/A;3;XP INVESTIMENTOS CCTVM S/A
RADL3;35;0,10%;109.002.519;Balcão;23/07/2026;09:35:54;Novo (0);Regular (1);3;XP INVESTIMENTOS CCTVM S/A;3;XP INVESTIMENTOS CCTVM S/A
PRIO3;1.000;0,02%;109.002.520;Balcão;23/07/2026;09:35:54;Novo (0);Regular (1);3;XP INVESTIMENTOS CCTVM S/A;3;XP INVESTIMENTOS CCTVM S/A
TUPY3;9.100;0,11%;109.002.514;Balcão;23/07/2026;09:35:53;Novo (0);Regular (1);3;XP INVESTIMENTOS CCTVM S/A;3;XP INVESTIMENTOS CCTVM S/A
UNIP6;10.120;0,02%;109.002.511;Balcão;23/07/2026;09:35:53;Novo (0);Regular (1);3;XP INVESTIMENTOS CCTVM S/A;3;XP INVESTIMENTOS CCTVM S/A
CXSE3;109;0,09%;109.002.513;Balcão;23/07/2026;09:35:53;Novo (0);Regular (1);3;XP INVESTIMENTOS CCTVM S/A;3;XP INVESTIMENTOS CCTVM S/A
ITUB4;39;0,03%;109.002.508;Balcão;23/07/2026;09:35:53;Novo (0);Regular (1);3;XP INVESTIMENTOS CCTVM S/A;3;XP INVESTIMENTOS CCTVM S/A
SBSP3;1.000;0,07%;109.002.506;Balcão;23/07/2026;09:35:53;Novo (0);Regular (1);3;XP INVESTIMENTOS CCTVM S/A;3;XP INVESTIMENTOS CCTVM S/A
BTCI11;10.846;0,23%;109.002.509;Balcão;23/07/2026;09:35:53;Novo (0);Regular (1);3;XP INVESTIMENTOS CCTVM S/A;3;XP INVESTIMENTOS CCTVM S/A
ABEV3;375;2,88%;109.002.510;Balcão;23/07/2026;09:35:52;Novo (0);Regular (1);3;XP INVESTIMENTOS CCTVM S/A;3;XP INVESTIMENTOS CCTVM S/A
PETR4;500;0,08%;109.002.512;Balcão;23/07/2026;09:35:52;Novo (0);Regular (1);3;XP INVESTIMENTOS CCTVM S/A;3;XP INVESTIMENTOS CCTVM S/A
TECK11;40;0,30%;109.002.505;Balcão;23/07/2026;09:35:52;Novo (0);Regular (1);3;XP INVESTIMENTOS CCTVM S/A;3;XP INVESTIMENTOS CCTVM S/A
MXRF11;2;0,11%;109.002.504;Balcão;23/07/2026;09:35:52;Novo (0);Regular (1);3;XP INVESTIMENTOS CCTVM S/A;3;XP INVESTIMENTOS CCTVM S/A
VALE3;1.200;0,20%;109.002.397;Balcão;23/07/2026;09:35:52;Novo (0);Regular (1);3;XP INVESTIMENTOS CCTVM S/A;3;XP INVESTIMENTOS CCTVM S/A
ABEV3;10;2,88%;109.002.501;Balcão;23/07/2026;09:35:52;Novo (0);Regular (1);3;XP INVESTIMENTOS CCTVM S/A;3;XP INVESTIMENTOS CCTVM S/A
TUPY3;2.700;0,11%;109.002.503;Balcão;23/07/2026;09:35:52;Novo (0);Regular (1);3;XP INVESTIMENTOS CCTVM S/A;3;XP INVESTIMENTOS CCTVM S/A
ITUB3;35;1,16%;109.002.507;Balcão;23/07/2026;09:35:52;Novo (0);Regular (1);3;XP INVESTIMENTOS CCTVM S/A;3;XP INVESTIMENTOS CCTVM S/A
ABEV3;88;2,88%;109.002.489;Balcão;23/07/2026;09:35:52;Novo (0);Regular (1);3;XP INVESTIMENTOS CCTVM S/A;3;XP INVESTIMENTOS CCTVM S/A
AMER3;46;19,82%;109.002.487;Balcão;23/07/2026;09:35:52;Novo (0);Regular (1);3;XP INVESTIMENTOS CCTVM S/A;3;XP INVESTIMENTOS CCTVM S/A
XPML11;3;0,46%;109.002.486;Balcão;23/07/2026;09:35:52;Novo (0);Regular (1);3;XP INVESTIMENTOS CCTVM S/A;3;XP INVESTIMENTOS CCTVM S/A
CMIN3;43;42,73%;109.002.490;Balcão;23/07/2026;09:35:52;Novo (0);Regular (1);3;XP INVESTIMENTOS CCTVM S/A;3;XP INVESTIMENTOS CCTVM S/A
CXSE3;69;0,09%;109.002.483;Balcão;23/07/2026;09:35:52;Novo (0);Regular (1);3;XP INVESTIMENTOS CCTVM S/A;3;XP INVESTIMENTOS CCTVM S/A
ITUB4;43;0,03%;109.002.484;Balcão;23/07/2026;09:35:52;Novo (0);Regular (1);3;XP INVESTIMENTOS CCTVM S/A;3;XP INVESTIMENTOS CCTVM S/A
PCAR3;6;17,70%;109.002.491;Balcão;23/07/2026;09:35:52;Novo (0);Regular (1);3;XP INVESTIMENTOS CCTVM S/A;3;XP INVESTIMENTOS CCTVM S/A
CXSE3;55;0,09%;109.002.481;Balcão;23/07/2026;09:35:51;Novo (0);Regular (1);3;XP INVESTIMENTOS CCTVM S/A;3;XP INVESTIMENTOS CCTVM S/A
GOAU4;3;0,04%;109.002.497;Balcão;23/07/2026;09:35:51;Novo (0);Regular (1);3;XP INVESTIMENTOS CCTVM S/A;3;XP INVESTIMENTOS CCTVM S/A
GOLX11;55;0,25%;109.002.482;Balcão;23/07/2026;09:35:51;Novo (0);Regular (1);3;XP INVESTIMENTOS CCTVM S/A;3;XP INVESTIMENTOS CCTVM S/A
HSLG11;180;5,00%;109.002.496;Balcão;23/07/2026;09:35:51;Novo (0);Regular (1);3;XP INVESTIMENTOS CCTVM S/A;3;XP INVESTIMENTOS CCTVM S/A
KFOF11;2;10,00%;109.002.478;Balcão;23/07/2026;09:35:51;Novo (0);Regular (1);3;XP INVESTIMENTOS CCTVM S/A;3;XP INVESTIMENTOS CCTVM S/A
POSI3;2;0,22%;109.002.499;Balcão;23/07/2026;09:35:51;Novo (0);Regular (1);3;XP INVESTIMENTOS CCTVM S/A;3;XP INVESTIMENTOS CCTVM S/A
ALOS3;176;0,06%;109.002.502;Balcão;23/07/2026;09:35:51;Novo (0);Regular (1);3;XP INVESTIMENTOS CCTVM S/A;3;XP INVESTIMENTOS CCTVM S/A
SANB11;3;6,43%;109.002.495;Balcão;23/07/2026;09:35:51;Novo (0);Regular (1);3;XP INVESTIMENTOS CCTVM S/A;3;XP INVESTIMENTOS CCTVM S/A
CPLE3;3;0,03%;109.002.477;Balcão;23/07/2026;09:35:51;Novo (0);Regular (1);3;XP INVESTIMENTOS CCTVM S/A;3;XP INVESTIMENTOS CCTVM S/A
BBAS3;1.040;0,02%;109.002.492;Balcão;23/07/2026;09:35:51;Novo (0);Regular (1);3;XP INVESTIMENTOS CCTVM S/A;3;XP INVESTIMENTOS CCTVM S/A
ABEV3;40;2,88%;109.002.488;Balcão;23/07/2026;09:35:51;Novo (0);Regular (1);3;XP INVESTIMENTOS CCTVM S/A;3;XP INVESTIMENTOS CCTVM S/A
RADL3;2;0,10%;109.002.479;Balcão;23/07/2026;09:35:51;Novo (0);Regular (1);3;XP INVESTIMENTOS CCTVM S/A;3;XP INVESTIMENTOS CCTVM S/A
NVDC34;2;0,10%;109.002.498;Balcão;23/07/2026;09:35:51;Novo (0);Regular (1);3;XP INVESTIMENTOS CCTVM S/A;3;XP INVESTIMENTOS CCTVM S/A
IVVB11;1;0,16%;109.002.480;Balcão;23/07/2026;09:35:51;Novo (0);Regular (1);3;XP INVESTIMENTOS CCTVM S/A;3;XP INVESTIMENTOS CCTVM S/A
ABEV3;77;2,88%;109.002.476;Balcão;23/07/2026;09:35:51;Novo (0);Regular (1);3;XP INVESTIMENTOS CCTVM S/A;3;XP INVESTIMENTOS CCTVM S/A
CMIN3;3;42,73%;109.002.500;Balcão;23/07/2026;09:35:51;Novo (0);Regular (1);3;XP INVESTIMENTOS CCTVM S/A;3;XP INVESTIMENTOS CCTVM S/A
ENEV3;45;0,09%;109.002.474;Balcão;23/07/2026;09:35:51;Novo (0);Regular (1);3;XP INVESTIMENTOS CCTVM S/A;3;XP INVESTIMENTOS CCTVM S/A
BBSE3;46;0,88%;109.002.485;Balcão;23/07/2026;09:35:51;Novo (0);Regular (1);3;XP INVESTIMENTOS CCTVM S/A;3;XP INVESTIMENTOS CCTVM S/A
UGPA3;40;0,11%;109.002.493;Balcão;23/07/2026;09:35:51;Novo (0);Regular (1);3;XP INVESTIMENTOS CCTVM S/A;3;XP INVESTIMENTOS CCTVM S/A
IVVB11;176;0,16%;109.002.471;Balcão;23/07/2026;09:35:50;Novo (0);Regular (1);3;XP INVESTIMENTOS CCTVM S/A;3;XP INVESTIMENTOS CCTVM S/A
HAPV3;1.012;0,24%;109.002.472;Balcão;23/07/2026;09:35:50;Novo (0);Regular (1);3;XP INVESTIMENTOS CCTVM S/A;3;XP INVESTIMENTOS CCTVM S/A
ABEV3;66;2,88%;109.002.470;Balcão;23/07/2026;09:35:50;Novo (0);Regular (1);3;XP INVESTIMENTOS CCTVM S/A;3;XP INVESTIMENTOS CCTVM S/A
CMIN3;2.321;42,73%;109.002.473;Balcão;23/07/2026;09:35:50;Novo (0);Regular (1);3;XP INVESTIMENTOS CCTVM S/A;3;XP INVESTIMENTOS CCTVM S/A
ABEV3;91;2,88%;109.002.466;Balcão;23/07/2026;09:35:50;Novo (0);Regular (1);3;XP INVESTIMENTOS CCTVM S/A;3;XP INVESTIMENTOS CCTVM S/A
A1PO34;2;1,00%;109.002.467;Balcão;23/07/2026;09:35:50;Novo (0);Regular (1);3;XP INVESTIMENTOS CCTVM S/A;3;XP INVESTIMENTOS CCTVM S/A
CPLE3;1.100;0,03%;109.002.463;Balcão;23/07/2026;09:35:50;Novo (0);Regular (1);3;XP INVESTIMENTOS CCTVM S/A;3;XP INVESTIMENTOS CCTVM S/A
VALE3;45;0,20%;109.002.465;Balcão;23/07/2026;09:35:50;Novo (0);Regular (1);3;XP INVESTIMENTOS CCTVM S/A;3;XP INVESTIMENTOS CCTVM S/A
ABEV3;72;2,88%;109.002.469;Balcão;23/07/2026;09:35:50;Novo (0);Regular (1);3;XP INVESTIMENTOS CCTVM S/A;3;XP INVESTIMENTOS CCTVM S/A
CMIN3;2;42,73%;109.002.461;Balcão;23/07/2026;09:35:50;Novo (0);Regular (1);3;XP INVESTIMENTOS CCTVM S/A;3;XP INVESTIMENTOS CCTVM S/A
XPML11;40;0,46%;109.002.468;Balcão;23/07/2026;09:35:50;Novo (0);Regular (1);3;XP INVESTIMENTOS CCTVM S/A;3;XP INVESTIMENTOS CCTVM S/A
TUPY3;3;0,11%;109.002.460;Balcão;23/07/2026;09:35:50;Novo (0);Regular (1);3;XP INVESTIMENTOS CCTVM S/A;3;XP INVESTIMENTOS CCTVM S/A
ASAI3;809;18,34%;109.002.464;Balcão;23/07/2026;09:35:49;Novo (0);Regular (1);3;XP INVESTIMENTOS CCTVM S/A;3;XP INVESTIMENTOS CCTVM S/A
ENEV3;39;0,09%;109.002.462;Balcão;23/07/2026;09:35:49;Novo (0);Regular (1);3;XP INVESTIMENTOS CCTVM S/A;3;XP INVESTIMENTOS CCTVM S/A
A1MD34;1;0,04%;109.002.459;Balcão;23/07/2026;09:35:49;Novo (0);Regular (1);3;XP INVESTIMENTOS CCTVM S/A;3;XP INVESTIMENTOS CCTVM S/A
ABEV3;5;2,88%;109.002.458;Balcão;23/07/2026;09:35:49;Novo (0);Regular (1);3;XP INVESTIMENTOS CCTVM S/A;3;XP INVESTIMENTOS CCTVM S/A
CMIN3;3.300;42,73%;109.002.456;Balcão;23/07/2026;09:35:49;Novo (0);Regular (1);3;XP INVESTIMENTOS CCTVM S/A;3;XP INVESTIMENTOS CCTVM S/A
VGIA11;180;0,15%;109.002.457;Balcão;23/07/2026;09:35:49;Novo (0);Regular (1);3;XP INVESTIMENTOS CCTVM S/A;3;XP INVESTIMENTOS CCTVM S/A
GOLX11;34;0,25%;109.002.455;Balcão;23/07/2026;09:35:49;Novo (0);Regular (1);3;XP INVESTIMENTOS CCTVM S/A;3;XP INVESTIMENTOS CCTVM S/A
PCAR3;38;17,70%;109.002.452;Balcão;23/07/2026;09:35:49;Novo (0);Regular (1);3;XP INVESTIMENTOS CCTVM S/A;3;XP INVESTIMENTOS CCTVM S/A
ABEV3;2;2,88%;109.002.453;Balcão;23/07/2026;09:35:49;Novo (0);Regular (1);3;XP INVESTIMENTOS CCTVM S/A;3;XP INVESTIMENTOS CCTVM S/A
CEAB3;7.585;0,12%;109.002.438;Balcão;23/07/2026;09:35:47;Novo (0);Regular (1);85;BTG PACTUAL CTVM S/A;85;BTG PACTUAL CTVM S/A
WEGE3;40;0,03%;109.002.451;Balcão;23/07/2026;09:35:47;Novo (0);Regular (1);3;XP INVESTIMENTOS CCTVM S/A;3;XP INVESTIMENTOS CCTVM S/A
BBAS3;1.187;0,02%;109.002.454;Balcão;23/07/2026;09:35:47;Novo (0);Regular (1);3;XP INVESTIMENTOS CCTVM S/A;3;XP INVESTIMENTOS CCTVM S/A
GOLX11;88;0,25%;109.002.448;Balcão;23/07/2026;09:35:47;Novo (0);Regular (1);3;XP INVESTIMENTOS CCTVM S/A;3;XP INVESTIMENTOS CCTVM S/A
ABEV3;90;2,88%;109.002.450;Balcão;23/07/2026;09:35:47;Novo (0);Regular (1);3;XP INVESTIMENTOS CCTVM S/A;3;XP INVESTIMENTOS CCTVM S/A
MGLU3;8;14,36%;109.002.444;Balcão;23/07/2026;09:35:47;Novo (0);Regular (1);3;XP INVESTIMENTOS CCTVM S/A;3;XP INVESTIMENTOS CCTVM S/A
RECV3;173;1,89%;109.002.449;Balcão;23/07/2026;09:35:47;Novo (0);Regular (1);3;XP INVESTIMENTOS CCTVM S/A;3;XP INVESTIMENTOS CCTVM S/A
ABEV3;13;2,88%;109.002.447;Balcão;23/07/2026;09:35:47;Novo (0);Regular (1);3;XP INVESTIMENTOS CCTVM S/A;3;XP INVESTIMENTOS CCTVM S/A
A1MD34;1;0,04%;109.002.446;Balcão;23/07/2026;09:35:47;Novo (0);Regular (1);3;XP INVESTIMENTOS CCTVM S/A;3;XP INVESTIMENTOS CCTVM S/A
ISAE4;3.233;0,43%;109.002.440;Balcão;23/07/2026;09:35:47;Novo (0);Regular (1);3;XP INVESTIMENTOS CCTVM S/A;3;XP INVESTIMENTOS CCTVM S/A
RAPT4;1.100;0,10%;109.002.443;Balcão;23/07/2026;09:35:46;Novo (0);Regular (1);3;XP INVESTIMENTOS CCTVM S/A;3;XP INVESTIMENTOS CCTVM S/A
ABEV3;93;2,88%;109.002.445;Balcão;23/07/2026;09:35:46;Novo (0);Regular (1);3;XP INVESTIMENTOS CCTVM S/A;3;XP INVESTIMENTOS CCTVM S/A
SMTO3;381;4,47%;109.002.442;Balcão;23/07/2026;09:35:46;Novo (0);Regular (1);3;XP INVESTIMENTOS CCTVM S/A;3;XP INVESTIMENTOS CCTVM S/A
BBAS3;3;0,02%;109.002.441;Balcão;23/07/2026;09:35:46;Novo (0);Regular (1);3;XP INVESTIMENTOS CCTVM S/A;3;XP INVESTIMENTOS CCTVM S/A
CMIN3;2;42,73%;109.002.439;Balcão;23/07/2026;09:35:46;Novo (0);Regular (1);3;XP INVESTIMENTOS CCTVM S/A;3;XP INVESTIMENTOS CCTVM S/A
ITUB3;3;1,16%;109.002.437;Balcão;23/07/2026;09:35:46;Novo (0);Regular (1);3;XP INVESTIMENTOS CCTVM S/A;3;XP INVESTIMENTOS CCTVM S/A
GGBR4;3;0,02%;109.002.436;Balcão;23/07/2026;09:35:46;Novo (0);Regular (1);3;XP INVESTIMENTOS CCTVM S/A;3;XP INVESTIMENTOS CCTVM S/A
CMIG4;184;0,05%;109.002.434;Balcão;23/07/2026;09:35:46;Novo (0);Regular (1);3;XP INVESTIMENTOS CCTVM S/A;3;XP INVESTIMENTOS CCTVM S/A
A1MD34;1;0,04%;109.002.432;Balcão;23/07/2026;09:35:46;Novo (0);Regular (1);3;XP INVESTIMENTOS CCTVM S/A;3;XP INVESTIMENTOS CCTVM S/A
PORD11;170;3,02%;109.002.429;Balcão;23/07/2026;09:35:46;Novo (0);Regular (1);3;XP INVESTIMENTOS CCTVM S/A;3;XP INVESTIMENTOS CCTVM S/A
KNRI11;2;0,10%;109.002.433;Balcão;23/07/2026;09:35:46;Novo (0);Regular (1);3;XP INVESTIMENTOS CCTVM S/A;3;XP INVESTIMENTOS CCTVM S/A
SAUD3;3;0,29%;109.002.430;Balcão;23/07/2026;09:35:46;Novo (0);Regular (1);3;XP INVESTIMENTOS CCTVM S/A;3;XP INVESTIMENTOS CCTVM S/A
RCRB11;5;13,00%;109.002.431;Balcão;23/07/2026;09:35:46;Novo (0);Regular (1);3;XP INVESTIMENTOS CCTVM S/A;3;XP INVESTIMENTOS CCTVM S/A
ABEV3;374;2,88%;109.002.426;Balcão;23/07/2026;09:35:46;Novo (0);Regular (1);3;XP INVESTIMENTOS CCTVM S/A;3;XP INVESTIMENTOS CCTVM S/A
POMO4;47;0,02%;109.002.420;Balcão;23/07/2026;09:35:46;Novo (0);Regular (1);3;XP INVESTIMENTOS CCTVM S/A;3;XP INVESTIMENTOS CCTVM S/A
VALE3;44;0,20%;109.002.428;Balcão;23/07/2026;09:35:46;Novo (0);Regular (1);3;XP INVESTIMENTOS CCTVM S/A;3;XP INVESTIMENTOS CCTVM S/A
BBSE3;45;0,88%;109.002.427;Balcão;23/07/2026;09:35:46;Novo (0);Regular (1);3;XP INVESTIMENTOS CCTVM S/A;3;XP INVESTIMENTOS CCTVM S/A
VISC11;2;0,47%;109.002.425;Balcão;23/07/2026;09:35:46;Novo (0);Regular (1);3;XP INVESTIMENTOS CCTVM S/A;3;XP INVESTIMENTOS CCTVM S/A
ALOS3;1.200;0,06%;109.002.418;Balcão;23/07/2026;09:35:45;Novo (0);Regular (1);3;XP INVESTIMENTOS CCTVM S/A;3;XP INVESTIMENTOS CCTVM S/A
BBAS3;3;0,02%;109.002.421;Balcão;23/07/2026;09:35:45;Novo (0);Regular (1);3;XP INVESTIMENTOS CCTVM S/A;3;XP INVESTIMENTOS CCTVM S/A
BBSE3;49;0,88%;109.002.380;Balcão;23/07/2026;09:35:45;Novo (0);Regular (1);3;XP INVESTIMENTOS CCTVM S/A;3;XP INVESTIMENTOS CCTVM S/A
CPTS11;1.141;0,33%;109.002.423;Balcão;23/07/2026;09:35:45;Novo (0);Regular (1);3;XP INVESTIMENTOS CCTVM S/A;3;XP INVESTIMENTOS CCTVM S/A
CSMG3;45;0,57%;109.002.419;Balcão;23/07/2026;09:35:45;Novo (0);Regular (1);3;XP INVESTIMENTOS CCTVM S/A;3;XP INVESTIMENTOS CCTVM S/A
CMIN3;41;42,73%;109.002.422;Balcão;23/07/2026;09:35:45;Novo (0);Regular (1);3;XP INVESTIMENTOS CCTVM S/A;3;XP INVESTIMENTOS CCTVM S/A
PETR3;41;0,02%;109.002.424;Balcão;23/07/2026;09:35:45;Novo (0);Regular (1);3;XP INVESTIMENTOS CCTVM S/A;3;XP INVESTIMENTOS CCTVM S/A
VBBR3;185;0,07%;109.002.416;Balcão;23/07/2026;09:35:45;Novo (0);Regular (1);3;XP INVESTIMENTOS CCTVM S/A;3;XP INVESTIMENTOS CCTVM S/A
LWSA3;800;0,11%;109.002.417;Balcão;23/07/2026;09:35:45;Novo (0);Regular (1);3;XP INVESTIMENTOS CCTVM S/A;3;XP INVESTIMENTOS CCTVM S/A
ABEV3;12;2,88%;109.002.415;Balcão;23/07/2026;09:35:45;Novo (0);Regular (1);3;XP INVESTIMENTOS CCTVM S/A;3;XP INVESTIMENTOS CCTVM S/A
NATU3;3;210,44%;109.002.414;Balcão;23/07/2026;09:35:44;Novo (0);Regular (1);3;XP INVESTIMENTOS CCTVM S/A;3;XP INVESTIMENTOS CCTVM S/A
CXSE3;109;0,09%;109.002.408;Balcão;23/07/2026;09:35:44;Novo (0);Regular (1);3;XP INVESTIMENTOS CCTVM S/A;3;XP INVESTIMENTOS CCTVM S/A
MRVE3;3;0,15%;109.002.413;Balcão;23/07/2026;09:35:44;Novo (0);Regular (1);3;XP INVESTIMENTOS CCTVM S/A;3;XP INVESTIMENTOS CCTVM S/A
CMIN3;3;42,73%;109.002.412;Balcão;23/07/2026;09:35:44;Novo (0);Regular (1);3;XP INVESTIMENTOS CCTVM S/A;3;XP INVESTIMENTOS CCTVM S/A
ITSA4;185;0,01%;109.002.410;Balcão;23/07/2026;09:35:44;Novo (0);Regular (1);3;XP INVESTIMENTOS CCTVM S/A;3;XP INVESTIMENTOS CCTVM S/A
BBSE3;50;0,88%;109.002.409;Balcão;23/07/2026;09:35:44;Novo (0);Regular (1);3;XP INVESTIMENTOS CCTVM S/A;3;XP INVESTIMENTOS CCTVM S/A
RENT3;191;0,30%;109.002.407;Balcão;23/07/2026;09:35:44;Novo (0);Regular (1);3;XP INVESTIMENTOS CCTVM S/A;3;XP INVESTIMENTOS CCTVM S/A
PETR3;89;0,02%;109.002.411;Balcão;23/07/2026;09:35:44;Novo (0);Regular (1);3;XP INVESTIMENTOS CCTVM S/A;3;XP INVESTIMENTOS CCTVM S/A
TAEE11;50;0,17%;109.002.403;Balcão;23/07/2026;09:35:44;Novo (0);Regular (1);3;XP INVESTIMENTOS CCTVM S/A;3;XP INVESTIMENTOS CCTVM S/A
MELI34;188;0,10%;109.002.400;Balcão;23/07/2026;09:35:44;Novo (0);Regular (1);3;XP INVESTIMENTOS CCTVM S/A;3;XP INVESTIMENTOS CCTVM S/A
ABEV3;3;2,88%;109.002.402;Balcão;23/07/2026;09:35:44;Novo (0);Regular (1);3;XP INVESTIMENTOS CCTVM S/A;3;XP INVESTIMENTOS CCTVM S/A
CMIN3;3.300;42,73%;109.002.399;Balcão;23/07/2026;09:35:43;Novo (0);Regular (1);3;XP INVESTIMENTOS CCTVM S/A;3;XP INVESTIMENTOS CCTVM S/A
A1MD34;50;0,04%;109.002.401;Balcão;23/07/2026;09:35:43;Novo (0);Regular (1);3;XP INVESTIMENTOS CCTVM S/A;3;XP INVESTIMENTOS CCTVM S/A
IRBR3;3;0,11%;109.002.398;Balcão;23/07/2026;09:35:43;Novo (0);Regular (1);3;XP INVESTIMENTOS CCTVM S/A;3;XP INVESTIMENTOS CCTVM S/A
ABEV3;1;2,88%;109.002.404;Balcão;23/07/2026;09:35:43;Novo (0);Regular (1);3;XP INVESTIMENTOS CCTVM S/A;3;XP INVESTIMENTOS CCTVM S/A
CMIN3;47;42,73%;109.002.406;Balcão;23/07/2026;09:35:43;Novo (0);Regular (1);3;XP INVESTIMENTOS CCTVM S/A;3;XP INVESTIMENTOS CCTVM S/A
VALE3;50;0,20%;109.002.405;Balcão;23/07/2026;09:35:43;Novo (0);Regular (1);3;XP INVESTIMENTOS CCTVM S/A;3;XP INVESTIMENTOS CCTVM S/A
VALE3;40;0,20%;109.002.392;Balcão;23/07/2026;09:35:43;Novo (0);Regular (1);3;XP INVESTIMENTOS CCTVM S/A;3;XP INVESTIMENTOS CCTVM S/A
NASD11;162;0,49%;109.002.395;Balcão;23/07/2026;09:35:43;Novo (0);Regular (1);3;XP INVESTIMENTOS CCTVM S/A;3;XP INVESTIMENTOS CCTVM S/A
BBSE3;45;0,88%;109.002.394;Balcão;23/07/2026;09:35:43;Novo (0);Regular (1);3;XP INVESTIMENTOS CCTVM S/A;3;XP INVESTIMENTOS CCTVM S/A
CURY3;46;1,21%;109.002.391;Balcão;23/07/2026;09:35:43;Novo (0);Regular (1);3;XP INVESTIMENTOS CCTVM S/A;3;XP INVESTIMENTOS CCTVM S/A
SMTO3;819;4,47%;109.002.393;Balcão;23/07/2026;09:35:43;Novo (0);Regular (1);3;XP INVESTIMENTOS CCTVM S/A;3;XP INVESTIMENTOS CCTVM S/A
SUZB3;175;0,03%;109.002.390;Balcão;23/07/2026;09:35:43;Novo (0);Regular (1);3;XP INVESTIMENTOS CCTVM S/A;3;XP INVESTIMENTOS CCTVM S/A
XPML11;40;0,46%;109.002.389;Balcão;23/07/2026;09:35:43;Novo (0);Regular (1);3;XP INVESTIMENTOS CCTVM S/A;3;XP INVESTIMENTOS CCTVM S/A
CMIN3;3.079;42,73%;109.002.388;Balcão;23/07/2026;09:35:43;Novo (0);Regular (1);3;XP INVESTIMENTOS CCTVM S/A;3;XP INVESTIMENTOS CCTVM S/A
SAPR11;3;0,06%;109.002.387;Balcão;23/07/2026;09:35:43;Novo (0);Regular (1);3;XP INVESTIMENTOS CCTVM S/A;3;XP INVESTIMENTOS CCTVM S/A
MGLU3;1.000;14,36%;109.002.386;Balcão;23/07/2026;09:35:43;Novo (0);Regular (1);3;XP INVESTIMENTOS CCTVM S/A;3;XP INVESTIMENTOS CCTVM S/A
ABEV3;126;2,88%;109.002.385;Balcão;23/07/2026;09:35:43;Novo (0);Regular (1);3;XP INVESTIMENTOS CCTVM S/A;3;XP INVESTIMENTOS CCTVM S/A
XPML11;185;0,46%;109.002.384;Balcão;23/07/2026;09:35:42;Novo (0);Regular (1);3;XP INVESTIMENTOS CCTVM S/A;3;XP INVESTIMENTOS CCTVM S/A
ABEV3;9;2,88%;109.002.383;Balcão;23/07/2026;09:35:42;Novo (0);Regular (1);3;XP INVESTIMENTOS CCTVM S/A;3;XP INVESTIMENTOS CCTVM S/A
RENT3;1;0,30%;109.002.377;Balcão;23/07/2026;09:35:42;Novo (0);Regular (1);3;XP INVESTIMENTOS CCTVM S/A;3;XP INVESTIMENTOS CCTVM S/A
NATU3;46;210,44%;109.002.310;Balcão;23/07/2026;09:35:42;Novo (0);Regular (1);3;XP INVESTIMENTOS CCTVM S/A;3;XP INVESTIMENTOS CCTVM S/A
BBAS3;50;0,02%;109.002.376;Balcão;23/07/2026;09:35:42;Novo (0);Regular (1);3;XP INVESTIMENTOS CCTVM S/A;3;XP INVESTIMENTOS CCTVM S/A
ABEV3;3;2,88%;109.002.381;Balcão;23/07/2026;09:35:42;Novo (0);Regular (1);3;XP INVESTIMENTOS CCTVM S/A;3;XP INVESTIMENTOS CCTVM S/A
CMIN3;47;42,73%;109.002.382;Balcão;23/07/2026;09:35:42;Novo (0);Regular (1);3;XP INVESTIMENTOS CCTVM S/A;3;XP INVESTIMENTOS CCTVM S/A
HGLG11;3;0,15%;109.002.378;Balcão;23/07/2026;09:35:42;Novo (0);Regular (1);3;XP INVESTIMENTOS CCTVM S/A;3;XP INVESTIMENTOS CCTVM S/A
BRKM5;3;18,15%;109.002.379;Balcão;23/07/2026;09:35:42;Novo (0);Regular (1);3;XP INVESTIMENTOS CCTVM S/A;3;XP INVESTIMENTOS CCTVM S/A
CURY3;47;1,21%;109.002.374;Balcão;23/07/2026;09:35:42;Novo (0);Regular (1);3;XP INVESTIMENTOS CCTVM S/A;3;XP INVESTIMENTOS CCTVM S/A
ABEV3;38;2,88%;109.002.375;Balcão;23/07/2026;09:35:42;Novo (0);Regular (1);3;XP INVESTIMENTOS CCTVM S/A;3;XP INVESTIMENTOS CCTVM S/A
CPFE3;88;0,08%;109.002.354;Balcão;23/07/2026;09:35:42;Novo (0);Regular (1);3;XP INVESTIMENTOS CCTVM S/A;3;XP INVESTIMENTOS CCTVM S/A
CPFE3;1.212;0,08%;109.002.327;Balcão;23/07/2026;09:35:42;Novo (0);Regular (1);3;XP INVESTIMENTOS CCTVM S/A;3;XP INVESTIMENTOS CCTVM S/A
SANB11;4;6,43%;109.002.372;Balcão;23/07/2026;09:35:42;Novo (0);Regular (1);3;XP INVESTIMENTOS CCTVM S/A;3;XP INVESTIMENTOS CCTVM S/A
LVBI11;3;1,88%;109.002.373;Balcão;23/07/2026;09:35:42;Novo (0);Regular (1);3;XP INVESTIMENTOS CCTVM S/A;3;XP INVESTIMENTOS CCTVM S/A
SAPR4;4;0,08%;109.002.369;Balcão;23/07/2026;09:35:42;Novo (0);Regular (1);3;XP INVESTIMENTOS CCTVM S/A;3;XP INVESTIMENTOS CCTVM S/A
CMIN3;47;42,73%;109.002.366;Balcão;23/07/2026;09:35:42;Novo (0);Regular (1);3;XP INVESTIMENTOS CCTVM S/A;3;XP INVESTIMENTOS CCTVM S/A
BBSE3;4;0,88%;109.002.370;Balcão;23/07/2026;09:35:42;Novo (0);Regular (1);3;XP INVESTIMENTOS CCTVM S/A;3;XP INVESTIMENTOS CCTVM S/A
PETR3;111;0,02%;109.002.371;Balcão;23/07/2026;09:35:41;Novo (0);Regular (1);3;XP INVESTIMENTOS CCTVM S/A;3;XP INVESTIMENTOS CCTVM S/A
RURA11;3;1,58%;109.002.368;Balcão;23/07/2026;09:35:41;Novo (0);Regular (1);3;XP INVESTIMENTOS CCTVM S/A;3;XP INVESTIMENTOS CCTVM S/A
AURE3;1.254;0,04%;109.002.367;Balcão;23/07/2026;09:35:41;Novo (0);Regular (1);3;XP INVESTIMENTOS CCTVM S/A;3;XP INVESTIMENTOS CCTVM S/A
BBSE3;4;0,88%;109.002.364;Balcão;23/07/2026;09:35:41;Novo (0);Regular (1);3;XP INVESTIMENTOS CCTVM S/A;3;XP INVESTIMENTOS CCTVM S/A
HCTR11;4;0,57%;109.002.365;Balcão;23/07/2026;09:35:41;Novo (0);Regular (1);3;XP INVESTIMENTOS CCTVM S/A;3;XP INVESTIMENTOS CCTVM S/A
IRIM11;4;4,00%;109.002.363;Balcão;23/07/2026;09:35:41;Novo (0);Regular (1);3;XP INVESTIMENTOS CCTVM S/A;3;XP INVESTIMENTOS CCTVM S/A
BEEF3;200;1,88%;109.002.358;Balcão;23/07/2026;09:35:41;Novo (0);Regular (1);3;XP INVESTIMENTOS CCTVM S/A;3;XP INVESTIMENTOS CCTVM S/A
SMTO3;4;4,47%;109.002.357;Balcão;23/07/2026;09:35:41;Novo (0);Regular (1);3;XP INVESTIMENTOS CCTVM S/A;3;XP INVESTIMENTOS CCTVM S/A
CMIN3;3;42,73%;109.002.361;Balcão;23/07/2026;09:35:41;Novo (0);Regular (1);3;XP INVESTIMENTOS CCTVM S/A;3;XP INVESTIMENTOS CCTVM S/A
LIGT3;49;18,80%;109.002.362;Balcão;23/07/2026;09:35:41;Novo (0);Regular (1);3;XP INVESTIMENTOS CCTVM S/A;3;XP INVESTIMENTOS CCTVM S/A
RECV3;4;1,89%;109.002.359;Balcão;23/07/2026;09:35:41;Novo (0);Regular (1);3;XP INVESTIMENTOS CCTVM S/A;3;XP INVESTIMENTOS CCTVM S/A
ABEV3;139;2,88%;109.002.355;Balcão;23/07/2026;09:35:41;Novo (0);Regular (1);3;XP INVESTIMENTOS CCTVM S/A;3;XP INVESTIMENTOS CCTVM S/A
USIM5;7;0,04%;109.002.356;Balcão;23/07/2026;09:35:41;Novo (0);Regular (1);3;XP INVESTIMENTOS CCTVM S/A;3;XP INVESTIMENTOS CCTVM S/A
BBAS3;190;0,02%;109.002.360;Balcão;23/07/2026;09:35:41;Novo (0);Regular (1);3;XP INVESTIMENTOS CCTVM S/A;3;XP INVESTIMENTOS CCTVM S/A
TUPY3;2;0,11%;109.002.351;Balcão;23/07/2026;09:35:41;Novo (0);Regular (1);3;XP INVESTIMENTOS CCTVM S/A;3;XP INVESTIMENTOS CCTVM S/A
BBSE3;4;0,88%;109.002.352;Balcão;23/07/2026;09:35:40;Novo (0);Regular (1);3;XP INVESTIMENTOS CCTVM S/A;3;XP INVESTIMENTOS CCTVM S/A
AMER3;4;19,82%;109.002.353;Balcão;23/07/2026;09:35:40;Novo (0);Regular (1);3;XP INVESTIMENTOS CCTVM S/A;3;XP INVESTIMENTOS CCTVM S/A
SLCE3;200;0,12%;109.002.309;Balcão;23/07/2026;09:35:40;Novo (0);Regular (1);3;XP INVESTIMENTOS CCTVM S/A;3;XP INVESTIMENTOS CCTVM S/A
BBSE3;55;0,88%;109.002.308;Balcão;23/07/2026;09:35:40;Novo (0);Regular (1);3;XP INVESTIMENTOS CCTVM S/A;3;XP INVESTIMENTOS CCTVM S/A
BBSE3;48;0,88%;109.002.350;Balcão;23/07/2026;09:35:40;Novo (0);Regular (1);3;XP INVESTIMENTOS CCTVM S/A;3;XP INVESTIMENTOS CCTVM S/A
BTAL11;3;6,00%;109.002.349;Balcão;23/07/2026;09:35:40;Novo (0);Regular (1);3;XP INVESTIMENTOS CCTVM S/A;3;XP INVESTIMENTOS CCTVM S/A
CMIN3;3;42,73%;109.002.348;Balcão;23/07/2026;09:35:40;Novo (0);Regular (1);3;XP INVESTIMENTOS CCTVM S/A;3;XP INVESTIMENTOS CCTVM S/A
BBSE3;56;0,88%;109.002.347;Balcão;23/07/2026;09:35:40;Novo (0);Regular (1);3;XP INVESTIMENTOS CCTVM S/A;3;XP INVESTIMENTOS CCTVM S/A
MGLU3;200;14,36%;109.002.346;Balcão;23/07/2026;09:35:40;Novo (0);Regular (1);3;XP INVESTIMENTOS CCTVM S/A;3;XP INVESTIMENTOS CCTVM S/A
PETR3;42;0,02%;109.002.343;Balcão;23/07/2026;09:35:40;Novo (0);Regular (1);3;XP INVESTIMENTOS CCTVM S/A;3;XP INVESTIMENTOS CCTVM S/A
KNCR11;3;0,15%;109.002.344;Balcão;23/07/2026;09:35:40;Novo (0);Regular (1);3;XP INVESTIMENTOS CCTVM S/A;3;XP INVESTIMENTOS CCTVM S/A
BBSE3;200;0,88%;109.002.342;Balcão;23/07/2026;09:35:40;Novo (0);Regular (1);3;XP INVESTIMENTOS CCTVM S/A;3;XP INVESTIMENTOS CCTVM S/A
ABEV3;85;2,88%;109.002.340;Balcão;23/07/2026;09:35:40;Novo (0);Regular (1);3;XP INVESTIMENTOS CCTVM S/A;3;XP INVESTIMENTOS CCTVM S/A
CURY3;200;1,21%;109.002.341;Balcão;23/07/2026;09:35:40;Novo (0);Regular (1);3;XP INVESTIMENTOS CCTVM S/A;3;XP INVESTIMENTOS CCTVM S/A
CMIN3;200;42,73%;109.002.345;Balcão;23/07/2026;09:35:39;Novo (0);Regular (1);3;XP INVESTIMENTOS CCTVM S/A;3;XP INVESTIMENTOS CCTVM S/A
BBSE3;50;0,88%;109.002.339;Balcão;23/07/2026;09:35:39;Novo (0);Regular (1);3;XP INVESTIMENTOS CCTVM S/A;3;XP INVESTIMENTOS CCTVM S/A
ABEV3;99;2,88%;109.002.338;Balcão;23/07/2026;09:35:39;Novo (0);Regular (1);3;XP INVESTIMENTOS CCTVM S/A;3;XP INVESTIMENTOS CCTVM S/A
KLBN3;3;0,03%;109.002.336;Balcão;23/07/2026;09:35:39;Novo (0);Regular (1);3;XP INVESTIMENTOS CCTVM S/A;3;XP INVESTIMENTOS CCTVM S/A
BBSE3;200;0,88%;109.002.337;Balcão;23/07/2026;09:35:39;Novo (0);Regular (1);3;XP INVESTIMENTOS CCTVM S/A;3;XP INVESTIMENTOS CCTVM S/A
PCAR3;557;17,70%;109.002.335;Balcão;23/07/2026;09:35:39;Novo (0);Regular (1);3;XP INVESTIMENTOS CCTVM S/A;3;XP INVESTIMENTOS CCTVM S/A
BBSE3;50;0,88%;109.002.333;Balcão;23/07/2026;09:35:39;Novo (0);Regular (1);3;XP INVESTIMENTOS CCTVM S/A;3;XP INVESTIMENTOS CCTVM S/A
BBSE3;1;0,88%;109.002.334;Balcão;23/07/2026;09:35:39;Novo (0);Regular (1);3;XP INVESTIMENTOS CCTVM S/A;3;XP INVESTIMENTOS CCTVM S/A
IVVB11;1;0,16%;109.002.332;Balcão;23/07/2026;09:35:39;Novo (0);Regular (1);3;XP INVESTIMENTOS CCTVM S/A;3;XP INVESTIMENTOS CCTVM S/A
ITUB3;4;1,16%;109.002.331;Balcão;23/07/2026;09:35:39;Novo (0);Regular (1);3;XP INVESTIMENTOS CCTVM S/A;3;XP INVESTIMENTOS CCTVM S/A
BBSE3;50;0,88%;109.002.330;Balcão;23/07/2026;09:35:39;Novo (0);Regular (1);3;XP INVESTIMENTOS CCTVM S/A;3;XP INVESTIMENTOS CCTVM S/A
BBAS3;200;0,02%;109.002.328;Balcão;23/07/2026;09:35:39;Novo (0);Regular (1);3;XP INVESTIMENTOS CCTVM S/A;3;XP INVESTIMENTOS CCTVM S/A
BBSE3;50;0,88%;109.002.329;Balcão;23/07/2026;09:35:39;Novo (0);Regular (1);3;XP INVESTIMENTOS CCTVM S/A;3;XP INVESTIMENTOS CCTVM S/A
TUPY3;1.200;0,11%;109.002.324;Balcão;23/07/2026;09:35:39;Novo (0);Regular (1);3;XP INVESTIMENTOS CCTVM S/A;3;XP INVESTIMENTOS CCTVM S/A
ABEV3;100;2,88%;109.002.326;Balcão;23/07/2026;09:35:39;Novo (0);Regular (1);3;XP INVESTIMENTOS CCTVM S/A;3;XP INVESTIMENTOS CCTVM S/A
BBSE3;4;0,88%;109.002.325;Balcão;23/07/2026;09:35:39;Novo (0);Regular (1);3;XP INVESTIMENTOS CCTVM S/A;3;XP INVESTIMENTOS CCTVM S/A
WEGE3;4;0,03%;109.002.321;Balcão;23/07/2026;09:35:39;Novo (0);Regular (1);3;XP INVESTIMENTOS CCTVM S/A;3;XP INVESTIMENTOS CCTVM S/A
BBSE3;194;0,88%;109.002.320;Balcão;23/07/2026;09:35:39;Novo (0);Regular (1);3;XP INVESTIMENTOS CCTVM S/A;3;XP INVESTIMENTOS CCTVM S/A
BBSE3;50;0,88%;109.002.322;Balcão;23/07/2026;09:35:39;Novo (0);Regular (1);3;XP INVESTIMENTOS CCTVM S/A;3;XP INVESTIMENTOS CCTVM S/A
PCAR3;843;17,70%;109.002.323;Balcão;23/07/2026;09:35:38;Novo (0);Regular (1);3;XP INVESTIMENTOS CCTVM S/A;3;XP INVESTIMENTOS CCTVM S/A
CPTS11;1.269;0,33%;109.002.318;Balcão;23/07/2026;09:35:38;Novo (0);Regular (1);3;XP INVESTIMENTOS CCTVM S/A;3;XP INVESTIMENTOS CCTVM S/A
IVVB11;187;0,16%;109.002.316;Balcão;23/07/2026;09:35:38;Novo (0);Regular (1);3;XP INVESTIMENTOS CCTVM S/A;3;XP INVESTIMENTOS CCTVM S/A
CMIN3;3;42,73%;109.002.319;Balcão;23/07/2026;09:35:38;Novo (0);Regular (1);3;XP INVESTIMENTOS CCTVM S/A;3;XP INVESTIMENTOS CCTVM S/A
RADL3;2;0,10%;109.002.317;Balcão;23/07/2026;09:35:38;Novo (0);Regular (1);3;XP INVESTIMENTOS CCTVM S/A;3;XP INVESTIMENTOS CCTVM S/A
BBSE3;50;0,88%;109.002.315;Balcão;23/07/2026;09:35:38;Novo (0);Regular (1);3;XP INVESTIMENTOS CCTVM S/A;3;XP INVESTIMENTOS CCTVM S/A
LIGT3;1;18,80%;109.002.313;Balcão;23/07/2026;09:35:38;Novo (0);Regular (1);3;XP INVESTIMENTOS CCTVM S/A;3;XP INVESTIMENTOS CCTVM S/A
VALE3;4;0,20%;109.002.307;Balcão;23/07/2026;09:35:38;Novo (0);Regular (1);3;XP INVESTIMENTOS CCTVM S/A;3;XP INVESTIMENTOS CCTVM S/A
ENEV3;4;0,09%;109.002.306;Balcão;23/07/2026;09:35:38;Novo (0);Regular (1);3;XP INVESTIMENTOS CCTVM S/A;3;XP INVESTIMENTOS CCTVM S/A
BBSE3;4;0,88%;109.002.311;Balcão;23/07/2026;09:35:38;Novo (0);Regular (1);3;XP INVESTIMENTOS CCTVM S/A;3;XP INVESTIMENTOS CCTVM S/A
XPIE11;198;10,00%;109.002.314;Balcão;23/07/2026;09:35:38;Novo (0);Regular (1);3;XP INVESTIMENTOS CCTVM S/A;3;XP INVESTIMENTOS CCTVM S/A
BBSE3;1.360;0,88%;109.002.312;Balcão;23/07/2026;09:35:38;Novo (0);Regular (1);3;XP INVESTIMENTOS CCTVM S/A;3;XP INVESTIMENTOS CCTVM S/A
CMIN3;47;42,73%;109.002.302;Balcão;23/07/2026;09:35:38;Novo (0);Regular (1);3;XP INVESTIMENTOS CCTVM S/A;3;XP INVESTIMENTOS CCTVM S/A
AURE3;2;0,04%;109.002.304;Balcão;23/07/2026;09:35:38;Novo (0);Regular (1);3;XP INVESTIMENTOS CCTVM S/A;3;XP INVESTIMENTOS CCTVM S/A
MXRF11;4;0,11%;109.002.305;Balcão;23/07/2026;09:35:38;Novo (0);Regular (1);3;XP INVESTIMENTOS CCTVM S/A;3;XP INVESTIMENTOS CCTVM S/A
RADL3;47;0,10%;109.002.303;Balcão;23/07/2026;09:35:38;Novo (0);Regular (1);3;XP INVESTIMENTOS CCTVM S/A;3;XP INVESTIMENTOS CCTVM S/A
BRKM5;4.081;18,15%;109.002.239;Balcão;23/07/2026;09:35:37;Novo (0);Regular (1);85;BTG PACTUAL CTVM S/A;85;BTG PACTUAL CTVM S/A
PCAR3;4;17,70%;109.002.298;Balcão;23/07/2026;09:35:37;Novo (0);Regular (1);3;XP INVESTIMENTOS CCTVM S/A;3;XP INVESTIMENTOS CCTVM S/A
BBSE3;50;0,88%;109.002.299;Balcão;23/07/2026;09:35:37;Novo (0);Regular (1);3;XP INVESTIMENTOS CCTVM S/A;3;XP INVESTIMENTOS CCTVM S/A
BBAS3;200;0,02%;109.002.300;Balcão;23/07/2026;09:35:37;Novo (0);Regular (1);3;XP INVESTIMENTOS CCTVM S/A;3;XP INVESTIMENTOS CCTVM S/A
NATU3;4;210,44%;109.002.295;Balcão;23/07/2026;09:35:37;Novo (0);Regular (1);3;XP INVESTIMENTOS CCTVM S/A;3;XP INVESTIMENTOS CCTVM S/A
CMIN3;47;42,73%;109.002.301;Balcão;23/07/2026;09:35:37;Novo (0);Regular (1);3;XP INVESTIMENTOS CCTVM S/A;3;XP INVESTIMENTOS CCTVM S/A
EMBJ3;200;0,06%;109.002.297;Balcão;23/07/2026;09:35:37;Novo (0);Regular (1);3;XP INVESTIMENTOS CCTVM S/A;3;XP INVESTIMENTOS CCTVM S/A
ABEV3;392;2,88%;109.002.294;Balcão;23/07/2026;09:35:37;Novo (0);Regular (1);3;XP INVESTIMENTOS CCTVM S/A;3;XP INVESTIMENTOS CCTVM S/A
MXRF11;3;0,11%;109.002.296;Balcão;23/07/2026;09:35:37;Novo (0);Regular (1);3;XP INVESTIMENTOS CCTVM S/A;3;XP INVESTIMENTOS CCTVM S/A
MOVI3;1.300;0,09%;109.002.292;Balcão;23/07/2026;09:35:37;Novo (0);Regular (1);3;XP INVESTIMENTOS CCTVM S/A;3;XP INVESTIMENTOS CCTVM S/A
ABEV3;254;2,88%;109.002.293;Balcão;23/07/2026;09:35:37;Novo (0);Regular (1);3;XP INVESTIMENTOS CCTVM S/A;3;XP INVESTIMENTOS CCTVM S/A
CMIN3;10;42,73%;109.002.290;Balcão;23/07/2026;09:35:37;Novo (0);Regular (1);3;XP INVESTIMENTOS CCTVM S/A;3;XP INVESTIMENTOS CCTVM S/A
CPLE3;4;0,03%;109.002.291;Balcão;23/07/2026;09:35:37;Novo (0);Regular (1);3;XP INVESTIMENTOS CCTVM S/A;3;XP INVESTIMENTOS CCTVM S/A
BBSE3;50;0,88%;109.002.287;Balcão;23/07/2026;09:35:37;Novo (0);Regular (1);3;XP INVESTIMENTOS CCTVM S/A;3;XP INVESTIMENTOS CCTVM S/A
CMIN3;200;42,73%;109.002.289;Balcão;23/07/2026;09:35:37;Novo (0);Regular (1);3;XP INVESTIMENTOS CCTVM S/A;3;XP INVESTIMENTOS CCTVM S/A
CPLE3;4;0,03%;109.002.288;Balcão;23/07/2026;09:35:37;Novo (0);Regular (1);3;XP INVESTIMENTOS CCTVM S/A;3;XP INVESTIMENTOS CCTVM S/A
ABEV3;95;2,88%;109.002.286;Balcão;23/07/2026;09:35:37;Novo (0);Regular (1);3;XP INVESTIMENTOS CCTVM S/A;3;XP INVESTIMENTOS CCTVM S/A
USIM5;1.200;0,04%;109.002.282;Balcão;23/07/2026;09:35:37;Novo (0);Regular (1);3;XP INVESTIMENTOS CCTVM S/A;3;XP INVESTIMENTOS CCTVM S/A
MOTV3;10;0,06%;109.002.285;Balcão;23/07/2026;09:35:37;Novo (0);Regular (1);3;XP INVESTIMENTOS CCTVM S/A;3;XP INVESTIMENTOS CCTVM S/A
CURY3;4;1,21%;109.002.284;Balcão;23/07/2026;09:35:36;Novo (0);Regular (1);3;XP INVESTIMENTOS CCTVM S/A;3;XP INVESTIMENTOS CCTVM S/A
ABEV3;2;2,88%;109.002.283;Balcão;23/07/2026;09:35:36;Novo (0);Regular (1);3;XP INVESTIMENTOS CCTVM S/A;3;XP INVESTIMENTOS CCTVM S/A
ABEV3;392;2,88%;109.002.279;Balcão;23/07/2026;09:35:36;Novo (0);Regular (1);3;XP INVESTIMENTOS CCTVM S/A;3;XP INVESTIMENTOS CCTVM S/A
TOKY3;4;11,21%;109.002.281;Balcão;23/07/2026;09:35:36;Novo (0);Regular (1);3;XP INVESTIMENTOS CCTVM S/A;3;XP INVESTIMENTOS CCTVM S/A
BBDC4;50;0,02%;109.002.280;Balcão;23/07/2026;09:35:36;Novo (0);Regular (1);3;XP INVESTIMENTOS CCTVM S/A;3;XP INVESTIMENTOS CCTVM S/A
SMTO3;4;4,47%;109.002.277;Balcão;23/07/2026;09:35:36;Novo (0);Regular (1);3;XP INVESTIMENTOS CCTVM S/A;3;XP INVESTIMENTOS CCTVM S/A
PETR3;4;0,02%;109.002.278;Balcão;23/07/2026;09:35:36;Novo (0);Regular (1);3;XP INVESTIMENTOS CCTVM S/A;3;XP INVESTIMENTOS CCTVM S/A
BBSE3;50;0,88%;109.002.275;Balcão;23/07/2026;09:35:36;Novo (0);Regular (1);3;XP INVESTIMENTOS CCTVM S/A;3;XP INVESTIMENTOS CCTVM S/A
EGIE3;50;7,59%;109.002.276;Balcão;23/07/2026;09:35:36;Novo (0);Regular (1);3;XP INVESTIMENTOS CCTVM S/A;3;XP INVESTIMENTOS CCTVM S/A
AURA33;4;0,13%;109.002.273;Balcão;23/07/2026;09:35:36;Novo (0);Regular (1);3;XP INVESTIMENTOS CCTVM S/A;3;XP INVESTIMENTOS CCTVM S/A
SMFT3;50;0,07%;109.002.272;Balcão;23/07/2026;09:35:36;Novo (0);Regular (1);3;XP INVESTIMENTOS CCTVM S/A;3;XP INVESTIMENTOS CCTVM S/A
HGRU11;4;0,12%;109.002.270;Balcão;23/07/2026;09:35:36;Novo (0);Regular (1);3;XP INVESTIMENTOS CCTVM S/A;3;XP INVESTIMENTOS CCTVM S/A
AZZA3;200;29,29%;109.002.274;Balcão;23/07/2026;09:35:36;Novo (0);Regular (1);3;XP INVESTIMENTOS CCTVM S/A;3;XP INVESTIMENTOS CCTVM S/A
MGLU3;200;14,36%;109.002.269;Balcão;23/07/2026;09:35:36;Novo (0);Regular (1);3;XP INVESTIMENTOS CCTVM S/A;3;XP INVESTIMENTOS CCTVM S/A
CMIN3;3;42,73%;109.002.271;Balcão;23/07/2026;09:35:36;Novo (0);Regular (1);3;XP INVESTIMENTOS CCTVM S/A;3;XP INVESTIMENTOS CCTVM S/A
ITUB3;4;1,16%;109.002.267;Balcão;23/07/2026;09:35:36;Novo (0);Regular (1);3;XP INVESTIMENTOS CCTVM S/A;3;XP INVESTIMENTOS CCTVM S/A
CPLE3;1.220;0,03%;109.002.268;Balcão;23/07/2026;09:35:36;Novo (0);Regular (1);3;XP INVESTIMENTOS CCTVM S/A;3;XP INVESTIMENTOS CCTVM S/A
LVBI11;4;1,88%;109.002.265;Balcão;23/07/2026;09:35:36;Novo (0);Regular (1);3;XP INVESTIMENTOS CCTVM S/A;3;XP INVESTIMENTOS CCTVM S/A
PCAR3;200;17,70%;109.002.266;Balcão;23/07/2026;09:35:36;Novo (0);Regular (1);3;XP INVESTIMENTOS CCTVM S/A;3;XP INVESTIMENTOS CCTVM S/A
EGIE3;5;7,59%;109.002.263;Balcão;23/07/2026;09:35:35;Novo (0);Regular (1);3;XP INVESTIMENTOS CCTVM S/A;3;XP INVESTIMENTOS CCTVM S/A
BRKM5;4;18,15%;109.002.264;Balcão;23/07/2026;09:35:35;Novo (0);Regular (1);3;XP INVESTIMENTOS CCTVM S/A;3;XP INVESTIMENTOS CCTVM S/A
BOVA11;5;0,72%;109.002.202;Balcão;23/07/2026;09:35:35;Novo (0);Regular (1);3;XP INVESTIMENTOS CCTVM S/A;3;XP INVESTIMENTOS CCTVM S/A
CVCB3;5;3,97%;109.002.200;Balcão;23/07/2026;09:35:35;Novo (0);Regular (1);3;XP INVESTIMENTOS CCTVM S/A;3;XP INVESTIMENTOS CCTVM S/A
XPBR31;221;0,04%;109.002.201;Balcão;23/07/2026;09:35:35;Novo (0);Regular (1);3;XP INVESTIMENTOS CCTVM S/A;3;XP INVESTIMENTOS CCTVM S/A
CMIN3;200;42,73%;109.002.262;Balcão;23/07/2026;09:35:35;Novo (0);Regular (1);3;XP INVESTIMENTOS CCTVM S/A;3;XP INVESTIMENTOS CCTVM S/A
NATU3;5;210,44%;109.002.259;Balcão;23/07/2026;09:35:35;Novo (0);Regular (1);3;XP INVESTIMENTOS CCTVM S/A;3;XP INVESTIMENTOS CCTVM S/A
ENEV3;1.498;0,09%;109.002.261;Balcão;23/07/2026;09:35:35;Novo (0);Regular (1);3;XP INVESTIMENTOS CCTVM S/A;3;XP INVESTIMENTOS CCTVM S/A
A1MD34;2;0,04%;109.002.260;Balcão;23/07/2026;09:35:35;Novo (0);Regular (1);3;XP INVESTIMENTOS CCTVM S/A;3;XP INVESTIMENTOS CCTVM S/A
CMIN3;617;42,73%;109.002.256;Balcão;23/07/2026;09:35:35;Novo (0);Regular (1);3;XP INVESTIMENTOS CCTVM S/A;3;XP INVESTIMENTOS CCTVM S/A
HCTR11;6;0,57%;109.002.253;Balcão;23/07/2026;09:35:35;Novo (0);Regular (1);3;XP INVESTIMENTOS CCTVM S/A;3;XP INVESTIMENTOS CCTVM S/A
AGRO3;1.800;0,08%;109.002.258;Balcão;23/07/2026;09:35:35;Novo (0);Regular (1);3;XP INVESTIMENTOS CCTVM S/A;3;XP INVESTIMENTOS CCTVM S/A
ABEV3;403;2,88%;109.002.255;Balcão;23/07/2026;09:35:35;Novo (0);Regular (1);3;XP INVESTIMENTOS CCTVM S/A;3;XP INVESTIMENTOS CCTVM S/A
BBSE3;60;0,88%;109.002.254;Balcão;23/07/2026;09:35:35;Novo (0);Regular (1);3;XP INVESTIMENTOS CCTVM S/A;3;XP INVESTIMENTOS CCTVM S/A
SUZB3;200;0,03%;109.002.257;Balcão;23/07/2026;09:35:35;Novo (0);Regular (1);3;XP INVESTIMENTOS CCTVM S/A;3;XP INVESTIMENTOS CCTVM S/A
PCAR3;200;17,70%;109.002.251;Balcão;23/07/2026;09:35:35;Novo (0);Regular (1);3;XP INVESTIMENTOS CCTVM S/A;3;XP INVESTIMENTOS CCTVM S/A
A1MD34;2;0,04%;109.002.252;Balcão;23/07/2026;09:35:35;Novo (0);Regular (1);3;XP INVESTIMENTOS CCTVM S/A;3;XP INVESTIMENTOS CCTVM S/A
PETR3;154;0,02%;109.002.250;Balcão;23/07/2026;09:35:34;Novo (0);Regular (1);3;XP INVESTIMENTOS CCTVM S/A;3;XP INVESTIMENTOS CCTVM S/A
PLPL3;1.735;1,77%;109.002.249;Balcão;23/07/2026;09:35:34;Novo (0);Regular (1);3;XP INVESTIMENTOS CCTVM S/A;3;XP INVESTIMENTOS CCTVM S/A
ABEV3;403;2,88%;109.002.242;Balcão;23/07/2026;09:35:34;Novo (0);Regular (1);3;XP INVESTIMENTOS CCTVM S/A;3;XP INVESTIMENTOS CCTVM S/A
A1MD34;2;0,04%;109.002.193;Balcão;23/07/2026;09:35:34;Novo (0);Regular (1);3;XP INVESTIMENTOS CCTVM S/A;3;XP INVESTIMENTOS CCTVM S/A
BOVA11;169;0,72%;109.002.199;Balcão;23/07/2026;09:35:34;Novo (0);Regular (1);3;XP INVESTIMENTOS CCTVM S/A;3;XP INVESTIMENTOS CCTVM S/A
PGMN3;1.800;0,07%;109.002.195;Balcão;23/07/2026;09:35:34;Novo (0);Regular (1);3;XP INVESTIMENTOS CCTVM S/A;3;XP INVESTIMENTOS CCTVM S/A
MXRF11;1.477;0,11%;109.002.247;Balcão;23/07/2026;09:35:34;Novo (0);Regular (1);3;XP INVESTIMENTOS CCTVM S/A;3;XP INVESTIMENTOS CCTVM S/A
MXRF11;1.693;0,11%;109.002.248;Balcão;23/07/2026;09:35:34;Novo (0);Regular (1);3;XP INVESTIMENTOS CCTVM S/A;3;XP INVESTIMENTOS CCTVM S/A
CMIN3;200;42,73%;109.002.246;Balcão;23/07/2026;09:35:34;Novo (0);Regular (1);3;XP INVESTIMENTOS CCTVM S/A;3;XP INVESTIMENTOS CCTVM S/A
A1MD34;2;0,04%;109.002.245;Balcão;23/07/2026;09:35:34;Novo (0);Regular (1);3;XP INVESTIMENTOS CCTVM S/A;3;XP INVESTIMENTOS CCTVM S/A
MELI34;200;0,10%;109.002.244;Balcão;23/07/2026;09:35:34;Novo (0);Regular (1);3;XP INVESTIMENTOS CCTVM S/A;3;XP INVESTIMENTOS CCTVM S/A
BBAS3;50;0,02%;109.002.243;Balcão;23/07/2026;09:35:34;Novo (0);Regular (1);3;XP INVESTIMENTOS CCTVM S/A;3;XP INVESTIMENTOS CCTVM S/A
A1MD34;3;0,04%;109.002.241;Balcão;23/07/2026;09:35:34;Novo (0);Regular (1);3;XP INVESTIMENTOS CCTVM S/A;3;XP INVESTIMENTOS CCTVM S/A
ABEV3;5;2,88%;109.002.240;Balcão;23/07/2026;09:35:34;Novo (0);Regular (1);3;XP INVESTIMENTOS CCTVM S/A;3;XP INVESTIMENTOS CCTVM S/A
AURE3;1.304;0,04%;109.002.238;Balcão;23/07/2026;09:35:34;Novo (0);Regular (1);3;XP INVESTIMENTOS CCTVM S/A;3;XP INVESTIMENTOS CCTVM S/A
HFOF11;4;0,14%;109.002.237;Balcão;23/07/2026;09:35:34;Novo (0);Regular (1);3;XP INVESTIMENTOS CCTVM S/A;3;XP INVESTIMENTOS CCTVM S/A
BBSE3;49;0,88%;109.002.236;Balcão;23/07/2026;09:35:34;Novo (0);Regular (1);3;XP INVESTIMENTOS CCTVM S/A;3;XP INVESTIMENTOS CCTVM S/A
ABEV3;400;2,88%;109.002.235;Balcão;23/07/2026;09:35:34;Novo (0);Regular (1);3;XP INVESTIMENTOS CCTVM S/A;3;XP INVESTIMENTOS CCTVM S/A
MOTV3;40;0,06%;109.002.233;Balcão;23/07/2026;09:35:34;Novo (0);Regular (1);3;XP INVESTIMENTOS CCTVM S/A;3;XP INVESTIMENTOS CCTVM S/A
BITH11;1.300;0,11%;109.002.234;Balcão;23/07/2026;09:35:34;Novo (0);Regular (1);3;XP INVESTIMENTOS CCTVM S/A;3;XP INVESTIMENTOS CCTVM S/A
MXRF11;3;0,11%;109.002.232;Balcão;23/07/2026;09:35:34;Novo (0);Regular (1);3;XP INVESTIMENTOS CCTVM S/A;3;XP INVESTIMENTOS CCTVM S/A
GRND3;50;0,15%;109.002.231;Balcão;23/07/2026;09:35:33;Novo (0);Regular (1);3;XP INVESTIMENTOS CCTVM S/A;3;XP INVESTIMENTOS CCTVM S/A
ITRI11;3;24,90%;109.002.227;Balcão;23/07/2026;09:35:33;Novo (0);Regular (1);3;XP INVESTIMENTOS CCTVM S/A;3;XP INVESTIMENTOS CCTVM S/A
MBRF3;26;6,33%;109.002.230;Balcão;23/07/2026;09:35:33;Novo (0);Regular (1);3;XP INVESTIMENTOS CCTVM S/A;3;XP INVESTIMENTOS CCTVM S/A
BBSE3;4;0,88%;109.002.228;Balcão;23/07/2026;09:35:32;Novo (0);Regular (1);3;XP INVESTIMENTOS CCTVM S/A;3;XP INVESTIMENTOS CCTVM S/A
SMFT3;200;0,07%;109.002.229;Balcão;23/07/2026;09:35:32;Novo (0);Regular (1);3;XP INVESTIMENTOS CCTVM S/A;3;XP INVESTIMENTOS CCTVM S/A
BBSE3;5;0,88%;109.002.224;Balcão;23/07/2026;09:35:32;Novo (0);Regular (1);3;XP INVESTIMENTOS CCTVM S/A;3;XP INVESTIMENTOS CCTVM S/A
ABEV3;393;2,88%;109.002.226;Balcão;23/07/2026;09:35:32;Novo (0);Regular (1);3;XP INVESTIMENTOS CCTVM S/A;3;XP INVESTIMENTOS CCTVM S/A
BBSE3;50;0,88%;109.002.225;Balcão;23/07/2026;09:35:32;Novo (0);Regular (1);3;XP INVESTIMENTOS CCTVM S/A;3;XP INVESTIMENTOS CCTVM S/A
BBSE3;50;0,88%;109.002.223;Balcão;23/07/2026;09:35:32;Novo (0);Regular (1);3;XP INVESTIMENTOS CCTVM S/A;3;XP INVESTIMENTOS CCTVM S/A
A1MD34;2;0,04%;109.002.222;Balcão;23/07/2026;09:35:32;Novo (0);Regular (1);3;XP INVESTIMENTOS CCTVM S/A;3;XP INVESTIMENTOS CCTVM S/A
CPLE3;200;0,03%;109.002.221;Balcão;23/07/2026;09:35:32;Novo (0);Regular (1);3;XP INVESTIMENTOS CCTVM S/A;3;XP INVESTIMENTOS CCTVM S/A
SLCE3;1;0,12%;109.002.220;Balcão;23/07/2026;09:35:32;Novo (0);Regular (1);3;XP INVESTIMENTOS CCTVM S/A;3;XP INVESTIMENTOS CCTVM S/A
A1MD34;2;0,04%;109.002.219;Balcão;23/07/2026;09:35:32;Novo (0);Regular (1);3;XP INVESTIMENTOS CCTVM S/A;3;XP INVESTIMENTOS CCTVM S/A
SBSP3;5;0,07%;109.002.217;Balcão;23/07/2026;09:35:32;Novo (0);Regular (1);3;XP INVESTIMENTOS CCTVM S/A;3;XP INVESTIMENTOS CCTVM S/A
MGLU3;6;14,36%;109.002.218;Balcão;23/07/2026;09:35:32;Novo (0);Regular (1);3;XP INVESTIMENTOS CCTVM S/A;3;XP INVESTIMENTOS CCTVM S/A
CMIN3;190;42,73%;109.002.215;Balcão;23/07/2026;09:35:32;Novo (0);Regular (1);3;XP INVESTIMENTOS CCTVM S/A;3;XP INVESTIMENTOS CCTVM S/A
CMIN3;200;42,73%;109.002.216;Balcão;23/07/2026;09:35:32;Novo (0);Regular (1);3;XP INVESTIMENTOS CCTVM S/A;3;XP INVESTIMENTOS CCTVM S/A
ITUB3;4;1,16%;109.002.213;Balcão;23/07/2026;09:35:32;Novo (0);Regular (1);3;XP INVESTIMENTOS CCTVM S/A;3;XP INVESTIMENTOS CCTVM S/A
MBRF3;1.300;6,33%;109.002.214;Balcão;23/07/2026;09:35:32;Novo (0);Regular (1);3;XP INVESTIMENTOS CCTVM S/A;3;XP INVESTIMENTOS CCTVM S/A
ABEV3;94;2,88%;109.002.211;Balcão;23/07/2026;09:35:32;Novo (0);Regular (1);3;XP INVESTIMENTOS CCTVM S/A;3;XP INVESTIMENTOS CCTVM S/A
CXSE3;91;0,09%;109.002.212;Balcão;23/07/2026;09:35:31;Novo (0);Regular (1);3;XP INVESTIMENTOS CCTVM S/A;3;XP INVESTIMENTOS CCTVM S/A
ABEV3;400;2,88%;109.002.210;Balcão;23/07/2026;09:35:31;Novo (0);Regular (1);3;XP INVESTIMENTOS CCTVM S/A;3;XP INVESTIMENTOS CCTVM S/A
XPML11;4;0,46%;109.002.209;Balcão;23/07/2026;09:35:31;Novo (0);Regular (1);3;XP INVESTIMENTOS CCTVM S/A;3;XP INVESTIMENTOS CCTVM S/A
BBSE3;50;0,88%;109.002.208;Balcão;23/07/2026;09:35:31;Novo (0);Regular (1);3;XP INVESTIMENTOS CCTVM S/A;3;XP INVESTIMENTOS CCTVM S/A
BBSE3;55;0,88%;109.002.207;Balcão;23/07/2026;09:35:31;Novo (0);Regular (1);3;XP INVESTIMENTOS CCTVM S/A;3;XP INVESTIMENTOS CCTVM S/A
BBDC4;1.300;0,02%;109.002.206;Balcão;23/07/2026;09:35:31;Novo (0);Regular (1);3;XP INVESTIMENTOS CCTVM S/A;3;XP INVESTIMENTOS CCTVM S/A
A1MD34;2;0,04%;109.002.204;Balcão;23/07/2026;09:35:31;Novo (0);Regular (1);3;XP INVESTIMENTOS CCTVM S/A;3;XP INVESTIMENTOS CCTVM S/A
SLCE3;50;0,12%;109.002.205;Balcão;23/07/2026;09:35:31;Novo (0);Regular (1);3;XP INVESTIMENTOS CCTVM S/A;3;XP INVESTIMENTOS CCTVM S/A
A1MD34;2;0,04%;109.002.194;Balcão;23/07/2026;09:35:31;Novo (0);Regular (1);3;XP INVESTIMENTOS CCTVM S/A;3;XP INVESTIMENTOS CCTVM S/A
ITUB3;1;1,16%;109.002.191;Balcão;23/07/2026;09:35:31;Novo (0);Regular (1);3;XP INVESTIMENTOS CCTVM S/A;3;XP INVESTIMENTOS CCTVM S/A
BBSE3;224;0,88%;109.002.192;Balcão;23/07/2026;09:35:31;Novo (0);Regular (1);3;XP INVESTIMENTOS CCTVM S/A;3;XP INVESTIMENTOS CCTVM S/A
KNCR11;4;0,15%;109.002.198;Balcão;23/07/2026;09:35:31;Novo (0);Regular (1);3;XP INVESTIMENTOS CCTVM S/A;3;XP INVESTIMENTOS CCTVM S/A
MBRF3;5;6,33%;109.002.190;Balcão;23/07/2026;09:35:31;Novo (0);Regular (1);3;XP INVESTIMENTOS CCTVM S/A;3;XP INVESTIMENTOS CCTVM S/A
KLBN11;200;0,66%;109.002.197;Balcão;23/07/2026;09:35:31;Novo (0);Regular (1);3;XP INVESTIMENTOS CCTVM S/A;3;XP INVESTIMENTOS CCTVM S/A
MCCI11;4;0,15%;109.002.203;Balcão;23/07/2026;09:35:31;Novo (0);Regular (1);3;XP INVESTIMENTOS CCTVM S/A;3;XP INVESTIMENTOS CCTVM S/A
MELI34;1;0,10%;109.002.196;Balcão;23/07/2026;09:35:31;Novo (0);Regular (1);3;XP INVESTIMENTOS CCTVM S/A;3;XP INVESTIMENTOS CCTVM S/A
SLCE3;3;0,12%;109.002.189;Balcão;23/07/2026;09:35:31;Novo (0);Regular (1);3;XP INVESTIMENTOS CCTVM S/A;3;XP INVESTIMENTOS CCTVM S/A
CMIN3;200;42,73%;109.002.188;Balcão;23/07/2026;09:35:31;Novo (0);Regular (1);3;XP INVESTIMENTOS CCTVM S/A;3;XP INVESTIMENTOS CCTVM S/A
BRKM5;8.000;18,15%;109.002.176;Balcão;23/07/2026;09:35:30;Novo (0);Regular (1);85;BTG PACTUAL CTVM S/A;85;BTG PACTUAL CTVM S/A
VISC11;60;0,47%;109.002.187;Balcão;23/07/2026;09:35:30;Novo (0);Regular (1);3;XP INVESTIMENTOS CCTVM S/A;3;XP INVESTIMENTOS CCTVM S/A
ITUB3;4;1,16%;109.002.186;Balcão;23/07/2026;09:35:30;Novo (0);Regular (1);3;XP INVESTIMENTOS CCTVM S/A;3;XP INVESTIMENTOS CCTVM S/A
XPBR31;7;0,04%;109.002.185;Balcão;23/07/2026;09:35:30;Novo (0);Regular (1);3;XP INVESTIMENTOS CCTVM S/A;3;XP INVESTIMENTOS CCTVM S/A
JSRE11;6;1,50%;109.002.183;Balcão;23/07/2026;09:35:30;Novo (0);Regular (1);3;XP INVESTIMENTOS CCTVM S/A;3;XP INVESTIMENTOS CCTVM S/A
PAGS34;200;0,11%;109.002.181;Balcão;23/07/2026;09:35:30;Novo (0);Regular (1);3;XP INVESTIMENTOS CCTVM S/A;3;XP INVESTIMENTOS CCTVM S/A
CMIN3;8;42,73%;109.002.184;Balcão;23/07/2026;09:35:30;Novo (0);Regular (1);3;XP INVESTIMENTOS CCTVM S/A;3;XP INVESTIMENTOS CCTVM S/A
HGLG11;5;0,15%;109.002.179;Balcão;23/07/2026;09:35:30;Novo (0);Regular (1);3;XP INVESTIMENTOS CCTVM S/A;3;XP INVESTIMENTOS CCTVM S/A
EMBJ3;247;0,06%;109.002.071;Balcão;23/07/2026;09:35:30;Novo (0);Regular (1);3;XP INVESTIMENTOS CCTVM S/A;3;XP INVESTIMENTOS CCTVM S/A
YDUQ3;2.000;0,10%;109.002.072;Balcão;23/07/2026;09:35:30;Novo (0);Regular (1);3;XP INVESTIMENTOS CCTVM S/A;3;XP INVESTIMENTOS CCTVM S/A
BBSE3;200;0,88%;109.002.182;Balcão;23/07/2026;09:35:30;Novo (0);Regular (1);3;XP INVESTIMENTOS CCTVM S/A;3;XP INVESTIMENTOS CCTVM S/A
CSNA3;60;0,80%;109.002.177;Balcão;23/07/2026;09:35:30;Novo (0);Regular (1);3;XP INVESTIMENTOS CCTVM S/A;3;XP INVESTIMENTOS CCTVM S/A
BBSE3;5;0,88%;109.002.180;Balcão;23/07/2026;09:35:30;Novo (0);Regular (1);3;XP INVESTIMENTOS CCTVM S/A;3;XP INVESTIMENTOS CCTVM S/A
ITUB3;4;1,16%;109.002.172;Balcão;23/07/2026;09:35:30;Novo (0);Regular (1);3;XP INVESTIMENTOS CCTVM S/A;3;XP INVESTIMENTOS CCTVM S/A
BBDC3;5;0,03%;109.002.178;Balcão;23/07/2026;09:35:30;Novo (0);Regular (1);3;XP INVESTIMENTOS CCTVM S/A;3;XP INVESTIMENTOS CCTVM S/A
SPCX34;1.500;0,29%;109.002.173;Balcão;23/07/2026;09:35:30;Novo (0);Regular (1);3;XP INVESTIMENTOS CCTVM S/A;3;XP INVESTIMENTOS CCTVM S/A
CMIN3;47;42,73%;109.002.175;Balcão;23/07/2026;09:35:29;Novo (0);Regular (1);3;XP INVESTIMENTOS CCTVM S/A;3;XP INVESTIMENTOS CCTVM S/A
BOVA11;103;0,72%;109.002.174;Balcão;23/07/2026;09:35:29;Novo (0);Regular (1);3;XP INVESTIMENTOS CCTVM S/A;3;XP INVESTIMENTOS CCTVM S/A
CMIN3;47;42,73%;109.002.171;Balcão;23/07/2026;09:35:29;Novo (0);Regular (1);3;XP INVESTIMENTOS CCTVM S/A;3;XP INVESTIMENTOS CCTVM S/A
SLCE3;1.521;0,12%;109.002.170;Balcão;23/07/2026;09:35:29;Novo (0);Regular (1);3;XP INVESTIMENTOS CCTVM S/A;3;XP INVESTIMENTOS CCTVM S/A
A1MD34;2;0,04%;109.002.166;Balcão;23/07/2026;09:35:29;Novo (0);Regular (1);3;XP INVESTIMENTOS CCTVM S/A;3;XP INVESTIMENTOS CCTVM S/A
LIGT3;60;18,80%;109.002.169;Balcão;23/07/2026;09:35:29;Novo (0);Regular (1);3;XP INVESTIMENTOS CCTVM S/A;3;XP INVESTIMENTOS CCTVM S/A
A1MD34;2;0,04%;109.002.162;Balcão;23/07/2026;09:35:29;Novo (0);Regular (1);3;XP INVESTIMENTOS CCTVM S/A;3;XP INVESTIMENTOS CCTVM S/A
ITUB3;2;1,16%;109.002.163;Balcão;23/07/2026;09:35:29;Novo (0);Regular (1);3;XP INVESTIMENTOS CCTVM S/A;3;XP INVESTIMENTOS CCTVM S/A
CMIN3;3;42,73%;109.002.158;Balcão;23/07/2026;09:35:29;Novo (0);Regular (1);3;XP INVESTIMENTOS CCTVM S/A;3;XP INVESTIMENTOS CCTVM S/A
CPTS11;58;0,33%;109.002.168;Balcão;23/07/2026;09:35:29;Novo (0);Regular (1);3;XP INVESTIMENTOS CCTVM S/A;3;XP INVESTIMENTOS CCTVM S/A
PETR3;151;0,02%;109.002.167;Balcão;23/07/2026;09:35:29;Novo (0);Regular (1);3;XP INVESTIMENTOS CCTVM S/A;3;XP INVESTIMENTOS CCTVM S/A
SMTO3;52;4,47%;109.002.164;Balcão;23/07/2026;09:35:29;Novo (0);Regular (1);3;XP INVESTIMENTOS CCTVM S/A;3;XP INVESTIMENTOS CCTVM S/A
ABEV3;100;2,88%;109.002.160;Balcão;23/07/2026;09:35:29;Novo (0);Regular (1);3;XP INVESTIMENTOS CCTVM S/A;3;XP INVESTIMENTOS CCTVM S/A
PETR3;49;0,02%;109.002.161;Balcão;23/07/2026;09:35:29;Novo (0);Regular (1);3;XP INVESTIMENTOS CCTVM S/A;3;XP INVESTIMENTOS CCTVM S/A
CASH3;5;5,55%;109.002.165;Balcão;23/07/2026;09:35:29;Novo (0);Regular (1);3;XP INVESTIMENTOS CCTVM S/A;3;XP INVESTIMENTOS CCTVM S/A
ITUB3;1;1,16%;109.002.159;Balcão;23/07/2026;09:35:28;Novo (0);Regular (1);3;XP INVESTIMENTOS CCTVM S/A;3;XP INVESTIMENTOS CCTVM S/A
ITSA4;59;0,01%;109.002.157;Balcão;23/07/2026;09:35:28;Novo (0);Regular (1);3;XP INVESTIMENTOS CCTVM S/A;3;XP INVESTIMENTOS CCTVM S/A
ABEV3;26;2,88%;109.002.147;Balcão;23/07/2026;09:35:28;Novo (0);Regular (1);3;XP INVESTIMENTOS CCTVM S/A;3;XP INVESTIMENTOS CCTVM S/A
KLBN4;5;0,02%;109.002.156;Balcão;23/07/2026;09:35:28;Novo (0);Regular (1);3;XP INVESTIMENTOS CCTVM S/A;3;XP INVESTIMENTOS CCTVM S/A
BOVA11;102;0,72%;109.002.155;Balcão;23/07/2026;09:35:28;Novo (0);Regular (1);3;XP INVESTIMENTOS CCTVM S/A;3;XP INVESTIMENTOS CCTVM S/A
CMIN3;200;42,73%;109.002.149;Balcão;23/07/2026;09:35:28;Novo (0);Regular (1);3;XP INVESTIMENTOS CCTVM S/A;3;XP INVESTIMENTOS CCTVM S/A
SMTO3;4;4,47%;109.002.153;Balcão;23/07/2026;09:35:28;Novo (0);Regular (1);3;XP INVESTIMENTOS CCTVM S/A;3;XP INVESTIMENTOS CCTVM S/A
HGRU11;50;0,12%;109.002.154;Balcão;23/07/2026;09:35:28;Novo (0);Regular (1);3;XP INVESTIMENTOS CCTVM S/A;3;XP INVESTIMENTOS CCTVM S/A
A1MD34;29;0,04%;109.002.150;Balcão;23/07/2026;09:35:28;Novo (0);Regular (1);3;XP INVESTIMENTOS CCTVM S/A;3;XP INVESTIMENTOS CCTVM S/A
BBSE3;5;0,88%;109.002.152;Balcão;23/07/2026;09:35:28;Novo (0);Regular (1);3;XP INVESTIMENTOS CCTVM S/A;3;XP INVESTIMENTOS CCTVM S/A
A1MD34;2;0,04%;109.002.148;Balcão;23/07/2026;09:35:28;Novo (0);Regular (1);3;XP INVESTIMENTOS CCTVM S/A;3;XP INVESTIMENTOS CCTVM S/A
ITUB3;4;1,16%;109.002.151;Balcão;23/07/2026;09:35:28;Novo (0);Regular (1);3;XP INVESTIMENTOS CCTVM S/A;3;XP INVESTIMENTOS CCTVM S/A
AAPL34;200;0,30%;109.002.146;Balcão;23/07/2026;09:35:28;Novo (0);Regular (1);3;XP INVESTIMENTOS CCTVM S/A;3;XP INVESTIMENTOS CCTVM S/A
MGLU3;1.800;14,36%;109.002.145;Balcão;23/07/2026;09:35:28;Novo (0);Regular (1);3;XP INVESTIMENTOS CCTVM S/A;3;XP INVESTIMENTOS CCTVM S/A
ABEV3;408;2,88%;109.002.143;Balcão;23/07/2026;09:35:28;Novo (0);Regular (1);3;XP INVESTIMENTOS CCTVM S/A;3;XP INVESTIMENTOS CCTVM S/A
ABEV3;19;2,88%;109.002.144;Balcão;23/07/2026;09:35:28;Novo (0);Regular (1);3;XP INVESTIMENTOS CCTVM S/A;3;XP INVESTIMENTOS CCTVM S/A
LREN3;7;0,05%;109.002.142;Balcão;23/07/2026;09:35:28;Novo (0);Regular (1);3;XP INVESTIMENTOS CCTVM S/A;3;XP INVESTIMENTOS CCTVM S/A
BBDC4;200;0,02%;109.002.141;Balcão;23/07/2026;09:35:28;Novo (0);Regular (1);3;XP INVESTIMENTOS CCTVM S/A;3;XP INVESTIMENTOS CCTVM S/A
CPLE3;6;0,03%;109.002.139;Balcão;23/07/2026;09:35:27;Novo (0);Regular (1);3;XP INVESTIMENTOS CCTVM S/A;3;XP INVESTIMENTOS CCTVM S/A
ABEV3;442;2,88%;109.002.140;Balcão;23/07/2026;09:35:27;Novo (0);Regular (1);3;XP INVESTIMENTOS CCTVM S/A;3;XP INVESTIMENTOS CCTVM S/A
BBSE3;5;0,88%;109.002.136;Balcão;23/07/2026;09:35:27;Novo (0);Regular (1);3;XP INVESTIMENTOS CCTVM S/A;3;XP INVESTIMENTOS CCTVM S/A
NVDC34;1.500;0,10%;109.002.137;Balcão;23/07/2026;09:35:27;Novo (0);Regular (1);3;XP INVESTIMENTOS CCTVM S/A;3;XP INVESTIMENTOS CCTVM S/A
BBSE3;229;0,88%;109.002.135;Balcão;23/07/2026;09:35:27;Novo (0);Regular (1);3;XP INVESTIMENTOS CCTVM S/A;3;XP INVESTIMENTOS CCTVM S/A
BBAS3;6;0,02%;109.002.138;Balcão;23/07/2026;09:35:27;Novo (0);Regular (1);3;XP INVESTIMENTOS CCTVM S/A;3;XP INVESTIMENTOS CCTVM S/A
CMIN3;47;42,73%;109.002.133;Balcão;23/07/2026;09:35:27;Novo (0);Regular (1);3;XP INVESTIMENTOS CCTVM S/A;3;XP INVESTIMENTOS CCTVM S/A
RDOR3;200;0,08%;109.002.134;Balcão;23/07/2026;09:35:27;Novo (0);Regular (1);3;XP INVESTIMENTOS CCTVM S/A;3;XP INVESTIMENTOS CCTVM S/A
CSNA3;5;0,80%;109.002.131;Balcão;23/07/2026;09:35:27;Novo (0);Regular (1);3;XP INVESTIMENTOS CCTVM S/A;3;XP INVESTIMENTOS CCTVM S/A
A1MD34;1;0,04%;109.002.132;Balcão;23/07/2026;09:35:27;Novo (0);Regular (1);3;XP INVESTIMENTOS CCTVM S/A;3;XP INVESTIMENTOS CCTVM S/A
BBSE3;6;0,88%;109.002.129;Balcão;23/07/2026;09:35:27;Novo (0);Regular (1);3;XP INVESTIMENTOS CCTVM S/A;3;XP INVESTIMENTOS CCTVM S/A
UGPA3;5;0,11%;109.002.130;Balcão;23/07/2026;09:35:27;Novo (0);Regular (1);3;XP INVESTIMENTOS CCTVM S/A;3;XP INVESTIMENTOS CCTVM S/A
WEGE3;200;0,03%;109.002.127;Balcão;23/07/2026;09:35:27;Novo (0);Regular (1);3;XP INVESTIMENTOS CCTVM S/A;3;XP INVESTIMENTOS CCTVM S/A
CMIN3;1.033;42,73%;109.002.128;Balcão;23/07/2026;09:35:27;Novo (0);Regular (1);3;XP INVESTIMENTOS CCTVM S/A;3;XP INVESTIMENTOS CCTVM S/A
ENEV3;9;0,09%;109.002.123;Balcão;23/07/2026;09:35:27;Novo (0);Regular (1);3;XP INVESTIMENTOS CCTVM S/A;3;XP INVESTIMENTOS CCTVM S/A
ITUB4;66;0,03%;109.002.121;Balcão;23/07/2026;09:35:27;Novo (0);Regular (1);3;XP INVESTIMENTOS CCTVM S/A;3;XP INVESTIMENTOS CCTVM S/A
BBAS3;225;0,02%;109.002.126;Balcão;23/07/2026;09:35:27;Novo (0);Regular (1);3;XP INVESTIMENTOS CCTVM S/A;3;XP INVESTIMENTOS CCTVM S/A
CMIN3;200;42,73%;109.002.125;Balcão;23/07/2026;09:35:26;Novo (0);Regular (1);3;XP INVESTIMENTOS CCTVM S/A;3;XP INVESTIMENTOS CCTVM S/A
BBSE3;7;0,88%;109.002.124;Balcão;23/07/2026;09:35:26;Novo (0);Regular (1);3;XP INVESTIMENTOS CCTVM S/A;3;XP INVESTIMENTOS CCTVM S/A
BRKM5;6;18,15%;109.002.120;Balcão;23/07/2026;09:35:26;Novo (0);Regular (1);3;XP INVESTIMENTOS CCTVM S/A;3;XP INVESTIMENTOS CCTVM S/A
SBSP3;5;0,07%;109.002.116;Balcão;23/07/2026;09:35:26;Novo (0);Regular (1);3;XP INVESTIMENTOS CCTVM S/A;3;XP INVESTIMENTOS CCTVM S/A
BOVA11;11;0,72%;109.002.115;Balcão;23/07/2026;09:35:26;Novo (0);Regular (1);3;XP INVESTIMENTOS CCTVM S/A;3;XP INVESTIMENTOS CCTVM S/A
PLPL3;3;1,77%;109.002.117;Balcão;23/07/2026;09:35:26;Novo (0);Regular (1);3;XP INVESTIMENTOS CCTVM S/A;3;XP INVESTIMENTOS CCTVM S/A
ABEV3;41;2,88%;109.002.114;Balcão;23/07/2026;09:35:26;Novo (0);Regular (1);3;XP INVESTIMENTOS CCTVM S/A;3;XP INVESTIMENTOS CCTVM S/A
RECV3;6;1,89%;109.002.122;Balcão;23/07/2026;09:35:26;Novo (0);Regular (1);3;XP INVESTIMENTOS CCTVM S/A;3;XP INVESTIMENTOS CCTVM S/A
MRVE3;1.900;0,15%;109.002.118;Balcão;23/07/2026;09:35:26;Novo (0);Regular (1);3;XP INVESTIMENTOS CCTVM S/A;3;XP INVESTIMENTOS CCTVM S/A
CMIN3;5;42,73%;109.002.113;Balcão;23/07/2026;09:35:26;Novo (0);Regular (1);3;XP INVESTIMENTOS CCTVM S/A;3;XP INVESTIMENTOS CCTVM S/A
VALE3;200;0,20%;109.002.112;Balcão;23/07/2026;09:35:26;Novo (0);Regular (1);3;XP INVESTIMENTOS CCTVM S/A;3;XP INVESTIMENTOS CCTVM S/A
ITUB3;4;1,16%;109.002.110;Balcão;23/07/2026;09:35:26;Novo (0);Regular (1);3;XP INVESTIMENTOS CCTVM S/A;3;XP INVESTIMENTOS CCTVM S/A
ITUB3;2;1,16%;109.002.111;Balcão;23/07/2026;09:35:26;Novo (0);Regular (1);3;XP INVESTIMENTOS CCTVM S/A;3;XP INVESTIMENTOS CCTVM S/A
CXSE3;6;0,09%;109.002.109;Balcão;23/07/2026;09:35:26;Novo (0);Regular (1);3;XP INVESTIMENTOS CCTVM S/A;3;XP INVESTIMENTOS CCTVM S/A
BBSE3;4;0,88%;109.002.107;Balcão;23/07/2026;09:35:26;Novo (0);Regular (1);3;XP INVESTIMENTOS CCTVM S/A;3;XP INVESTIMENTOS CCTVM S/A
SLCE3;1.761;0,12%;109.002.108;Balcão;23/07/2026;09:35:26;Novo (0);Regular (1);3;XP INVESTIMENTOS CCTVM S/A;3;XP INVESTIMENTOS CCTVM S/A
ITUB3;1.500;1,16%;109.002.106;Balcão;23/07/2026;09:35:26;Novo (0);Regular (1);3;XP INVESTIMENTOS CCTVM S/A;3;XP INVESTIMENTOS CCTVM S/A
ALOS3;206;0,06%;109.002.105;Balcão;23/07/2026;09:35:26;Novo (0);Regular (1);3;XP INVESTIMENTOS CCTVM S/A;3;XP INVESTIMENTOS CCTVM S/A
PGMN3;6;0,07%;109.002.104;Balcão;23/07/2026;09:35:25;Novo (0);Regular (1);3;XP INVESTIMENTOS CCTVM S/A;3;XP INVESTIMENTOS CCTVM S/A
ABEV3;100;2,88%;109.002.103;Balcão;23/07/2026;09:35:25;Novo (0);Regular (1);3;XP INVESTIMENTOS CCTVM S/A;3;XP INVESTIMENTOS CCTVM S/A
NVDC34;50;0,10%;109.002.102;Balcão;23/07/2026;09:35:25;Novo (0);Regular (1);3;XP INVESTIMENTOS CCTVM S/A;3;XP INVESTIMENTOS CCTVM S/A
SMTO3;1;4,47%;109.002.101;Balcão;23/07/2026;09:35:25;Novo (0);Regular (1);3;XP INVESTIMENTOS CCTVM S/A;3;XP INVESTIMENTOS CCTVM S/A
ABEV3;33;2,88%;109.002.100;Balcão;23/07/2026;09:35:25;Novo (0);Regular (1);3;XP INVESTIMENTOS CCTVM S/A;3;XP INVESTIMENTOS CCTVM S/A
VALE3;220;0,20%;109.002.099;Balcão;23/07/2026;09:35:25;Novo (0);Regular (1);3;XP INVESTIMENTOS CCTVM S/A;3;XP INVESTIMENTOS CCTVM S/A
CYRE3;4.606;0,08%;109.002.042;Balcão;23/07/2026;09:35:25;Novo (0);Regular (1);3;XP INVESTIMENTOS CCTVM S/A;3;XP INVESTIMENTOS CCTVM S/A
YDUQ3;2.000;0,10%;109.002.056;Balcão;23/07/2026;09:35:25;Novo (0);Regular (1);3;XP INVESTIMENTOS CCTVM S/A;3;XP INVESTIMENTOS CCTVM S/A
BBSE3;12.800;0,88%;109.002.028;Balcão;23/07/2026;09:35:25;Novo (0);Regular (1);3;XP INVESTIMENTOS CCTVM S/A;3;XP INVESTIMENTOS CCTVM S/A
LREN3;2.149;0,05%;109.002.015;Balcão;23/07/2026;09:35:25;Novo (0);Regular (1);3;XP INVESTIMENTOS CCTVM S/A;3;XP INVESTIMENTOS CCTVM S/A
HAPV3;10;0,24%;109.002.034;Balcão;23/07/2026;09:35:25;Novo (0);Regular (1);3;XP INVESTIMENTOS CCTVM S/A;3;XP INVESTIMENTOS CCTVM S/A
A1MD34;2;0,04%;109.002.098;Balcão;23/07/2026;09:35:25;Novo (0);Regular (1);3;XP INVESTIMENTOS CCTVM S/A;3;XP INVESTIMENTOS CCTVM S/A
CMIN3;13;42,73%;109.002.097;Balcão;23/07/2026;09:35:25;Novo (0);Regular (1);3;XP INVESTIMENTOS CCTVM S/A;3;XP INVESTIMENTOS CCTVM S/A
MDIA3;1.500;0,05%;109.002.095;Balcão;23/07/2026;09:35:25;Novo (0);Regular (1);3;XP INVESTIMENTOS CCTVM S/A;3;XP INVESTIMENTOS CCTVM S/A
SAPR4;54;0,08%;109.002.094;Balcão;23/07/2026;09:35:25;Novo (0);Regular (1);3;XP INVESTIMENTOS CCTVM S/A;3;XP INVESTIMENTOS CCTVM S/A
KNSC11;200;0,12%;109.002.096;Balcão;23/07/2026;09:35:25;Novo (0);Regular (1);3;XP INVESTIMENTOS CCTVM S/A;3;XP INVESTIMENTOS CCTVM S/A
MRVE3;6;0,15%;109.002.093;Balcão;23/07/2026;09:35:25;Novo (0);Regular (1);3;XP INVESTIMENTOS CCTVM S/A;3;XP INVESTIMENTOS CCTVM S/A
ABEV3;31;2,88%;109.002.092;Balcão;23/07/2026;09:35:25;Novo (0);Regular (1);3;XP INVESTIMENTOS CCTVM S/A;3;XP INVESTIMENTOS CCTVM S/A
A1MD34;2;0,04%;109.002.091;Balcão;23/07/2026;09:35:25;Novo (0);Regular (1);3;XP INVESTIMENTOS CCTVM S/A;3;XP INVESTIMENTOS CCTVM S/A
CMIN3;13;42,73%;109.002.090;Balcão;23/07/2026;09:35:25;Novo (0);Regular (1);3;XP INVESTIMENTOS CCTVM S/A;3;XP INVESTIMENTOS CCTVM S/A
CMIN3;47;42,73%;109.002.087;Balcão;23/07/2026;09:35:25;Novo (0);Regular (1);3;XP INVESTIMENTOS CCTVM S/A;3;XP INVESTIMENTOS CCTVM S/A
SMTO3;59;4,47%;109.002.089;Balcão;23/07/2026;09:35:25;Novo (0);Regular (1);3;XP INVESTIMENTOS CCTVM S/A;3;XP INVESTIMENTOS CCTVM S/A
ALOS3;58;0,06%;109.002.088;Balcão;23/07/2026;09:35:24;Novo (0);Regular (1);3;XP INVESTIMENTOS CCTVM S/A;3;XP INVESTIMENTOS CCTVM S/A
BBSE3;6;0,88%;109.002.086;Balcão;23/07/2026;09:35:24;Novo (0);Regular (1);3;XP INVESTIMENTOS CCTVM S/A;3;XP INVESTIMENTOS CCTVM S/A
EMBJ3;3;0,06%;109.002.085;Balcão;23/07/2026;09:35:24;Novo (0);Regular (1);3;XP INVESTIMENTOS CCTVM S/A;3;XP INVESTIMENTOS CCTVM S/A
BBDC4;2.000;0,02%;109.002.084;Balcão;23/07/2026;09:35:24;Novo (0);Regular (1);3;XP INVESTIMENTOS CCTVM S/A;3;XP INVESTIMENTOS CCTVM S/A
ABEV3;6;2,88%;109.002.069;Balcão;23/07/2026;09:35:24;Novo (0);Regular (1);3;XP INVESTIMENTOS CCTVM S/A;3;XP INVESTIMENTOS CCTVM S/A
BOVA11;60;0,72%;109.002.070;Balcão;23/07/2026;09:35:24;Novo (0);Regular (1);3;XP INVESTIMENTOS CCTVM S/A;3;XP INVESTIMENTOS CCTVM S/A
LREN3;1.773;0,05%;109.002.067;Balcão;23/07/2026;09:35:24;Novo (0);Regular (1);3;XP INVESTIMENTOS CCTVM S/A;3;XP INVESTIMENTOS CCTVM S/A
A1MD34;2;0,04%;109.002.068;Balcão;23/07/2026;09:35:24;Novo (0);Regular (1);3;XP INVESTIMENTOS CCTVM S/A;3;XP INVESTIMENTOS CCTVM S/A
PCAR3;457;17,70%;109.002.065;Balcão;23/07/2026;09:35:24;Novo (0);Regular (1);3;XP INVESTIMENTOS CCTVM S/A;3;XP INVESTIMENTOS CCTVM S/A
BBSE3;1;0,88%;109.002.066;Balcão;23/07/2026;09:35:24;Novo (0);Regular (1);3;XP INVESTIMENTOS CCTVM S/A;3;XP INVESTIMENTOS CCTVM S/A
A1MD34;2;0,04%;109.002.062;Balcão;23/07/2026;09:35:24;Novo (0);Regular (1);3;XP INVESTIMENTOS CCTVM S/A;3;XP INVESTIMENTOS CCTVM S/A
BBSE3;5;0,88%;109.002.064;Balcão;23/07/2026;09:35:24;Novo (0);Regular (1);3;XP INVESTIMENTOS CCTVM S/A;3;XP INVESTIMENTOS CCTVM S/A
BBSE3;54;0,88%;109.002.063;Balcão;23/07/2026;09:35:24;Novo (0);Regular (1);3;XP INVESTIMENTOS CCTVM S/A;3;XP INVESTIMENTOS CCTVM S/A
CPLE3;63;0,03%;109.002.061;Balcão;23/07/2026;09:35:24;Novo (0);Regular (1);3;XP INVESTIMENTOS CCTVM S/A;3;XP INVESTIMENTOS CCTVM S/A
MXRF11;62;0,11%;109.002.060;Balcão;23/07/2026;09:35:23;Novo (0);Regular (1);3;XP INVESTIMENTOS CCTVM S/A;3;XP INVESTIMENTOS CCTVM S/A
ABEV3;19;2,88%;109.002.059;Balcão;23/07/2026;09:35:23;Novo (0);Regular (1);3;XP INVESTIMENTOS CCTVM S/A;3;XP INVESTIMENTOS CCTVM S/A
KLBN11;256;0,66%;109.002.083;Balcão;23/07/2026;09:35:23;Novo (0);Regular (1);3;XP INVESTIMENTOS CCTVM S/A;3;XP INVESTIMENTOS CCTVM S/A
PCAR3;1.400;17,70%;109.002.058;Balcão;23/07/2026;09:35:23;Novo (0);Regular (1);3;XP INVESTIMENTOS CCTVM S/A;3;XP INVESTIMENTOS CCTVM S/A
EGIE3;241;7,59%;109.002.057;Balcão;23/07/2026;09:35:23;Novo (0);Regular (1);3;XP INVESTIMENTOS CCTVM S/A;3;XP INVESTIMENTOS CCTVM S/A
BBSE3;60;0,88%;109.002.054;Balcão;23/07/2026;09:35:23;Novo (0);Regular (1);3;XP INVESTIMENTOS CCTVM S/A;3;XP INVESTIMENTOS CCTVM S/A
BOVA11;61;0,72%;109.002.075;Balcão;23/07/2026;09:35:23;Novo (0);Regular (1);3;XP INVESTIMENTOS CCTVM S/A;3;XP INVESTIMENTOS CCTVM S/A
ABEV3;99;2,88%;109.002.055;Balcão;23/07/2026;09:35:23;Novo (0);Regular (1);3;XP INVESTIMENTOS CCTVM S/A;3;XP INVESTIMENTOS CCTVM S/A
CSNA3;200;0,80%;109.002.082;Balcão;23/07/2026;09:35:23;Novo (0);Regular (1);3;XP INVESTIMENTOS CCTVM S/A;3;XP INVESTIMENTOS CCTVM S/A
ABEV3;3;2,88%;109.002.053;Balcão;23/07/2026;09:35:23;Novo (0);Regular (1);3;XP INVESTIMENTOS CCTVM S/A;3;XP INVESTIMENTOS CCTVM S/A
ABEV3;452;2,88%;109.002.081;Balcão;23/07/2026;09:35:23;Novo (0);Regular (1);3;XP INVESTIMENTOS CCTVM S/A;3;XP INVESTIMENTOS CCTVM S/A
CMIN3;13;42,73%;109.002.052;Balcão;23/07/2026;09:35:23;Novo (0);Regular (1);3;XP INVESTIMENTOS CCTVM S/A;3;XP INVESTIMENTOS CCTVM S/A
CMIN3;3.300;42,73%;109.002.046;Balcão;23/07/2026;09:35:23;Novo (0);Regular (1);3;XP INVESTIMENTOS CCTVM S/A;3;XP INVESTIMENTOS CCTVM S/A
GGBR4;5;0,02%;109.002.080;Balcão;23/07/2026;09:35:23;Novo (0);Regular (1);3;XP INVESTIMENTOS CCTVM S/A;3;XP INVESTIMENTOS CCTVM S/A
BBSE3;7;0,88%;109.002.079;Balcão;23/07/2026;09:35:23;Novo (0);Regular (1);3;XP INVESTIMENTOS CCTVM S/A;3;XP INVESTIMENTOS CCTVM S/A
HGLG11;7;0,15%;109.002.051;Balcão;23/07/2026;09:35:23;Novo (0);Regular (1);3;XP INVESTIMENTOS CCTVM S/A;3;XP INVESTIMENTOS CCTVM S/A
BRKM5;7;18,15%;109.002.077;Balcão;23/07/2026;09:35:23;Novo (0);Regular (1);3;XP INVESTIMENTOS CCTVM S/A;3;XP INVESTIMENTOS CCTVM S/A
AZZA3;250;29,29%;109.002.050;Balcão;23/07/2026;09:35:23;Novo (0);Regular (1);3;XP INVESTIMENTOS CCTVM S/A;3;XP INVESTIMENTOS CCTVM S/A
PCAR3;2.000;17,70%;109.002.049;Balcão;23/07/2026;09:35:23;Novo (0);Regular (1);3;XP INVESTIMENTOS CCTVM S/A;3;XP INVESTIMENTOS CCTVM S/A
WIZC3;7;0,34%;109.002.078;Balcão;23/07/2026;09:35:23;Novo (0);Regular (1);3;XP INVESTIMENTOS CCTVM S/A;3;XP INVESTIMENTOS CCTVM S/A
BOVA11;7;0,72%;109.002.047;Balcão;23/07/2026;09:35:22;Novo (0);Regular (1);3;XP INVESTIMENTOS CCTVM S/A;3;XP INVESTIMENTOS CCTVM S/A
PETR3;7;0,02%;109.002.048;Balcão;23/07/2026;09:35:22;Novo (0);Regular (1);3;XP INVESTIMENTOS CCTVM S/A;3;XP INVESTIMENTOS CCTVM S/A
PCAR3;2.000;17,70%;109.002.074;Balcão;23/07/2026;09:35:22;Novo (0);Regular (1);3;XP INVESTIMENTOS CCTVM S/A;3;XP INVESTIMENTOS CCTVM S/A
VALE3;67;0,20%;109.002.076;Balcão;23/07/2026;09:35:22;Novo (0);Regular (1);3;XP INVESTIMENTOS CCTVM S/A;3;XP INVESTIMENTOS CCTVM S/A
XPLG11;6;1,38%;109.002.044;Balcão;23/07/2026;09:35:22;Novo (0);Regular (1);3;XP INVESTIMENTOS CCTVM S/A;3;XP INVESTIMENTOS CCTVM S/A
CASH3;250;5,55%;109.002.041;Balcão;23/07/2026;09:35:22;Novo (0);Regular (1);3;XP INVESTIMENTOS CCTVM S/A;3;XP INVESTIMENTOS CCTVM S/A
CMIN3;3.300;42,73%;109.002.040;Balcão;23/07/2026;09:35:22;Novo (0);Regular (1);3;XP INVESTIMENTOS CCTVM S/A;3;XP INVESTIMENTOS CCTVM S/A
MSFT34;1.900;0,10%;109.002.045;Balcão;23/07/2026;09:35:22;Novo (0);Regular (1);3;XP INVESTIMENTOS CCTVM S/A;3;XP INVESTIMENTOS CCTVM S/A
CMIN3;221;42,73%;109.002.026;Balcão;23/07/2026;09:35:22;Novo (0);Regular (1);3;XP INVESTIMENTOS CCTVM S/A;3;XP INVESTIMENTOS CCTVM S/A
CMIN3;52;42,73%;109.002.043;Balcão;23/07/2026;09:35:22;Novo (0);Regular (1);3;XP INVESTIMENTOS CCTVM S/A;3;XP INVESTIMENTOS CCTVM S/A
KCRE11;7;12,00%;109.002.038;Balcão;23/07/2026;09:35:22;Novo (0);Regular (1);3;XP INVESTIMENTOS CCTVM S/A;3;XP INVESTIMENTOS CCTVM S/A
SMFT3;6;0,07%;109.002.073;Balcão;23/07/2026;09:35:22;Novo (0);Regular (1);3;XP INVESTIMENTOS CCTVM S/A;3;XP INVESTIMENTOS CCTVM S/A
AZZA3;2.000;29,29%;109.002.031;Balcão;23/07/2026;09:35:22;Novo (0);Regular (1);3;XP INVESTIMENTOS CCTVM S/A;3;XP INVESTIMENTOS CCTVM S/A
ABEV3;146;2,88%;109.002.025;Balcão;23/07/2026;09:35:22;Novo (0);Regular (1);3;XP INVESTIMENTOS CCTVM S/A;3;XP INVESTIMENTOS CCTVM S/A
PETR3;64;0,02%;109.002.033;Balcão;23/07/2026;09:35:22;Novo (0);Regular (1);3;XP INVESTIMENTOS CCTVM S/A;3;XP INVESTIMENTOS CCTVM S/A
ABEV3;23;2,88%;109.002.036;Balcão;23/07/2026;09:35:22;Novo (0);Regular (1);3;XP INVESTIMENTOS CCTVM S/A;3;XP INVESTIMENTOS CCTVM S/A
VALE3;63;0,20%;109.002.039;Balcão;23/07/2026;09:35:22;Novo (0);Regular (1);3;XP INVESTIMENTOS CCTVM S/A;3;XP INVESTIMENTOS CCTVM S/A
LJQQ3;15.000;3,06%;109.002.032;Balcão;23/07/2026;09:35:22;Novo (0);Regular (1);3;XP INVESTIMENTOS CCTVM S/A;3;XP INVESTIMENTOS CCTVM S/A
MRVE3;16;0,15%;109.002.030;Balcão;23/07/2026;09:35:22;Novo (0);Regular (1);3;XP INVESTIMENTOS CCTVM S/A;3;XP INVESTIMENTOS CCTVM S/A
LVBI11;6;1,88%;109.002.035;Balcão;23/07/2026;09:35:22;Novo (0);Regular (1);3;XP INVESTIMENTOS CCTVM S/A;3;XP INVESTIMENTOS CCTVM S/A
RECV3;68;1,89%;109.002.024;Balcão;23/07/2026;09:35:21;Novo (0);Regular (1);3;XP INVESTIMENTOS CCTVM S/A;3;XP INVESTIMENTOS CCTVM S/A
HGBS11;6;0,65%;109.002.027;Balcão;23/07/2026;09:35:21;Novo (0);Regular (1);3;XP INVESTIMENTOS CCTVM S/A;3;XP INVESTIMENTOS CCTVM S/A
ISAE4;2.000;0,43%;109.002.023;Balcão;23/07/2026;09:35:21;Novo (0);Regular (1);3;XP INVESTIMENTOS CCTVM S/A;3;XP INVESTIMENTOS CCTVM S/A
TGMA3;1.150;0,51%;109.002.022;Balcão;23/07/2026;09:35:21;Novo (0);Regular (1);3;XP INVESTIMENTOS CCTVM S/A;3;XP INVESTIMENTOS CCTVM S/A
BOVA11;8;0,72%;109.002.016;Balcão;23/07/2026;09:35:21;Novo (0);Regular (1);3;XP INVESTIMENTOS CCTVM S/A;3;XP INVESTIMENTOS CCTVM S/A
USIM5;63;0,04%;109.002.021;Balcão;23/07/2026;09:35:21;Novo (0);Regular (1);3;XP INVESTIMENTOS CCTVM S/A;3;XP INVESTIMENTOS CCTVM S/A
TGAR11;270;0,11%;109.002.020;Balcão;23/07/2026;09:35:21;Novo (0);Regular (1);3;XP INVESTIMENTOS CCTVM S/A;3;XP INVESTIMENTOS CCTVM S/A
PCAR3;2.000;17,70%;109.002.019;Balcão;23/07/2026;09:35:21;Novo (0);Regular (1);3;XP INVESTIMENTOS CCTVM S/A;3;XP INVESTIMENTOS CCTVM S/A
ANIM3;1.259;0,39%;109.002.018;Balcão;23/07/2026;09:35:21;Novo (0);Regular (1);3;XP INVESTIMENTOS CCTVM S/A;3;XP INVESTIMENTOS CCTVM S/A
CMIN3;1.216;42,73%;109.002.017;Balcão;23/07/2026;09:35:21;Novo (0);Regular (1);3;XP INVESTIMENTOS CCTVM S/A;3;XP INVESTIMENTOS CCTVM S/A
ITUB3;5;1,16%;109.002.002;Balcão;23/07/2026;09:35:21;Novo (0);Regular (1);3;XP INVESTIMENTOS CCTVM S/A;3;XP INVESTIMENTOS CCTVM S/A
BSLV39;75;0,10%;109.002.001;Balcão;23/07/2026;09:35:21;Novo (0);Regular (1);3;XP INVESTIMENTOS CCTVM S/A;3;XP INVESTIMENTOS CCTVM S/A
ITUB3;39;1,16%;109.001.999;Balcão;23/07/2026;09:35:21;Novo (0);Regular (1);3;XP INVESTIMENTOS CCTVM S/A;3;XP INVESTIMENTOS CCTVM S/A
CYRE3;2.000;0,08%;109.001.997;Balcão;23/07/2026;09:35:21;Novo (0);Regular (1);3;XP INVESTIMENTOS CCTVM S/A;3;XP INVESTIMENTOS CCTVM S/A
ANIM3;13.000;0,39%;109.001.994;Balcão;23/07/2026;09:35:21;Novo (0);Regular (1);3;XP INVESTIMENTOS CCTVM S/A;3;XP INVESTIMENTOS CCTVM S/A
M1TA34;65;0,29%;109.001.996;Balcão;23/07/2026;09:35:21;Novo (0);Regular (1);3;XP INVESTIMENTOS CCTVM S/A;3;XP INVESTIMENTOS CCTVM S/A
PORD11;70;3,02%;109.002.000;Balcão;23/07/2026;09:35:21;Novo (0);Regular (1);3;XP INVESTIMENTOS CCTVM S/A;3;XP INVESTIMENTOS CCTVM S/A
BBSE3;300;0,88%;109.001.998;Balcão;23/07/2026;09:35:21;Novo (0);Regular (1);3;XP INVESTIMENTOS CCTVM S/A;3;XP INVESTIMENTOS CCTVM S/A
CXSE3;8;0,09%;109.001.993;Balcão;23/07/2026;09:35:20;Novo (0);Regular (1);3;XP INVESTIMENTOS CCTVM S/A;3;XP INVESTIMENTOS CCTVM S/A
ABEV3;133;2,88%;109.001.995;Balcão;23/07/2026;09:35:20;Novo (0);Regular (1);3;XP INVESTIMENTOS CCTVM S/A;3;XP INVESTIMENTOS CCTVM S/A
CXSE3;9;0,09%;109.001.990;Balcão;23/07/2026;09:35:20;Novo (0);Regular (1);3;XP INVESTIMENTOS CCTVM S/A;3;XP INVESTIMENTOS CCTVM S/A
BOVA11;189;0,72%;109.001.989;Balcão;23/07/2026;09:35:20;Novo (0);Regular (1);3;XP INVESTIMENTOS CCTVM S/A;3;XP INVESTIMENTOS CCTVM S/A
TAEE11;10;0,17%;109.001.991;Balcão;23/07/2026;09:35:20;Novo (0);Regular (1);3;XP INVESTIMENTOS CCTVM S/A;3;XP INVESTIMENTOS CCTVM S/A
BIVB39;4.620;0,10%;109.001.992;Balcão;23/07/2026;09:35:20;Novo (0);Regular (1);3;XP INVESTIMENTOS CCTVM S/A;3;XP INVESTIMENTOS CCTVM S/A
ABEV3;52;2,88%;109.001.987;Balcão;23/07/2026;09:35:20;Novo (0);Regular (1);3;XP INVESTIMENTOS CCTVM S/A;3;XP INVESTIMENTOS CCTVM S/A
BIVB39;3.864;0,10%;109.002.013;Balcão;23/07/2026;09:35:20;Novo (0);Regular (1);3;XP INVESTIMENTOS CCTVM S/A;3;XP INVESTIMENTOS CCTVM S/A
B3SA3;2.494;0,02%;109.002.011;Balcão;23/07/2026;09:35:20;Novo (0);Regular (1);3;XP INVESTIMENTOS CCTVM S/A;3;XP INVESTIMENTOS CCTVM S/A
USIM5;69;0,04%;109.002.012;Balcão;23/07/2026;09:35:20;Novo (0);Regular (1);3;XP INVESTIMENTOS CCTVM S/A;3;XP INVESTIMENTOS CCTVM S/A
CMIN3;3.300;42,73%;109.002.010;Balcão;23/07/2026;09:35:20;Novo (0);Regular (1);3;XP INVESTIMENTOS CCTVM S/A;3;XP INVESTIMENTOS CCTVM S/A
VALE3;67;0,20%;109.001.988;Balcão;23/07/2026;09:35:20;Novo (0);Regular (1);3;XP INVESTIMENTOS CCTVM S/A;3;XP INVESTIMENTOS CCTVM S/A
CXSE3;110;0,09%;109.002.009;Balcão;23/07/2026;09:35:20;Novo (0);Regular (1);3;XP INVESTIMENTOS CCTVM S/A;3;XP INVESTIMENTOS CCTVM S/A
AMER3;2.000;19,82%;109.001.985;Balcão;23/07/2026;09:35:20;Novo (0);Regular (1);3;XP INVESTIMENTOS CCTVM S/A;3;XP INVESTIMENTOS CCTVM S/A
B3SA3;5.506;0,02%;109.001.986;Balcão;23/07/2026;09:35:20;Novo (0);Regular (1);3;XP INVESTIMENTOS CCTVM S/A;3;XP INVESTIMENTOS CCTVM S/A
ASAI3;70;18,34%;109.001.984;Balcão;23/07/2026;09:35:20;Novo (0);Regular (1);3;XP INVESTIMENTOS CCTVM S/A;3;XP INVESTIMENTOS CCTVM S/A
LWSA3;61;0,11%;109.001.983;Balcão;23/07/2026;09:35:20;Novo (0);Regular (1);3;XP INVESTIMENTOS CCTVM S/A;3;XP INVESTIMENTOS CCTVM S/A
INTB3;8;0,08%;109.001.982;Balcão;23/07/2026;09:35:20;Novo (0);Regular (1);3;XP INVESTIMENTOS CCTVM S/A;3;XP INVESTIMENTOS CCTVM S/A
MBRF3;8;6,33%;109.001.977;Balcão;23/07/2026;09:35:19;Novo (0);Regular (1);3;XP INVESTIMENTOS CCTVM S/A;3;XP INVESTIMENTOS CCTVM S/A
CMIN3;1.344;42,73%;109.001.974;Balcão;23/07/2026;09:35:19;Novo (0);Regular (1);3;XP INVESTIMENTOS CCTVM S/A;3;XP INVESTIMENTOS CCTVM S/A
BMGB4;255;0,07%;109.001.979;Balcão;23/07/2026;09:35:19;Novo (0);Regular (1);3;XP INVESTIMENTOS CCTVM S/A;3;XP INVESTIMENTOS CCTVM S/A
RAPT4;7;0,10%;109.001.980;Balcão;23/07/2026;09:35:19;Novo (0);Regular (1);3;XP INVESTIMENTOS CCTVM S/A;3;XP INVESTIMENTOS CCTVM S/A
BSLV39;207;0,10%;109.001.981;Balcão;23/07/2026;09:35:19;Novo (0);Regular (1);3;XP INVESTIMENTOS CCTVM S/A;3;XP INVESTIMENTOS CCTVM S/A
NVDC34;10;0,10%;109.001.857;Balcão;23/07/2026;09:35:19;Novo (0);Regular (1);3;XP INVESTIMENTOS CCTVM S/A;3;XP INVESTIMENTOS CCTVM S/A
BEEF3;318;1,88%;109.001.858;Balcão;23/07/2026;09:35:19;Novo (0);Regular (1);3;XP INVESTIMENTOS CCTVM S/A;3;XP INVESTIMENTOS CCTVM S/A
RAIL3;300;0,23%;109.001.859;Balcão;23/07/2026;09:35:19;Novo (0);Regular (1);3;XP INVESTIMENTOS CCTVM S/A;3;XP INVESTIMENTOS CCTVM S/A
CMIN3;3.300;42,73%;109.001.976;Balcão;23/07/2026;09:35:19;Novo (0);Regular (1);3;XP INVESTIMENTOS CCTVM S/A;3;XP INVESTIMENTOS CCTVM S/A
BOVA11;38;0,72%;109.001.978;Balcão;23/07/2026;09:35:19;Novo (0);Regular (1);3;XP INVESTIMENTOS CCTVM S/A;3;XP INVESTIMENTOS CCTVM S/A
ABEV3;9;2,88%;109.001.975;Balcão;23/07/2026;09:35:19;Novo (0);Regular (1);3;XP INVESTIMENTOS CCTVM S/A;3;XP INVESTIMENTOS CCTVM S/A
BIVB39;1.607;0,10%;109.001.972;Balcão;23/07/2026;09:35:19;Novo (0);Regular (1);3;XP INVESTIMENTOS CCTVM S/A;3;XP INVESTIMENTOS CCTVM S/A
ITUB3;4;1,16%;109.001.971;Balcão;23/07/2026;09:35:19;Novo (0);Regular (1);3;XP INVESTIMENTOS CCTVM S/A;3;XP INVESTIMENTOS CCTVM S/A
CMIN3;3.800;42,73%;109.001.970;Balcão;23/07/2026;09:35:19;Novo (0);Regular (1);3;XP INVESTIMENTOS CCTVM S/A;3;XP INVESTIMENTOS CCTVM S/A
CMIN3;60;42,73%;109.001.973;Balcão;23/07/2026;09:35:19;Novo (0);Regular (1);3;XP INVESTIMENTOS CCTVM S/A;3;XP INVESTIMENTOS CCTVM S/A
ITUB3;33;1,16%;109.001.969;Balcão;23/07/2026;09:35:19;Novo (0);Regular (1);3;XP INVESTIMENTOS CCTVM S/A;3;XP INVESTIMENTOS CCTVM S/A
BBSE3;63;0,88%;109.001.968;Balcão;23/07/2026;09:35:19;Novo (0);Regular (1);3;XP INVESTIMENTOS CCTVM S/A;3;XP INVESTIMENTOS CCTVM S/A
VALE3;8;0,20%;109.001.967;Balcão;23/07/2026;09:35:19;Novo (0);Regular (1);3;XP INVESTIMENTOS CCTVM S/A;3;XP INVESTIMENTOS CCTVM S/A
USIM5;2.000;0,04%;109.001.965;Balcão;23/07/2026;09:35:19;Novo (0);Regular (1);3;XP INVESTIMENTOS CCTVM S/A;3;XP INVESTIMENTOS CCTVM S/A
VCJR11;7;7,00%;109.001.966;Balcão;23/07/2026;09:35:19;Novo (0);Regular (1);3;XP INVESTIMENTOS CCTVM S/A;3;XP INVESTIMENTOS CCTVM S/A
BBAS3;300;0,02%;109.001.963;Balcão;23/07/2026;09:35:18;Novo (0);Regular (1);3;XP INVESTIMENTOS CCTVM S/A;3;XP INVESTIMENTOS CCTVM S/A
ABEV3;119;2,88%;109.001.964;Balcão;23/07/2026;09:35:18;Novo (0);Regular (1);3;XP INVESTIMENTOS CCTVM S/A;3;XP INVESTIMENTOS CCTVM S/A
BEEF3;16.000;1,88%;109.001.962;Balcão;23/07/2026;09:35:18;Novo (0);Regular (1);3;XP INVESTIMENTOS CCTVM S/A;3;XP INVESTIMENTOS CCTVM S/A
AMER3;8;19,82%;109.001.961;Balcão;23/07/2026;09:35:18;Novo (0);Regular (1);3;XP INVESTIMENTOS CCTVM S/A;3;XP INVESTIMENTOS CCTVM S/A
PETR4;64;0,08%;109.001.960;Balcão;23/07/2026;09:35:18;Novo (0);Regular (1);3;XP INVESTIMENTOS CCTVM S/A;3;XP INVESTIMENTOS CCTVM S/A
CVCB3;2.000;3,97%;109.001.959;Balcão;23/07/2026;09:35:18;Novo (0);Regular (1);3;XP INVESTIMENTOS CCTVM S/A;3;XP INVESTIMENTOS CCTVM S/A
BBDC4;2.000;0,02%;109.001.958;Balcão;23/07/2026;09:35:18;Novo (0);Regular (1);3;XP INVESTIMENTOS CCTVM S/A;3;XP INVESTIMENTOS CCTVM S/A
ABEV3;7;2,88%;109.001.955;Balcão;23/07/2026;09:35:18;Novo (0);Regular (1);3;XP INVESTIMENTOS CCTVM S/A;3;XP INVESTIMENTOS CCTVM S/A
B3SA3;6.000;0,02%;109.001.957;Balcão;23/07/2026;09:35:18;Novo (0);Regular (1);3;XP INVESTIMENTOS CCTVM S/A;3;XP INVESTIMENTOS CCTVM S/A
CMIN3;2.336;42,73%;109.001.956;Balcão;23/07/2026;09:35:18;Novo (0);Regular (1);3;XP INVESTIMENTOS CCTVM S/A;3;XP INVESTIMENTOS CCTVM S/A
IVVB11;9;0,16%;109.001.954;Balcão;23/07/2026;09:35:18;Novo (0);Regular (1);3;XP INVESTIMENTOS CCTVM S/A;3;XP INVESTIMENTOS CCTVM S/A
ABEV3;160;2,88%;109.001.951;Balcão;23/07/2026;09:35:18;Novo (0);Regular (1);3;XP INVESTIMENTOS CCTVM S/A;3;XP INVESTIMENTOS CCTVM S/A
CMIN3;10;42,73%;109.001.949;Balcão;23/07/2026;09:35:18;Novo (0);Regular (1);3;XP INVESTIMENTOS CCTVM S/A;3;XP INVESTIMENTOS CCTVM S/A
CSAN3;10;3,11%;109.001.953;Balcão;23/07/2026;09:35:18;Novo (0);Regular (1);3;XP INVESTIMENTOS CCTVM S/A;3;XP INVESTIMENTOS CCTVM S/A
CMIN3;617;42,73%;109.001.952;Balcão;23/07/2026;09:35:18;Novo (0);Regular (1);3;XP INVESTIMENTOS CCTVM S/A;3;XP INVESTIMENTOS CCTVM S/A
SMFT3;9;0,07%;109.001.947;Balcão;23/07/2026;09:35:18;Novo (0);Regular (1);3;XP INVESTIMENTOS CCTVM S/A;3;XP INVESTIMENTOS CCTVM S/A
CMIN3;3.720;42,73%;109.001.950;Balcão;23/07/2026;09:35:17;Novo (0);Regular (1);3;XP INVESTIMENTOS CCTVM S/A;3;XP INVESTIMENTOS CCTVM S/A
ABEV3;155;2,88%;109.001.948;Balcão;23/07/2026;09:35:17;Novo (0);Regular (1);3;XP INVESTIMENTOS CCTVM S/A;3;XP INVESTIMENTOS CCTVM S/A
AZZA3;70;29,29%;109.001.945;Balcão;23/07/2026;09:35:17;Novo (0);Regular (1);3;XP INVESTIMENTOS CCTVM S/A;3;XP INVESTIMENTOS CCTVM S/A
CMIN3;3.800;42,73%;109.001.946;Balcão;23/07/2026;09:35:17;Novo (0);Regular (1);3;XP INVESTIMENTOS CCTVM S/A;3;XP INVESTIMENTOS CCTVM S/A
PCAR3;2.494;17,70%;109.001.942;Balcão;23/07/2026;09:35:17;Novo (0);Regular (1);3;XP INVESTIMENTOS CCTVM S/A;3;XP INVESTIMENTOS CCTVM S/A
CMIN3;5;42,73%;109.001.944;Balcão;23/07/2026;09:35:17;Novo (0);Regular (1);3;XP INVESTIMENTOS CCTVM S/A;3;XP INVESTIMENTOS CCTVM S/A
CMIN3;4.000;42,73%;109.001.940;Balcão;23/07/2026;09:35:17;Novo (0);Regular (1);3;XP INVESTIMENTOS CCTVM S/A;3;XP INVESTIMENTOS CCTVM S/A
BTLG11;292;0,11%;109.001.941;Balcão;23/07/2026;09:35:17;Novo (0);Regular (1);3;XP INVESTIMENTOS CCTVM S/A;3;XP INVESTIMENTOS CCTVM S/A
ABEV3;80;2,88%;109.001.943;Balcão;23/07/2026;09:35:17;Novo (0);Regular (1);3;XP INVESTIMENTOS CCTVM S/A;3;XP INVESTIMENTOS CCTVM S/A
ASAI3;1;18,34%;109.001.938;Balcão;23/07/2026;09:35:17;Novo (0);Regular (1);3;XP INVESTIMENTOS CCTVM S/A;3;XP INVESTIMENTOS CCTVM S/A
VALE3;72;0,20%;109.001.936;Balcão;23/07/2026;09:35:17;Novo (0);Regular (1);3;XP INVESTIMENTOS CCTVM S/A;3;XP INVESTIMENTOS CCTVM S/A
BOVA11;31;0,72%;109.001.939;Balcão;23/07/2026;09:35:17;Novo (0);Regular (1);3;XP INVESTIMENTOS CCTVM S/A;3;XP INVESTIMENTOS CCTVM S/A
MOTV3;70;0,06%;109.001.926;Balcão;23/07/2026;09:35:17;Novo (0);Regular (1);3;XP INVESTIMENTOS CCTVM S/A;3;XP INVESTIMENTOS CCTVM S/A
BBSE3;300;0,88%;109.001.933;Balcão;23/07/2026;09:35:17;Novo (0);Regular (1);3;XP INVESTIMENTOS CCTVM S/A;3;XP INVESTIMENTOS CCTVM S/A
VALE3;300;0,20%;109.001.937;Balcão;23/07/2026;09:35:17;Novo (0);Regular (1);3;XP INVESTIMENTOS CCTVM S/A;3;XP INVESTIMENTOS CCTVM S/A
ENGI11;2;0,12%;109.001.931;Balcão;23/07/2026;09:35:17;Novo (0);Regular (1);3;XP INVESTIMENTOS CCTVM S/A;3;XP INVESTIMENTOS CCTVM S/A
VAMO3;70;0,07%;109.001.929;Balcão;23/07/2026;09:35:17;Novo (0);Regular (1);3;XP INVESTIMENTOS CCTVM S/A;3;XP INVESTIMENTOS CCTVM S/A
IFCM3;78;1,96%;109.001.928;Balcão;23/07/2026;09:35:17;Novo (0);Regular (1);3;XP INVESTIMENTOS CCTVM S/A;3;XP INVESTIMENTOS CCTVM S/A
TGMA3;251;0,51%;109.001.935;Balcão;23/07/2026;09:35:17;Novo (0);Regular (1);3;XP INVESTIMENTOS CCTVM S/A;3;XP INVESTIMENTOS CCTVM S/A
CYRE3;11.000;0,08%;109.001.934;Balcão;23/07/2026;09:35:16;Novo (0);Regular (1);3;XP INVESTIMENTOS CCTVM S/A;3;XP INVESTIMENTOS CCTVM S/A
VGIA11;290;0,15%;109.001.932;Balcão;23/07/2026;09:35:16;Novo (0);Regular (1);3;XP INVESTIMENTOS CCTVM S/A;3;XP INVESTIMENTOS CCTVM S/A
ABEV3;52;2,88%;109.001.927;Balcão;23/07/2026;09:35:16;Novo (0);Regular (1);3;XP INVESTIMENTOS CCTVM S/A;3;XP INVESTIMENTOS CCTVM S/A
CMIN3;65;42,73%;109.001.930;Balcão;23/07/2026;09:35:16;Novo (0);Regular (1);3;XP INVESTIMENTOS CCTVM S/A;3;XP INVESTIMENTOS CCTVM S/A
HAPV3;10;0,24%;109.001.922;Balcão;23/07/2026;09:35:16;Novo (0);Regular (1);3;XP INVESTIMENTOS CCTVM S/A;3;XP INVESTIMENTOS CCTVM S/A
CMIN3;2.656;42,73%;109.001.925;Balcão;23/07/2026;09:35:16;Novo (0);Regular (1);3;XP INVESTIMENTOS CCTVM S/A;3;XP INVESTIMENTOS CCTVM S/A
VGIA11;8;0,15%;109.001.923;Balcão;23/07/2026;09:35:16;Novo (0);Regular (1);3;XP INVESTIMENTOS CCTVM S/A;3;XP INVESTIMENTOS CCTVM S/A
BIVB39;2.640;0,10%;109.001.924;Balcão;23/07/2026;09:35:16;Novo (0);Regular (1);3;XP INVESTIMENTOS CCTVM S/A;3;XP INVESTIMENTOS CCTVM S/A
PCAR3;2;17,70%;109.001.921;Balcão;23/07/2026;09:35:16;Novo (0);Regular (1);3;XP INVESTIMENTOS CCTVM S/A;3;XP INVESTIMENTOS CCTVM S/A
CXSE3;184;0,09%;109.001.917;Balcão;23/07/2026;09:35:16;Novo (0);Regular (1);3;XP INVESTIMENTOS CCTVM S/A;3;XP INVESTIMENTOS CCTVM S/A
ANIM3;70;0,39%;109.001.916;Balcão;23/07/2026;09:35:16;Novo (0);Regular (1);3;XP INVESTIMENTOS CCTVM S/A;3;XP INVESTIMENTOS CCTVM S/A
PETR3;8;0,02%;109.001.915;Balcão;23/07/2026;09:35:16;Novo (0);Regular (1);3;XP INVESTIMENTOS CCTVM S/A;3;XP INVESTIMENTOS CCTVM S/A
ROXO34;2.000;0,06%;109.001.920;Balcão;23/07/2026;09:35:16;Novo (0);Regular (1);3;XP INVESTIMENTOS CCTVM S/A;3;XP INVESTIMENTOS CCTVM S/A
TTEN3;3.000;0,05%;109.001.914;Balcão;23/07/2026;09:35:16;Novo (0);Regular (1);3;XP INVESTIMENTOS CCTVM S/A;3;XP INVESTIMENTOS CCTVM S/A
CSAN3;292;3,11%;109.001.919;Balcão;23/07/2026;09:35:16;Novo (0);Regular (1);3;XP INVESTIMENTOS CCTVM S/A;3;XP INVESTIMENTOS CCTVM S/A
PETR3;10;0,02%;109.001.918;Balcão;23/07/2026;09:35:16;Novo (0);Regular (1);3;XP INVESTIMENTOS CCTVM S/A;3;XP INVESTIMENTOS CCTVM S/A
MGLU3;17.000;14,36%;109.001.912;Balcão;23/07/2026;09:35:16;Novo (0);Regular (1);3;XP INVESTIMENTOS CCTVM S/A;3;XP INVESTIMENTOS CCTVM S/A
BPAC11;290;0,01%;109.001.913;Balcão;23/07/2026;09:35:16;Novo (0);Regular (1);3;XP INVESTIMENTOS CCTVM S/A;3;XP INVESTIMENTOS CCTVM S/A
BEEF3;889;1,88%;109.001.911;Balcão;23/07/2026;09:35:16;Novo (0);Regular (1);3;XP INVESTIMENTOS CCTVM S/A;3;XP INVESTIMENTOS CCTVM S/A
BBAS3;2.100;0,02%;109.001.910;Balcão;23/07/2026;09:35:16;Novo (0);Regular (1);3;XP INVESTIMENTOS CCTVM S/A;3;XP INVESTIMENTOS CCTVM S/A
BBSE3;6.468;0,88%;109.001.909;Balcão;23/07/2026;09:35:15;Novo (0);Regular (1);3;XP INVESTIMENTOS CCTVM S/A;3;XP INVESTIMENTOS CCTVM S/A
CSNA3;74;0,80%;109.001.908;Balcão;23/07/2026;09:35:15;Novo (0);Regular (1);3;XP INVESTIMENTOS CCTVM S/A;3;XP INVESTIMENTOS CCTVM S/A
LREN3;5;0,05%;109.001.905;Balcão;23/07/2026;09:35:15;Novo (0);Regular (1);3;XP INVESTIMENTOS CCTVM S/A;3;XP INVESTIMENTOS CCTVM S/A
PCAR3;15.064;17,70%;109.001.907;Balcão;23/07/2026;09:35:15;Novo (0);Regular (1);3;XP INVESTIMENTOS CCTVM S/A;3;XP INVESTIMENTOS CCTVM S/A
CASH3;10;5,55%;109.001.903;Balcão;23/07/2026;09:35:15;Novo (0);Regular (1);3;XP INVESTIMENTOS CCTVM S/A;3;XP INVESTIMENTOS CCTVM S/A
CMIN3;4.000;42,73%;109.001.901;Balcão;23/07/2026;09:35:15;Novo (0);Regular (1);3;XP INVESTIMENTOS CCTVM S/A;3;XP INVESTIMENTOS CCTVM S/A
SANB11;2.000;6,43%;109.001.906;Balcão;23/07/2026;09:35:15;Novo (0);Regular (1);3;XP INVESTIMENTOS CCTVM S/A;3;XP INVESTIMENTOS CCTVM S/A
SMTO3;3;4,47%;109.001.902;Balcão;23/07/2026;09:35:15;Novo (0);Regular (1);3;XP INVESTIMENTOS CCTVM S/A;3;XP INVESTIMENTOS CCTVM S/A
BIVB39;3.635;0,10%;109.001.904;Balcão;23/07/2026;09:35:15;Novo (0);Regular (1);3;XP INVESTIMENTOS CCTVM S/A;3;XP INVESTIMENTOS CCTVM S/A
CMIN3;1.383;42,73%;109.001.900;Balcão;23/07/2026;09:35:15;Novo (0);Regular (1);3;XP INVESTIMENTOS CCTVM S/A;3;XP INVESTIMENTOS CCTVM S/A
BOVX11;2.000;2,47%;109.001.899;Balcão;23/07/2026;09:35:15;Novo (0);Regular (1);3;XP INVESTIMENTOS CCTVM S/A;3;XP INVESTIMENTOS CCTVM S/A
PCAR3;73;17,70%;109.001.898;Balcão;23/07/2026;09:35:15;Novo (0);Regular (1);3;XP INVESTIMENTOS CCTVM S/A;3;XP INVESTIMENTOS CCTVM S/A
ABEV3;10;2,88%;109.001.896;Balcão;23/07/2026;09:35:15;Novo (0);Regular (1);3;XP INVESTIMENTOS CCTVM S/A;3;XP INVESTIMENTOS CCTVM S/A
LREN3;2.162;0,05%;109.001.897;Balcão;23/07/2026;09:35:15;Novo (0);Regular (1);3;XP INVESTIMENTOS CCTVM S/A;3;XP INVESTIMENTOS CCTVM S/A
CMIN3;676;42,73%;109.001.895;Balcão;23/07/2026;09:35:15;Novo (0);Regular (1);3;XP INVESTIMENTOS CCTVM S/A;3;XP INVESTIMENTOS CCTVM S/A
KLBN11;300;0,66%;109.001.893;Balcão;23/07/2026;09:35:15;Novo (0);Regular (1);3;XP INVESTIMENTOS CCTVM S/A;3;XP INVESTIMENTOS CCTVM S/A
SMTO3;72;4,47%;109.001.894;Balcão;23/07/2026;09:35:15;Novo (0);Regular (1);3;XP INVESTIMENTOS CCTVM S/A;3;XP INVESTIMENTOS CCTVM S/A
CMIN3;3.344;42,73%;109.001.892;Balcão;23/07/2026;09:35:15;Novo (0);Regular (1);3;XP INVESTIMENTOS CCTVM S/A;3;XP INVESTIMENTOS CCTVM S/A
HAPV3;10;0,24%;109.001.890;Balcão;23/07/2026;09:35:14;Novo (0);Regular (1);3;XP INVESTIMENTOS CCTVM S/A;3;XP INVESTIMENTOS CCTVM S/A
BBSE3;10;0,88%;109.001.886;Balcão;23/07/2026;09:35:14;Novo (0);Regular (1);3;XP INVESTIMENTOS CCTVM S/A;3;XP INVESTIMENTOS CCTVM S/A
CURY3;77;1,21%;109.001.891;Balcão;23/07/2026;09:35:14;Novo (0);Regular (1);3;XP INVESTIMENTOS CCTVM S/A;3;XP INVESTIMENTOS CCTVM S/A
BBSE3;78;0,88%;109.001.888;Balcão;23/07/2026;09:35:14;Novo (0);Regular (1);3;XP INVESTIMENTOS CCTVM S/A;3;XP INVESTIMENTOS CCTVM S/A
BEEF3;19.111;1,88%;109.001.889;Balcão;23/07/2026;09:35:14;Novo (0);Regular (1);3;XP INVESTIMENTOS CCTVM S/A;3;XP INVESTIMENTOS CCTVM S/A
CXSE3;10;0,09%;109.001.887;Balcão;23/07/2026;09:35:14;Novo (0);Regular (1);3;XP INVESTIMENTOS CCTVM S/A;3;XP INVESTIMENTOS CCTVM S/A
ITUB4;9;0,03%;109.002.006;Balcão;23/07/2026;09:35:14;Novo (0);Regular (1);3;XP INVESTIMENTOS CCTVM S/A;3;XP INVESTIMENTOS CCTVM S/A
CURY3;74;1,21%;109.001.884;Balcão;23/07/2026;09:35:14;Novo (0);Regular (1);3;XP INVESTIMENTOS CCTVM S/A;3;XP INVESTIMENTOS CCTVM S/A
RZAK11;9;6,94%;109.002.007;Balcão;23/07/2026;09:35:14;Novo (0);Regular (1);3;XP INVESTIMENTOS CCTVM S/A;3;XP INVESTIMENTOS CCTVM S/A
ENGI11;271;0,12%;109.002.004;Balcão;23/07/2026;09:35:14;Novo (0);Regular (1);3;XP INVESTIMENTOS CCTVM S/A;3;XP INVESTIMENTOS CCTVM S/A
VAMO3;45.451;0,07%;109.001.845;Balcão;23/07/2026;09:35:14;Novo (0);Regular (1);3;XP INVESTIMENTOS CCTVM S/A;3;XP INVESTIMENTOS CCTVM S/A
BBSE3;300;0,88%;109.001.885;Balcão;23/07/2026;09:35:14;Novo (0);Regular (1);3;XP INVESTIMENTOS CCTVM S/A;3;XP INVESTIMENTOS CCTVM S/A
ABEV3;75;2,88%;109.002.005;Balcão;23/07/2026;09:35:14;Novo (0);Regular (1);3;XP INVESTIMENTOS CCTVM S/A;3;XP INVESTIMENTOS CCTVM S/A
CBAV3;4.514;0,08%;109.001.882;Balcão;23/07/2026;09:35:14;Novo (0);Regular (1);3;XP INVESTIMENTOS CCTVM S/A;3;XP INVESTIMENTOS CCTVM S/A
MOTV3;7;0,06%;109.001.880;Balcão;23/07/2026;09:35:13;Novo (0);Regular (1);3;XP INVESTIMENTOS CCTVM S/A;3;XP INVESTIMENTOS CCTVM S/A
CXSE3;74;0,09%;109.001.877;Balcão;23/07/2026;09:35:13;Novo (0);Regular (1);3;XP INVESTIMENTOS CCTVM S/A;3;XP INVESTIMENTOS CCTVM S/A
MGLU3;1.550;14,36%;109.001.879;Balcão;23/07/2026;09:35:13;Novo (0);Regular (1);3;XP INVESTIMENTOS CCTVM S/A;3;XP INVESTIMENTOS CCTVM S/A
TTEN3;3.100;0,05%;109.001.881;Balcão;23/07/2026;09:35:13;Novo (0);Regular (1);3;XP INVESTIMENTOS CCTVM S/A;3;XP INVESTIMENTOS CCTVM S/A
TGMA3;599;0,51%;109.002.003;Balcão;23/07/2026;09:35:13;Novo (0);Regular (1);3;XP INVESTIMENTOS CCTVM S/A;3;XP INVESTIMENTOS CCTVM S/A
BBDC4;2.089;0,02%;109.001.878;Balcão;23/07/2026;09:35:13;Novo (0);Regular (1);3;XP INVESTIMENTOS CCTVM S/A;3;XP INVESTIMENTOS CCTVM S/A
TTEN3;1.167;0,05%;109.001.883;Balcão;23/07/2026;09:35:13;Novo (0);Regular (1);3;XP INVESTIMENTOS CCTVM S/A;3;XP INVESTIMENTOS CCTVM S/A
CURY3;79;1,21%;109.001.876;Balcão;23/07/2026;09:35:11;Novo (0);Regular (1);3;XP INVESTIMENTOS CCTVM S/A;3;XP INVESTIMENTOS CCTVM S/A
GMAT3;2.600;2,34%;109.001.868;Balcão;23/07/2026;09:35:10;Novo (0);Regular (1);3;XP INVESTIMENTOS CCTVM S/A;3;XP INVESTIMENTOS CCTVM S/A
CBAV3;15.486;0,08%;109.001.875;Balcão;23/07/2026;09:35:10;Novo (0);Regular (1);3;XP INVESTIMENTOS CCTVM S/A;3;XP INVESTIMENTOS CCTVM S/A
RAIZ4;300;9,37%;109.001.873;Balcão;23/07/2026;09:35:10;Novo (0);Regular (1);3;XP INVESTIMENTOS CCTVM S/A;3;XP INVESTIMENTOS CCTVM S/A
CMIN3;1.516;42,73%;109.001.874;Balcão;23/07/2026;09:35:10;Novo (0);Regular (1);3;XP INVESTIMENTOS CCTVM S/A;3;XP INVESTIMENTOS CCTVM S/A
MRVE3;30;0,15%;109.001.872;Balcão;23/07/2026;09:35:10;Novo (0);Regular (1);3;XP INVESTIMENTOS CCTVM S/A;3;XP INVESTIMENTOS CCTVM S/A
RECV3;10;1,89%;109.001.870;Balcão;23/07/2026;09:35:10;Novo (0);Regular (1);3;XP INVESTIMENTOS CCTVM S/A;3;XP INVESTIMENTOS CCTVM S/A
CMIN3;300;42,73%;109.001.871;Balcão;23/07/2026;09:35:10;Novo (0);Regular (1);3;XP INVESTIMENTOS CCTVM S/A;3;XP INVESTIMENTOS CCTVM S/A
NATU3;10;210,44%;109.001.869;Balcão;23/07/2026;09:35:10;Novo (0);Regular (1);3;XP INVESTIMENTOS CCTVM S/A;3;XP INVESTIMENTOS CCTVM S/A
EGIE3;10;7,59%;109.001.863;Balcão;23/07/2026;09:35:10;Novo (0);Regular (1);3;XP INVESTIMENTOS CCTVM S/A;3;XP INVESTIMENTOS CCTVM S/A
BBSE3;300;0,88%;109.001.864;Balcão;23/07/2026;09:35:10;Novo (0);Regular (1);3;XP INVESTIMENTOS CCTVM S/A;3;XP INVESTIMENTOS CCTVM S/A
GMAT3;2.600;2,34%;109.001.866;Balcão;23/07/2026;09:35:10;Novo (0);Regular (1);3;XP INVESTIMENTOS CCTVM S/A;3;XP INVESTIMENTOS CCTVM S/A
CMIN3;10;42,73%;109.001.867;Balcão;23/07/2026;09:35:10;Novo (0);Regular (1);3;XP INVESTIMENTOS CCTVM S/A;3;XP INVESTIMENTOS CCTVM S/A
MRVE3;50;0,15%;109.001.860;Balcão;23/07/2026;09:35:10;Novo (0);Regular (1);3;XP INVESTIMENTOS CCTVM S/A;3;XP INVESTIMENTOS CCTVM S/A
GMAT3;5.480;2,34%;109.001.862;Balcão;23/07/2026;09:35:09;Novo (0);Regular (1);3;XP INVESTIMENTOS CCTVM S/A;3;XP INVESTIMENTOS CCTVM S/A
CMIN3;10;42,73%;109.001.861;Balcão;23/07/2026;09:35:09;Novo (0);Regular (1);3;XP INVESTIMENTOS CCTVM S/A;3;XP INVESTIMENTOS CCTVM S/A
ALPA4;80;0,14%;109.001.865;Balcão;23/07/2026;09:35:09;Novo (0);Regular (1);3;XP INVESTIMENTOS CCTVM S/A;3;XP INVESTIMENTOS CCTVM S/A
HFOF11;10;0,14%;109.001.855;Balcão;23/07/2026;09:35:07;Novo (0);Regular (1);3;XP INVESTIMENTOS CCTVM S/A;3;XP INVESTIMENTOS CCTVM S/A
BBAS3;300;0,02%;109.001.852;Balcão;23/07/2026;09:35:07;Novo (0);Regular (1);3;XP INVESTIMENTOS CCTVM S/A;3;XP INVESTIMENTOS CCTVM S/A
CMIN3;4.000;42,73%;109.001.854;Balcão;23/07/2026;09:35:07;Novo (0);Regular (1);3;XP INVESTIMENTOS CCTVM S/A;3;XP INVESTIMENTOS CCTVM S/A
VALE3;73;0,20%;109.001.853;Balcão;23/07/2026;09:35:07;Novo (0);Regular (1);3;XP INVESTIMENTOS CCTVM S/A;3;XP INVESTIMENTOS CCTVM S/A
CXSE3;10;0,09%;109.001.851;Balcão;23/07/2026;09:35:07;Novo (0);Regular (1);3;XP INVESTIMENTOS CCTVM S/A;3;XP INVESTIMENTOS CCTVM S/A
ITUB4;10;0,03%;109.001.850;Balcão;23/07/2026;09:35:07;Novo (0);Regular (1);3;XP INVESTIMENTOS CCTVM S/A;3;XP INVESTIMENTOS CCTVM S/A
BBSE3;300;0,88%;109.001.848;Balcão;23/07/2026;09:35:07;Novo (0);Regular (1);3;XP INVESTIMENTOS CCTVM S/A;3;XP INVESTIMENTOS CCTVM S/A
PCAR3;70;17,70%;109.001.856;Balcão;23/07/2026;09:35:07;Novo (0);Regular (1);3;XP INVESTIMENTOS CCTVM S/A;3;XP INVESTIMENTOS CCTVM S/A
CURY3;78;1,21%;109.001.849;Balcão;23/07/2026;09:35:07;Novo (0);Regular (1);3;XP INVESTIMENTOS CCTVM S/A;3;XP INVESTIMENTOS CCTVM S/A
ABEV3;758;2,88%;109.001.744;Balcão;23/07/2026;09:35:05;Novo (0);Regular (1);3;XP INVESTIMENTOS CCTVM S/A;3;XP INVESTIMENTOS CCTVM S/A
ASAI3;75;18,34%;109.001.847;Balcão;23/07/2026;09:35:04;Novo (0);Regular (1);3;XP INVESTIMENTOS CCTVM S/A;3;XP INVESTIMENTOS CCTVM S/A
CHCM34;2.040;10,00%;109.001.846;Balcão;23/07/2026;09:35:04;Novo (0);Regular (1);3;XP INVESTIMENTOS CCTVM S/A;3;XP INVESTIMENTOS CCTVM S/A
VALE3;76;0,20%;109.001.839;Balcão;23/07/2026;09:35:04;Novo (0);Regular (1);3;XP INVESTIMENTOS CCTVM S/A;3;XP INVESTIMENTOS CCTVM S/A
SMTO3;237;4,47%;109.001.838;Balcão;23/07/2026;09:35:04;Novo (0);Regular (1);3;XP INVESTIMENTOS CCTVM S/A;3;XP INVESTIMENTOS CCTVM S/A
BBSE3;10;0,88%;109.001.837;Balcão;23/07/2026;09:35:04;Novo (0);Regular (1);3;XP INVESTIMENTOS CCTVM S/A;3;XP INVESTIMENTOS CCTVM S/A
MDIA3;2.200;0,05%;109.001.835;Balcão;23/07/2026;09:35:04;Novo (0);Regular (1);3;XP INVESTIMENTOS CCTVM S/A;3;XP INVESTIMENTOS CCTVM S/A
CSAN3;8;3,11%;109.001.836;Balcão;23/07/2026;09:35:04;Novo (0);Regular (1);3;XP INVESTIMENTOS CCTVM S/A;3;XP INVESTIMENTOS CCTVM S/A
SBSP3;3;0,07%;109.001.832;Balcão;23/07/2026;09:35:04;Novo (0);Regular (1);3;XP INVESTIMENTOS CCTVM S/A;3;XP INVESTIMENTOS CCTVM S/A
LJQQ3;300;3,06%;109.001.834;Balcão;23/07/2026;09:35:04;Novo (0);Regular (1);3;XP INVESTIMENTOS CCTVM S/A;3;XP INVESTIMENTOS CCTVM S/A
CURY3;75;1,21%;109.001.831;Balcão;23/07/2026;09:35:04;Novo (0);Regular (1);3;XP INVESTIMENTOS CCTVM S/A;3;XP INVESTIMENTOS CCTVM S/A
SLCE3;10;0,12%;109.001.830;Balcão;23/07/2026;09:35:04;Novo (0);Regular (1);3;XP INVESTIMENTOS CCTVM S/A;3;XP INVESTIMENTOS CCTVM S/A
CMIN3;300;42,73%;109.001.829;Balcão;23/07/2026;09:35:04;Novo (0);Regular (1);3;XP INVESTIMENTOS CCTVM S/A;3;XP INVESTIMENTOS CCTVM S/A
TTEN3;8.133;0,05%;109.001.825;Balcão;23/07/2026;09:35:04;Novo (0);Regular (1);3;XP INVESTIMENTOS CCTVM S/A;3;XP INVESTIMENTOS CCTVM S/A
VALE3;77;0,20%;109.001.833;Balcão;23/07/2026;09:35:04;Novo (0);Regular (1);3;XP INVESTIMENTOS CCTVM S/A;3;XP INVESTIMENTOS CCTVM S/A
BBSE3;172;0,88%;109.001.826;Balcão;23/07/2026;09:35:04;Novo (0);Regular (1);3;XP INVESTIMENTOS CCTVM S/A;3;XP INVESTIMENTOS CCTVM S/A
BRKM5;10;18,15%;109.001.828;Balcão;23/07/2026;09:35:04;Novo (0);Regular (1);3;XP INVESTIMENTOS CCTVM S/A;3;XP INVESTIMENTOS CCTVM S/A
NATU3;10;210,44%;109.001.827;Balcão;23/07/2026;09:35:04;Novo (0);Regular (1);3;XP INVESTIMENTOS CCTVM S/A;3;XP INVESTIMENTOS CCTVM S/A
TTEN3;3.000;0,05%;109.001.824;Balcão;23/07/2026;09:35:04;Novo (0);Regular (1);3;XP INVESTIMENTOS CCTVM S/A;3;XP INVESTIMENTOS CCTVM S/A
ABEV3;129;2,88%;109.001.822;Balcão;23/07/2026;09:35:04;Novo (0);Regular (1);3;XP INVESTIMENTOS CCTVM S/A;3;XP INVESTIMENTOS CCTVM S/A
GMAT3;448;2,34%;109.001.823;Balcão;23/07/2026;09:35:04;Novo (0);Regular (1);3;XP INVESTIMENTOS CCTVM S/A;3;XP INVESTIMENTOS CCTVM S/A
SBSP3;2.197;0,07%;109.001.820;Balcão;23/07/2026;09:35:04;Novo (0);Regular (1);3;XP INVESTIMENTOS CCTVM S/A;3;XP INVESTIMENTOS CCTVM S/A
BBSE3;10;0,88%;109.001.821;Balcão;23/07/2026;09:35:04;Novo (0);Regular (1);3;XP INVESTIMENTOS CCTVM S/A;3;XP INVESTIMENTOS CCTVM S/A
MSFT34;80;0,10%;109.001.819;Balcão;23/07/2026;09:35:04;Novo (0);Regular (1);3;XP INVESTIMENTOS CCTVM S/A;3;XP INVESTIMENTOS CCTVM S/A
TAEE11;700;0,17%;109.001.818;Balcão;23/07/2026;09:35:04;Novo (0);Regular (1);3;XP INVESTIMENTOS CCTVM S/A;3;XP INVESTIMENTOS CCTVM S/A
CMIN3;5.000;42,73%;109.001.817;Balcão;23/07/2026;09:35:04;Novo (0);Regular (1);3;XP INVESTIMENTOS CCTVM S/A;3;XP INVESTIMENTOS CCTVM S/A
RCRB11;10;13,00%;109.001.813;Balcão;23/07/2026;09:35:04;Novo (0);Regular (1);3;XP INVESTIMENTOS CCTVM S/A;3;XP INVESTIMENTOS CCTVM S/A
AMER3;85;19,82%;109.001.815;Balcão;23/07/2026;09:35:03;Novo (0);Regular (1);3;XP INVESTIMENTOS CCTVM S/A;3;XP INVESTIMENTOS CCTVM S/A
SMTO3;63;4,47%;109.001.844;Balcão;23/07/2026;09:35:03;Novo (0);Regular (1);3;XP INVESTIMENTOS CCTVM S/A;3;XP INVESTIMENTOS CCTVM S/A
JSLG3;2;0,14%;109.001.812;Balcão;23/07/2026;09:35:03;Novo (0);Regular (1);3;XP INVESTIMENTOS CCTVM S/A;3;XP INVESTIMENTOS CCTVM S/A
BSLV39;207;0,10%;109.001.816;Balcão;23/07/2026;09:35:03;Novo (0);Regular (1);3;XP INVESTIMENTOS CCTVM S/A;3;XP INVESTIMENTOS CCTVM S/A
CMIN3;6.000;42,73%;109.001.811;Balcão;23/07/2026;09:35:03;Novo (0);Regular (1);3;XP INVESTIMENTOS CCTVM S/A;3;XP INVESTIMENTOS CCTVM S/A
MELI34;84;0,10%;109.001.814;Balcão;23/07/2026;09:35:03;Novo (0);Regular (1);3;XP INVESTIMENTOS CCTVM S/A;3;XP INVESTIMENTOS CCTVM S/A
MXRF11;10;0,11%;109.001.810;Balcão;23/07/2026;09:35:03;Novo (0);Regular (1);3;XP INVESTIMENTOS CCTVM S/A;3;XP INVESTIMENTOS CCTVM S/A
BEEF3;20.000;1,88%;109.001.840;Balcão;23/07/2026;09:35:03;Novo (0);Regular (1);3;XP INVESTIMENTOS CCTVM S/A;3;XP INVESTIMENTOS CCTVM S/A
BEEF3;300;1,88%;109.001.843;Balcão;23/07/2026;09:35:03;Novo (0);Regular (1);3;XP INVESTIMENTOS CCTVM S/A;3;XP INVESTIMENTOS CCTVM S/A
CURY3;79;1,21%;109.001.809;Balcão;23/07/2026;09:35:03;Novo (0);Regular (1);3;XP INVESTIMENTOS CCTVM S/A;3;XP INVESTIMENTOS CCTVM S/A
TTEN3;3.000;0,05%;109.001.842;Balcão;23/07/2026;09:35:03;Novo (0);Regular (1);3;XP INVESTIMENTOS CCTVM S/A;3;XP INVESTIMENTOS CCTVM S/A
CEAB3;10;0,12%;109.001.808;Balcão;23/07/2026;09:35:03;Novo (0);Regular (1);3;XP INVESTIMENTOS CCTVM S/A;3;XP INVESTIMENTOS CCTVM S/A
CSMG3;300;0,57%;109.001.807;Balcão;23/07/2026;09:35:03;Novo (0);Regular (1);3;XP INVESTIMENTOS CCTVM S/A;3;XP INVESTIMENTOS CCTVM S/A
GMAT3;2.600;2,34%;109.001.800;Balcão;23/07/2026;09:35:03;Novo (0);Regular (1);3;XP INVESTIMENTOS CCTVM S/A;3;XP INVESTIMENTOS CCTVM S/A
BBDC4;11;0,02%;109.001.841;Balcão;23/07/2026;09:35:03;Novo (0);Regular (1);3;XP INVESTIMENTOS CCTVM S/A;3;XP INVESTIMENTOS CCTVM S/A
BBSE3;80;0,88%;109.001.806;Balcão;23/07/2026;09:35:03;Novo (0);Regular (1);3;XP INVESTIMENTOS CCTVM S/A;3;XP INVESTIMENTOS CCTVM S/A
CPTS11;10;0,33%;109.001.805;Balcão;23/07/2026;09:35:02;Novo (0);Regular (1);3;XP INVESTIMENTOS CCTVM S/A;3;XP INVESTIMENTOS CCTVM S/A
KLBN3;10;0,03%;109.001.799;Balcão;23/07/2026;09:35:02;Novo (0);Regular (1);3;XP INVESTIMENTOS CCTVM S/A;3;XP INVESTIMENTOS CCTVM S/A
GMAT3;5.000;2,34%;109.001.801;Balcão;23/07/2026;09:35:02;Novo (0);Regular (1);3;XP INVESTIMENTOS CCTVM S/A;3;XP INVESTIMENTOS CCTVM S/A
CMIN3;2.127;42,73%;109.001.796;Balcão;23/07/2026;09:35:02;Novo (0);Regular (1);3;XP INVESTIMENTOS CCTVM S/A;3;XP INVESTIMENTOS CCTVM S/A
GOLD11;1;0,05%;109.001.804;Balcão;23/07/2026;09:35:02;Novo (0);Regular (1);3;XP INVESTIMENTOS CCTVM S/A;3;XP INVESTIMENTOS CCTVM S/A
CURY3;81;1,21%;109.001.803;Balcão;23/07/2026;09:35:02;Novo (0);Regular (1);3;XP INVESTIMENTOS CCTVM S/A;3;XP INVESTIMENTOS CCTVM S/A
JSLG3;80;0,14%;109.001.802;Balcão;23/07/2026;09:35:02;Novo (0);Regular (1);3;XP INVESTIMENTOS CCTVM S/A;3;XP INVESTIMENTOS CCTVM S/A
BBAS3;3.137;0,02%;109.001.733;Balcão;23/07/2026;09:35:02;Novo (0);Regular (1);3;XP INVESTIMENTOS CCTVM S/A;3;XP INVESTIMENTOS CCTVM S/A
WEGE3;2.400;0,03%;109.001.794;Balcão;23/07/2026;09:35:02;Novo (0);Regular (1);3;XP INVESTIMENTOS CCTVM S/A;3;XP INVESTIMENTOS CCTVM S/A
CYRE3;2.300;0,08%;109.001.798;Balcão;23/07/2026;09:35:02;Novo (0);Regular (1);3;XP INVESTIMENTOS CCTVM S/A;3;XP INVESTIMENTOS CCTVM S/A
B3SA3;85;0,02%;109.001.792;Balcão;23/07/2026;09:35:02;Novo (0);Regular (1);3;XP INVESTIMENTOS CCTVM S/A;3;XP INVESTIMENTOS CCTVM S/A
CMIN3;4.977;42,73%;109.001.797;Balcão;23/07/2026;09:35:02;Novo (0);Regular (1);3;XP INVESTIMENTOS CCTVM S/A;3;XP INVESTIMENTOS CCTVM S/A
MGLU3;11;14,36%;109.001.791;Balcão;23/07/2026;09:35:02;Novo (0);Regular (1);3;XP INVESTIMENTOS CCTVM S/A;3;XP INVESTIMENTOS CCTVM S/A
CXSE3;11;0,09%;109.001.788;Balcão;23/07/2026;09:35:02;Novo (0);Regular (1);3;XP INVESTIMENTOS CCTVM S/A;3;XP INVESTIMENTOS CCTVM S/A
VALE3;84;0,20%;109.001.787;Balcão;23/07/2026;09:35:02;Novo (0);Regular (1);3;XP INVESTIMENTOS CCTVM S/A;3;XP INVESTIMENTOS CCTVM S/A
CMIN3;300;42,73%;109.001.790;Balcão;23/07/2026;09:35:01;Novo (0);Regular (1);3;XP INVESTIMENTOS CCTVM S/A;3;XP INVESTIMENTOS CCTVM S/A
CMIG4;31.475;0,05%;109.001.784;Balcão;23/07/2026;09:35:01;Novo (0);Regular (1);3;XP INVESTIMENTOS CCTVM S/A;3;XP INVESTIMENTOS CCTVM S/A
VAMO3;9.549;0,07%;109.001.789;Balcão;23/07/2026;09:35:01;Novo (0);Regular (1);3;XP INVESTIMENTOS CCTVM S/A;3;XP INVESTIMENTOS CCTVM S/A
GOLD11;300;0,05%;109.001.783;Balcão;23/07/2026;09:35:01;Novo (0);Regular (1);3;XP INVESTIMENTOS CCTVM S/A;3;XP INVESTIMENTOS CCTVM S/A
CMIN3;6.000;42,73%;109.001.786;Balcão;23/07/2026;09:35:01;Novo (0);Regular (1);3;XP INVESTIMENTOS CCTVM S/A;3;XP INVESTIMENTOS CCTVM S/A
SMTO3;2.000;4,47%;109.001.781;Balcão;23/07/2026;09:35:01;Novo (0);Regular (1);3;XP INVESTIMENTOS CCTVM S/A;3;XP INVESTIMENTOS CCTVM S/A
ITUB3;8;1,16%;109.001.785;Balcão;23/07/2026;09:35:01;Novo (0);Regular (1);3;XP INVESTIMENTOS CCTVM S/A;3;XP INVESTIMENTOS CCTVM S/A
ABEV3;172;2,88%;109.001.779;Balcão;23/07/2026;09:35:01;Novo (0);Regular (1);3;XP INVESTIMENTOS CCTVM S/A;3;XP INVESTIMENTOS CCTVM S/A
GMAT3;2.600;2,34%;109.001.782;Balcão;23/07/2026;09:35:01;Novo (0);Regular (1);3;XP INVESTIMENTOS CCTVM S/A;3;XP INVESTIMENTOS CCTVM S/A
IRBR3;82;0,11%;109.001.777;Balcão;23/07/2026;09:35:01;Novo (0);Regular (1);3;XP INVESTIMENTOS CCTVM S/A;3;XP INVESTIMENTOS CCTVM S/A
CXSE3;10;0,09%;109.001.774;Balcão;23/07/2026;09:35:01;Novo (0);Regular (1);3;XP INVESTIMENTOS CCTVM S/A;3;XP INVESTIMENTOS CCTVM S/A
BABA34;2.350;0,11%;109.001.778;Balcão;23/07/2026;09:35:01;Novo (0);Regular (1);3;XP INVESTIMENTOS CCTVM S/A;3;XP INVESTIMENTOS CCTVM S/A
ABEV3;104;2,88%;109.001.773;Balcão;23/07/2026;09:35:01;Novo (0);Regular (1);3;XP INVESTIMENTOS CCTVM S/A;3;XP INVESTIMENTOS CCTVM S/A
CXSE3;111;0,09%;109.001.780;Balcão;23/07/2026;09:35:01;Novo (0);Regular (1);3;XP INVESTIMENTOS CCTVM S/A;3;XP INVESTIMENTOS CCTVM S/A
GMAT3;3.772;2,34%;109.001.771;Balcão;23/07/2026;09:35:01;Novo (0);Regular (1);3;XP INVESTIMENTOS CCTVM S/A;3;XP INVESTIMENTOS CCTVM S/A
ABEV3;11;2,88%;109.001.775;Balcão;23/07/2026;09:35:01;Novo (0);Regular (1);3;XP INVESTIMENTOS CCTVM S/A;3;XP INVESTIMENTOS CCTVM S/A
CXSE3;193;0,09%;109.001.772;Balcão;23/07/2026;09:35:01;Novo (0);Regular (1);3;XP INVESTIMENTOS CCTVM S/A;3;XP INVESTIMENTOS CCTVM S/A
CMIN3;32.873;42,73%;109.001.705;Balcão;23/07/2026;09:35:01;Novo (0);Regular (1);3;XP INVESTIMENTOS CCTVM S/A;3;XP INVESTIMENTOS CCTVM S/A
CVCB3;10;3,97%;109.001.776;Balcão;23/07/2026;09:35:01;Novo (0);Regular (1);3;XP INVESTIMENTOS CCTVM S/A;3;XP INVESTIMENTOS CCTVM S/A
CMIN3;5.000;42,73%;109.001.767;Balcão;23/07/2026;09:35:01;Novo (0);Regular (1);3;XP INVESTIMENTOS CCTVM S/A;3;XP INVESTIMENTOS CCTVM S/A
SMTO3;300;4,47%;109.001.769;Balcão;23/07/2026;09:35:01;Novo (0);Regular (1);3;XP INVESTIMENTOS CCTVM S/A;3;XP INVESTIMENTOS CCTVM S/A
EQTL3;11;0,05%;109.001.765;Balcão;23/07/2026;09:35:01;Novo (0);Regular (1);3;XP INVESTIMENTOS CCTVM S/A;3;XP INVESTIMENTOS CCTVM S/A
VGIP11;11;0,15%;109.001.764;Balcão;23/07/2026;09:35:01;Novo (0);Regular (1);3;XP INVESTIMENTOS CCTVM S/A;3;XP INVESTIMENTOS CCTVM S/A
TAEE11;24.800;0,17%;109.001.768;Balcão;23/07/2026;09:35:01;Novo (0);Regular (1);3;XP INVESTIMENTOS CCTVM S/A;3;XP INVESTIMENTOS CCTVM S/A
CURY3;83;1,21%;109.001.766;Balcão;23/07/2026;09:35:00;Novo (0);Regular (1);3;XP INVESTIMENTOS CCTVM S/A;3;XP INVESTIMENTOS CCTVM S/A
CMIN3;656;42,73%;109.001.761;Balcão;23/07/2026;09:35:00;Novo (0);Regular (1);3;XP INVESTIMENTOS CCTVM S/A;3;XP INVESTIMENTOS CCTVM S/A
BSLV39;103;0,10%;109.001.762;Balcão;23/07/2026;09:35:00;Novo (0);Regular (1);3;XP INVESTIMENTOS CCTVM S/A;3;XP INVESTIMENTOS CCTVM S/A
GFSA3;38.216;15,67%;109.001.759;Balcão;23/07/2026;09:35:00;Novo (0);Regular (1);3;XP INVESTIMENTOS CCTVM S/A;3;XP INVESTIMENTOS CCTVM S/A
ITUB3;56;1,16%;109.001.763;Balcão;23/07/2026;09:35:00;Novo (0);Regular (1);3;XP INVESTIMENTOS CCTVM S/A;3;XP INVESTIMENTOS CCTVM S/A
UNIP6;11;0,02%;109.001.758;Balcão;23/07/2026;09:35:00;Novo (0);Regular (1);3;XP INVESTIMENTOS CCTVM S/A;3;XP INVESTIMENTOS CCTVM S/A
ITUB3;4;1,16%;109.001.760;Balcão;23/07/2026;09:35:00;Novo (0);Regular (1);3;XP INVESTIMENTOS CCTVM S/A;3;XP INVESTIMENTOS CCTVM S/A
VILG11;310;0,81%;109.001.756;Balcão;23/07/2026;09:35:00;Novo (0);Regular (1);3;XP INVESTIMENTOS CCTVM S/A;3;XP INVESTIMENTOS CCTVM S/A
BOVA11;38;0,72%;109.001.757;Balcão;23/07/2026;09:35:00;Novo (0);Regular (1);3;XP INVESTIMENTOS CCTVM S/A;3;XP INVESTIMENTOS CCTVM S/A
CMIN3;7.100;42,73%;109.001.754;Balcão;23/07/2026;09:35:00;Novo (0);Regular (1);3;XP INVESTIMENTOS CCTVM S/A;3;XP INVESTIMENTOS CCTVM S/A
CMIN3;5.000;42,73%;109.001.755;Balcão;23/07/2026;09:35:00;Novo (0);Regular (1);3;XP INVESTIMENTOS CCTVM S/A;3;XP INVESTIMENTOS CCTVM S/A
BSRE39;1;25,00%;109.001.752;Balcão;23/07/2026;09:35:00;Novo (0);Regular (1);3;XP INVESTIMENTOS CCTVM S/A;3;XP INVESTIMENTOS CCTVM S/A
CURY3;87;1,21%;109.001.753;Balcão;23/07/2026;09:35:00;Novo (0);Regular (1);3;XP INVESTIMENTOS CCTVM S/A;3;XP INVESTIMENTOS CCTVM S/A
SMTO3;12;4,47%;109.001.749;Balcão;23/07/2026;09:35:00;Novo (0);Regular (1);3;XP INVESTIMENTOS CCTVM S/A;3;XP INVESTIMENTOS CCTVM S/A
CURY3;87;1,21%;109.001.750;Balcão;23/07/2026;09:35:00;Novo (0);Regular (1);3;XP INVESTIMENTOS CCTVM S/A;3;XP INVESTIMENTOS CCTVM S/A
VALE3;88;0,20%;109.001.751;Balcão;23/07/2026;09:35:00;Novo (0);Regular (1);3;XP INVESTIMENTOS CCTVM S/A;3;XP INVESTIMENTOS CCTVM S/A
CMIN3;4.611;42,73%;109.001.748;Balcão;23/07/2026;09:35:00;Novo (0);Regular (1);3;XP INVESTIMENTOS CCTVM S/A;3;XP INVESTIMENTOS CCTVM S/A
BBDC4;90;0,02%;109.001.747;Balcão;23/07/2026;09:35:00;Novo (0);Regular (1);3;XP INVESTIMENTOS CCTVM S/A;3;XP INVESTIMENTOS CCTVM S/A
CURY3;82;1,21%;109.001.741;Balcão;23/07/2026;09:35:00;Novo (0);Regular (1);3;XP INVESTIMENTOS CCTVM S/A;3;XP INVESTIMENTOS CCTVM S/A
CURY3;84;1,21%;109.001.742;Balcão;23/07/2026;09:35:00;Novo (0);Regular (1);3;XP INVESTIMENTOS CCTVM S/A;3;XP INVESTIMENTOS CCTVM S/A
BABA34;45;0,11%;109.001.743;Balcão;23/07/2026;09:35:00;Novo (0);Regular (1);3;XP INVESTIMENTOS CCTVM S/A;3;XP INVESTIMENTOS CCTVM S/A
NOKI34;13;20,00%;109.001.746;Balcão;23/07/2026;09:35:00;Novo (0);Regular (1);3;XP INVESTIMENTOS CCTVM S/A;3;XP INVESTIMENTOS CCTVM S/A
BBSE3;12;0,88%;109.001.745;Balcão;23/07/2026;09:35:00;Novo (0);Regular (1);3;XP INVESTIMENTOS CCTVM S/A;3;XP INVESTIMENTOS CCTVM S/A
CMIN3;4.200;42,73%;109.001.740;Balcão;23/07/2026;09:35:00;Novo (0);Regular (1);3;XP INVESTIMENTOS CCTVM S/A;3;XP INVESTIMENTOS CCTVM S/A
ABEV3;1.169;2,88%;109.001.686;Balcão;23/07/2026;09:34:57;Novo (0);Regular (1);3;XP INVESTIMENTOS CCTVM S/A;3;XP INVESTIMENTOS CCTVM S/A
NASD11;11;0,49%;109.001.739;Balcão;23/07/2026;09:34:57;Novo (0);Regular (1);3;XP INVESTIMENTOS CCTVM S/A;3;XP INVESTIMENTOS CCTVM S/A
CMIG4;286;0,05%;109.001.737;Balcão;23/07/2026;09:34:57;Novo (0);Regular (1);3;XP INVESTIMENTOS CCTVM S/A;3;XP INVESTIMENTOS CCTVM S/A
CMIN3;10;42,73%;109.001.736;Balcão;23/07/2026;09:34:57;Novo (0);Regular (1);3;XP INVESTIMENTOS CCTVM S/A;3;XP INVESTIMENTOS CCTVM S/A
CMIN3;4.040;42,73%;109.001.738;Balcão;23/07/2026;09:34:57;Novo (0);Regular (1);3;XP INVESTIMENTOS CCTVM S/A;3;XP INVESTIMENTOS CCTVM S/A
CMIN3;4.400;42,73%;109.001.734;Balcão;23/07/2026;09:34:57;Novo (0);Regular (1);3;XP INVESTIMENTOS CCTVM S/A;3;XP INVESTIMENTOS CCTVM S/A
VALE3;85;0,20%;109.001.735;Balcão;23/07/2026;09:34:57;Novo (0);Regular (1);3;XP INVESTIMENTOS CCTVM S/A;3;XP INVESTIMENTOS CCTVM S/A
ABEV3;191;2,88%;109.001.731;Balcão;23/07/2026;09:34:57;Novo (0);Regular (1);3;XP INVESTIMENTOS CCTVM S/A;3;XP INVESTIMENTOS CCTVM S/A
BOVA11;48;0,72%;109.001.732;Balcão;23/07/2026;09:34:57;Novo (0);Regular (1);3;XP INVESTIMENTOS CCTVM S/A;3;XP INVESTIMENTOS CCTVM S/A
VALE3;11;0,20%;109.001.729;Balcão;23/07/2026;09:34:56;Novo (0);Regular (1);3;XP INVESTIMENTOS CCTVM S/A;3;XP INVESTIMENTOS CCTVM S/A
ACWI11;21.013;0,14%;109.001.727;Balcão;23/07/2026;09:34:56;Novo (0);Regular (1);3;XP INVESTIMENTOS CCTVM S/A;3;XP INVESTIMENTOS CCTVM S/A
ACWI11;13.235;0,14%;109.001.730;Balcão;23/07/2026;09:34:56;Novo (0);Regular (1);3;XP INVESTIMENTOS CCTVM S/A;3;XP INVESTIMENTOS CCTVM S/A
CMIN3;3.176;42,73%;109.001.725;Balcão;23/07/2026;09:34:56;Novo (0);Regular (1);3;XP INVESTIMENTOS CCTVM S/A;3;XP INVESTIMENTOS CCTVM S/A
BOVA11;38;0,72%;109.001.728;Balcão;23/07/2026;09:34:56;Novo (0);Regular (1);3;XP INVESTIMENTOS CCTVM S/A;3;XP INVESTIMENTOS CCTVM S/A
VALE3;86;0,20%;109.001.726;Balcão;23/07/2026;09:34:56;Novo (0);Regular (1);3;XP INVESTIMENTOS CCTVM S/A;3;XP INVESTIMENTOS CCTVM S/A
GFSA3;12.484;15,67%;109.001.722;Balcão;23/07/2026;09:34:56;Novo (0);Regular (1);3;XP INVESTIMENTOS CCTVM S/A;3;XP INVESTIMENTOS CCTVM S/A
BRKM5;12;18,15%;109.001.724;Balcão;23/07/2026;09:34:56;Novo (0);Regular (1);3;XP INVESTIMENTOS CCTVM S/A;3;XP INVESTIMENTOS CCTVM S/A
CMIN3;6.532;42,73%;109.001.723;Balcão;23/07/2026;09:34:56;Novo (0);Regular (1);3;XP INVESTIMENTOS CCTVM S/A;3;XP INVESTIMENTOS CCTVM S/A
CMIN3;22.732;42,73%;109.001.721;Balcão;23/07/2026;09:34:56;Novo (0);Regular (1);3;XP INVESTIMENTOS CCTVM S/A;3;XP INVESTIMENTOS CCTVM S/A
CMIN3;8.700;42,73%;109.001.720;Balcão;23/07/2026;09:34:56;Novo (0);Regular (1);3;XP INVESTIMENTOS CCTVM S/A;3;XP INVESTIMENTOS CCTVM S/A
ABEV3;51;2,88%;109.001.719;Balcão;23/07/2026;09:34:56;Novo (0);Regular (1);3;XP INVESTIMENTOS CCTVM S/A;3;XP INVESTIMENTOS CCTVM S/A
VALE3;88;0,20%;109.001.717;Balcão;23/07/2026;09:34:56;Novo (0);Regular (1);3;XP INVESTIMENTOS CCTVM S/A;3;XP INVESTIMENTOS CCTVM S/A
CMIN3;12;42,73%;109.001.718;Balcão;23/07/2026;09:34:56;Novo (0);Regular (1);3;XP INVESTIMENTOS CCTVM S/A;3;XP INVESTIMENTOS CCTVM S/A
CURY3;1;1,21%;109.001.716;Balcão;23/07/2026;09:34:56;Novo (0);Regular (1);3;XP INVESTIMENTOS CCTVM S/A;3;XP INVESTIMENTOS CCTVM S/A
CSAN3;308;3,11%;109.001.711;Balcão;23/07/2026;09:34:56;Novo (0);Regular (1);3;XP INVESTIMENTOS CCTVM S/A;3;XP INVESTIMENTOS CCTVM S/A
ABEV3;453;2,88%;109.001.714;Balcão;23/07/2026;09:34:56;Novo (0);Regular (1);3;XP INVESTIMENTOS CCTVM S/A;3;XP INVESTIMENTOS CCTVM S/A
CPLE3;93;0,03%;109.001.715;Balcão;23/07/2026;09:34:56;Novo (0);Regular (1);3;XP INVESTIMENTOS CCTVM S/A;3;XP INVESTIMENTOS CCTVM S/A
ABEV3;456;2,88%;109.001.712;Balcão;23/07/2026;09:34:56;Novo (0);Regular (1);3;XP INVESTIMENTOS CCTVM S/A;3;XP INVESTIMENTOS CCTVM S/A
MXRF11;13;0,11%;109.001.713;Balcão;23/07/2026;09:34:56;Novo (0);Regular (1);3;XP INVESTIMENTOS CCTVM S/A;3;XP INVESTIMENTOS CCTVM S/A
MSFT34;12;0,10%;109.001.706;Balcão;23/07/2026;09:34:55;Novo (0);Regular (1);3;XP INVESTIMENTOS CCTVM S/A;3;XP INVESTIMENTOS CCTVM S/A
MLAS3;123.400;0,33%;109.001.709;Balcão;23/07/2026;09:34:55;Novo (0);Regular (1);3;XP INVESTIMENTOS CCTVM S/A;3;XP INVESTIMENTOS CCTVM S/A
CURY3;85;1,21%;109.001.704;Balcão;23/07/2026;09:34:55;Novo (0);Regular (1);3;XP INVESTIMENTOS CCTVM S/A;3;XP INVESTIMENTOS CCTVM S/A
CMIN3;6.300;42,73%;109.001.708;Balcão;23/07/2026;09:34:55;Novo (0);Regular (1);3;XP INVESTIMENTOS CCTVM S/A;3;XP INVESTIMENTOS CCTVM S/A
CMIN3;2.873;42,73%;109.001.707;Balcão;23/07/2026;09:34:55;Novo (0);Regular (1);3;XP INVESTIMENTOS CCTVM S/A;3;XP INVESTIMENTOS CCTVM S/A
ABEV3;456;2,88%;109.001.710;Balcão;23/07/2026;09:34:55;Novo (0);Regular (1);3;XP INVESTIMENTOS CCTVM S/A;3;XP INVESTIMENTOS CCTVM S/A
TGAR11;87;0,11%;109.001.703;Balcão;23/07/2026;09:34:55;Novo (0);Regular (1);3;XP INVESTIMENTOS CCTVM S/A;3;XP INVESTIMENTOS CCTVM S/A
CURY3;1;1,21%;109.001.702;Balcão;23/07/2026;09:34:54;Novo (0);Regular (1);3;XP INVESTIMENTOS CCTVM S/A;3;XP INVESTIMENTOS CCTVM S/A
ITUB3;30;1,16%;109.001.701;Balcão;23/07/2026;09:34:54;Novo (0);Regular (1);3;XP INVESTIMENTOS CCTVM S/A;3;XP INVESTIMENTOS CCTVM S/A
BSRE39;10;25,00%;109.001.700;Balcão;23/07/2026;09:34:54;Novo (0);Regular (1);3;XP INVESTIMENTOS CCTVM S/A;3;XP INVESTIMENTOS CCTVM S/A
BOVA11;50;0,72%;109.001.698;Balcão;23/07/2026;09:34:54;Novo (0);Regular (1);3;XP INVESTIMENTOS CCTVM S/A;3;XP INVESTIMENTOS CCTVM S/A
CMIN3;26.651;42,73%;109.001.699;Balcão;23/07/2026;09:34:54;Novo (0);Regular (1);3;XP INVESTIMENTOS CCTVM S/A;3;XP INVESTIMENTOS CCTVM S/A
CURY3;3;1,21%;109.001.697;Balcão;23/07/2026;09:34:54;Novo (0);Regular (1);3;XP INVESTIMENTOS CCTVM S/A;3;XP INVESTIMENTOS CCTVM S/A
JPMC34;12;0,08%;109.001.696;Balcão;23/07/2026;09:34:54;Novo (0);Regular (1);3;XP INVESTIMENTOS CCTVM S/A;3;XP INVESTIMENTOS CCTVM S/A
CURY3;87;1,21%;109.001.695;Balcão;23/07/2026;09:34:54;Novo (0);Regular (1);3;XP INVESTIMENTOS CCTVM S/A;3;XP INVESTIMENTOS CCTVM S/A
BBAS3;58.763;0,02%;109.001.694;Balcão;23/07/2026;09:34:53;Novo (0);Regular (1);3;XP INVESTIMENTOS CCTVM S/A;3;XP INVESTIMENTOS CCTVM S/A
ANIM3;63.800;0,39%;109.001.692;Balcão;23/07/2026;09:34:53;Novo (0);Regular (1);3;XP INVESTIMENTOS CCTVM S/A;3;XP INVESTIMENTOS CCTVM S/A
MRVE3;20;0,15%;109.001.693;Balcão;23/07/2026;09:34:53;Novo (0);Regular (1);3;XP INVESTIMENTOS CCTVM S/A;3;XP INVESTIMENTOS CCTVM S/A
CPTS11;13;0,33%;109.001.691;Balcão;23/07/2026;09:34:53;Novo (0);Regular (1);3;XP INVESTIMENTOS CCTVM S/A;3;XP INVESTIMENTOS CCTVM S/A
LVBI11;90;1,88%;109.001.690;Balcão;23/07/2026;09:34:53;Novo (0);Regular (1);3;XP INVESTIMENTOS CCTVM S/A;3;XP INVESTIMENTOS CCTVM S/A
MRVE3;70;0,15%;109.001.689;Balcão;23/07/2026;09:34:53;Novo (0);Regular (1);3;XP INVESTIMENTOS CCTVM S/A;3;XP INVESTIMENTOS CCTVM S/A
CURY3;13;1,21%;109.001.688;Balcão;23/07/2026;09:34:53;Novo (0);Regular (1);3;XP INVESTIMENTOS CCTVM S/A;3;XP INVESTIMENTOS CCTVM S/A
CURY3;88;1,21%;109.001.682;Balcão;23/07/2026;09:34:53;Novo (0);Regular (1);3;XP INVESTIMENTOS CCTVM S/A;3;XP INVESTIMENTOS CCTVM S/A
ENGI11;91;0,12%;109.001.687;Balcão;23/07/2026;09:34:53;Novo (0);Regular (1);3;XP INVESTIMENTOS CCTVM S/A;3;XP INVESTIMENTOS CCTVM S/A
NATU3;12;210,44%;109.001.685;Balcão;23/07/2026;09:34:53;Novo (0);Regular (1);3;XP INVESTIMENTOS CCTVM S/A;3;XP INVESTIMENTOS CCTVM S/A
MLAS3;11.300;0,33%;109.001.683;Balcão;23/07/2026;09:34:53;Novo (0);Regular (1);3;XP INVESTIMENTOS CCTVM S/A;3;XP INVESTIMENTOS CCTVM S/A
CMIN3;13;42,73%;109.001.684;Balcão;23/07/2026;09:34:53;Novo (0);Regular (1);3;XP INVESTIMENTOS CCTVM S/A;3;XP INVESTIMENTOS CCTVM S/A
CURY3;3;1,21%;109.001.680;Balcão;23/07/2026;09:34:53;Novo (0);Regular (1);3;XP INVESTIMENTOS CCTVM S/A;3;XP INVESTIMENTOS CCTVM S/A
ANIM3;1.354;0,39%;109.001.681;Balcão;23/07/2026;09:34:53;Novo (0);Regular (1);3;XP INVESTIMENTOS CCTVM S/A;3;XP INVESTIMENTOS CCTVM S/A
ABEV3;454;2,88%;109.001.678;Balcão;23/07/2026;09:34:53;Novo (0);Regular (1);3;XP INVESTIMENTOS CCTVM S/A;3;XP INVESTIMENTOS CCTVM S/A
ANIM3;83.248;0,39%;109.001.673;Balcão;23/07/2026;09:34:53;Novo (0);Regular (1);3;XP INVESTIMENTOS CCTVM S/A;3;XP INVESTIMENTOS CCTVM S/A
ITUB3;17;1,16%;109.001.675;Balcão;23/07/2026;09:34:53;Novo (0);Regular (1);3;XP INVESTIMENTOS CCTVM S/A;3;XP INVESTIMENTOS CCTVM S/A
ABEV3;9;2,88%;109.001.679;Balcão;23/07/2026;09:34:52;Novo (0);Regular (1);3;XP INVESTIMENTOS CCTVM S/A;3;XP INVESTIMENTOS CCTVM S/A
ANIM3;81.001;0,39%;109.001.671;Balcão;23/07/2026;09:34:52;Novo (0);Regular (1);3;XP INVESTIMENTOS CCTVM S/A;3;XP INVESTIMENTOS CCTVM S/A
HGRU11;13;0,12%;109.001.672;Balcão;23/07/2026;09:34:52;Novo (0);Regular (1);3;XP INVESTIMENTOS CCTVM S/A;3;XP INVESTIMENTOS CCTVM S/A
SMTO3;13;4,47%;109.001.677;Balcão;23/07/2026;09:34:52;Novo (0);Regular (1);3;XP INVESTIMENTOS CCTVM S/A;3;XP INVESTIMENTOS CCTVM S/A
ABEV3;32;2,88%;109.001.674;Balcão;23/07/2026;09:34:52;Novo (0);Regular (1);3;XP INVESTIMENTOS CCTVM S/A;3;XP INVESTIMENTOS CCTVM S/A
ITUB3;75;1,16%;109.001.676;Balcão;23/07/2026;09:34:52;Novo (0);Regular (1);3;XP INVESTIMENTOS CCTVM S/A;3;XP INVESTIMENTOS CCTVM S/A
ABEV3;460;2,88%;109.001.670;Balcão;23/07/2026;09:34:50;Novo (0);Regular (1);3;XP INVESTIMENTOS CCTVM S/A;3;XP INVESTIMENTOS CCTVM S/A
UGPA3;93;0,11%;109.001.669;Balcão;23/07/2026;09:34:50;Novo (0);Regular (1);3;XP INVESTIMENTOS CCTVM S/A;3;XP INVESTIMENTOS CCTVM S/A
ISAE4;94;0,43%;109.001.668;Balcão;23/07/2026;09:34:50;Novo (0);Regular (1);3;XP INVESTIMENTOS CCTVM S/A;3;XP INVESTIMENTOS CCTVM S/A
ABEV3;457;2,88%;109.001.667;Balcão;23/07/2026;09:34:50;Novo (0);Regular (1);3;XP INVESTIMENTOS CCTVM S/A;3;XP INVESTIMENTOS CCTVM S/A
ABEV3;500;2,88%;109.001.666;Balcão;23/07/2026;09:34:50;Novo (0);Regular (1);3;XP INVESTIMENTOS CCTVM S/A;3;XP INVESTIMENTOS CCTVM S/A
ABEV3;615;2,88%;109.001.664;Balcão;23/07/2026;09:34:50;Novo (0);Regular (1);3;XP INVESTIMENTOS CCTVM S/A;3;XP INVESTIMENTOS CCTVM S/A
CURY3;90;1,21%;109.001.665;Balcão;23/07/2026;09:34:50;Novo (0);Regular (1);3;XP INVESTIMENTOS CCTVM S/A;3;XP INVESTIMENTOS CCTVM S/A
ABEV3;464;2,88%;109.001.663;Balcão;23/07/2026;09:34:50;Novo (0);Regular (1);3;XP INVESTIMENTOS CCTVM S/A;3;XP INVESTIMENTOS CCTVM S/A
ABEV3;455;2,88%;109.001.662;Balcão;23/07/2026;09:34:50;Novo (0);Regular (1);3;XP INVESTIMENTOS CCTVM S/A;3;XP INVESTIMENTOS CCTVM S/A
ABEV3;541;2,88%;109.001.658;Balcão;23/07/2026;09:34:50;Novo (0);Regular (1);3;XP INVESTIMENTOS CCTVM S/A;3;XP INVESTIMENTOS CCTVM S/A
ABEV3;456;2,88%;109.001.661;Balcão;23/07/2026;09:34:50;Novo (0);Regular (1);3;XP INVESTIMENTOS CCTVM S/A;3;XP INVESTIMENTOS CCTVM S/A
ABEV3;569;2,88%;109.001.660;Balcão;23/07/2026;09:34:50;Novo (0);Regular (1);3;XP INVESTIMENTOS CCTVM S/A;3;XP INVESTIMENTOS CCTVM S/A
CURY3;2;1,21%;109.001.659;Balcão;23/07/2026;09:34:50;Novo (0);Regular (1);3;XP INVESTIMENTOS CCTVM S/A;3;XP INVESTIMENTOS CCTVM S/A
ABEV3;847;2,88%;109.001.656;Balcão;23/07/2026;09:34:50;Novo (0);Regular (1);3;XP INVESTIMENTOS CCTVM S/A;3;XP INVESTIMENTOS CCTVM S/A
GMAT3;95;2,34%;109.001.657;Balcão;23/07/2026;09:34:50;Novo (0);Regular (1);3;XP INVESTIMENTOS CCTVM S/A;3;XP INVESTIMENTOS CCTVM S/A
ABEV3;87;2,88%;109.001.655;Balcão;23/07/2026;09:34:50;Novo (0);Regular (1);3;XP INVESTIMENTOS CCTVM S/A;3;XP INVESTIMENTOS CCTVM S/A
ISAE4;96;0,43%;109.001.654;Balcão;23/07/2026;09:34:50;Novo (0);Regular (1);3;XP INVESTIMENTOS CCTVM S/A;3;XP INVESTIMENTOS CCTVM S/A
ABEV3;191;2,88%;109.001.653;Balcão;23/07/2026;09:34:50;Novo (0);Regular (1);3;XP INVESTIMENTOS CCTVM S/A;3;XP INVESTIMENTOS CCTVM S/A
ABEV3;756;2,88%;109.001.652;Balcão;23/07/2026;09:34:50;Novo (0);Regular (1);3;XP INVESTIMENTOS CCTVM S/A;3;XP INVESTIMENTOS CCTVM S/A
ABEV3;650;2,88%;109.001.650;Balcão;23/07/2026;09:34:50;Novo (0);Regular (1);3;XP INVESTIMENTOS CCTVM S/A;3;XP INVESTIMENTOS CCTVM S/A
CSAN3;8;3,11%;109.001.651;Balcão;23/07/2026;09:34:50;Novo (0);Regular (1);3;XP INVESTIMENTOS CCTVM S/A;3;XP INVESTIMENTOS CCTVM S/A
ABEV3;850;2,88%;109.001.648;Balcão;23/07/2026;09:34:49;Novo (0);Regular (1);3;XP INVESTIMENTOS CCTVM S/A;3;XP INVESTIMENTOS CCTVM S/A
ABEV3;785;2,88%;109.001.647;Balcão;23/07/2026;09:34:49;Novo (0);Regular (1);3;XP INVESTIMENTOS CCTVM S/A;3;XP INVESTIMENTOS CCTVM S/A
ABEV3;1.000;2,88%;109.001.645;Balcão;23/07/2026;09:34:49;Novo (0);Regular (1);3;XP INVESTIMENTOS CCTVM S/A;3;XP INVESTIMENTOS CCTVM S/A
ABEV3;814;2,88%;109.001.646;Balcão;23/07/2026;09:34:49;Novo (0);Regular (1);3;XP INVESTIMENTOS CCTVM S/A;3;XP INVESTIMENTOS CCTVM S/A
ABEV3;915;2,88%;109.001.643;Balcão;23/07/2026;09:34:49;Novo (0);Regular (1);3;XP INVESTIMENTOS CCTVM S/A;3;XP INVESTIMENTOS CCTVM S/A
ABEV3;1.095;2,88%;109.001.644;Balcão;23/07/2026;09:34:49;Novo (0);Regular (1);3;XP INVESTIMENTOS CCTVM S/A;3;XP INVESTIMENTOS CCTVM S/A
ABEV3;1.454;2,88%;109.001.642;Balcão;23/07/2026;09:34:49;Novo (0);Regular (1);3;XP INVESTIMENTOS CCTVM S/A;3;XP INVESTIMENTOS CCTVM S/A
SNAG11;318;1,23%;109.001.649;Balcão;23/07/2026;09:34:49;Novo (0);Regular (1);3;XP INVESTIMENTOS CCTVM S/A;3;XP INVESTIMENTOS CCTVM S/A
ABEV3;923;2,88%;109.001.641;Balcão;23/07/2026;09:34:49;Novo (0);Regular (1);3;XP INVESTIMENTOS CCTVM S/A;3;XP INVESTIMENTOS CCTVM S/A
ABEV3;1.500;2,88%;109.001.640;Balcão;23/07/2026;09:34:49;Novo (0);Regular (1);3;XP INVESTIMENTOS CCTVM S/A;3;XP INVESTIMENTOS CCTVM S/A
ABEV3;157;2,88%;109.001.639;Balcão;23/07/2026;09:34:49;Novo (0);Regular (1);3;XP INVESTIMENTOS CCTVM S/A;3;XP INVESTIMENTOS CCTVM S/A
ABEV3;1.425;2,88%;109.001.638;Balcão;23/07/2026;09:34:48;Novo (0);Regular (1);3;XP INVESTIMENTOS CCTVM S/A;3;XP INVESTIMENTOS CCTVM S/A
ABEV3;41;2,88%;109.001.637;Balcão;23/07/2026;09:34:48;Novo (0);Regular (1);3;XP INVESTIMENTOS CCTVM S/A;3;XP INVESTIMENTOS CCTVM S/A
ABEV3;1.571;2,88%;109.001.634;Balcão;23/07/2026;09:34:48;Novo (0);Regular (1);3;XP INVESTIMENTOS CCTVM S/A;3;XP INVESTIMENTOS CCTVM S/A
ABEV3;1.200;2,88%;109.001.632;Balcão;23/07/2026;09:34:48;Novo (0);Regular (1);3;XP INVESTIMENTOS CCTVM S/A;3;XP INVESTIMENTOS CCTVM S/A
ABEV3;1.830;2,88%;109.001.630;Balcão;23/07/2026;09:34:48;Novo (0);Regular (1);3;XP INVESTIMENTOS CCTVM S/A;3;XP INVESTIMENTOS CCTVM S/A
ABEV3;1.100;2,88%;109.001.635;Balcão;23/07/2026;09:34:48;Novo (0);Regular (1);3;XP INVESTIMENTOS CCTVM S/A;3;XP INVESTIMENTOS CCTVM S/A
ABEV3;1.066;2,88%;109.001.633;Balcão;23/07/2026;09:34:48;Novo (0);Regular (1);3;XP INVESTIMENTOS CCTVM S/A;3;XP INVESTIMENTOS CCTVM S/A
ABEV3;872;2,88%;109.001.636;Balcão;23/07/2026;09:34:48;Novo (0);Regular (1);3;XP INVESTIMENTOS CCTVM S/A;3;XP INVESTIMENTOS CCTVM S/A
ABEV3;4.495;2,88%;109.001.631;Balcão;23/07/2026;09:34:48;Novo (0);Regular (1);3;XP INVESTIMENTOS CCTVM S/A;3;XP INVESTIMENTOS CCTVM S/A
ABEV3;2.970;2,88%;109.001.629;Balcão;23/07/2026;09:34:47;Novo (0);Regular (1);3;XP INVESTIMENTOS CCTVM S/A;3;XP INVESTIMENTOS CCTVM S/A
ABEV3;1.544;2,88%;109.001.628;Balcão;23/07/2026;09:34:47;Novo (0);Regular (1);3;XP INVESTIMENTOS CCTVM S/A;3;XP INVESTIMENTOS CCTVM S/A
ABEV3;1.571;2,88%;109.001.626;Balcão;23/07/2026;09:34:47;Novo (0);Regular (1);3;XP INVESTIMENTOS CCTVM S/A;3;XP INVESTIMENTOS CCTVM S/A
ABEV3;4.007;2,88%;109.001.625;Balcão;23/07/2026;09:34:47;Novo (0);Regular (1);3;XP INVESTIMENTOS CCTVM S/A;3;XP INVESTIMENTOS CCTVM S/A
ABEV3;5.632;2,88%;109.001.627;Balcão;23/07/2026;09:34:47;Novo (0);Regular (1);3;XP INVESTIMENTOS CCTVM S/A;3;XP INVESTIMENTOS CCTVM S/A
ABEV3;179.438;2,88%;109.001.624;Balcão;23/07/2026;09:34:47;Novo (0);Regular (1);3;XP INVESTIMENTOS CCTVM S/A;3;XP INVESTIMENTOS CCTVM S/A
ABEV3;4.493;2,88%;109.001.621;Balcão;23/07/2026;09:34:46;Novo (0);Regular (1);3;XP INVESTIMENTOS CCTVM S/A;3;XP INVESTIMENTOS CCTVM S/A
ABEV3;38.590;2,88%;109.001.623;Balcão;23/07/2026;09:34:46;Novo (0);Regular (1);3;XP INVESTIMENTOS CCTVM S/A;3;XP INVESTIMENTOS CCTVM S/A
ABEV3;1.974;2,88%;109.001.622;Balcão;23/07/2026;09:34:46;Novo (0);Regular (1);3;XP INVESTIMENTOS CCTVM S/A;3;XP INVESTIMENTOS CCTVM S/A
ABEV3;4.295;2,88%;109.001.617;Balcão;23/07/2026;09:34:46;Novo (0);Regular (1);3;XP INVESTIMENTOS CCTVM S/A;3;XP INVESTIMENTOS CCTVM S/A
ABEV3;1.455;2,88%;109.001.619;Balcão;23/07/2026;09:34:45;Novo (0);Regular (1);3;XP INVESTIMENTOS CCTVM S/A;3;XP INVESTIMENTOS CCTVM S/A
ABEV3;1.624;2,88%;109.001.614;Balcão;23/07/2026;09:34:45;Novo (0);Regular (1);3;XP INVESTIMENTOS CCTVM S/A;3;XP INVESTIMENTOS CCTVM S/A
ABEV3;2.175;2,88%;109.001.620;Balcão;23/07/2026;09:34:45;Novo (0);Regular (1);3;XP INVESTIMENTOS CCTVM S/A;3;XP INVESTIMENTOS CCTVM S/A
ABEV3;4.202;2,88%;109.001.618;Balcão;23/07/2026;09:34:45;Novo (0);Regular (1);3;XP INVESTIMENTOS CCTVM S/A;3;XP INVESTIMENTOS CCTVM S/A
ABEV3;27.980;2,88%;109.001.615;Balcão;23/07/2026;09:34:45;Novo (0);Regular (1);3;XP INVESTIMENTOS CCTVM S/A;3;XP INVESTIMENTOS CCTVM S/A
ABEV3;12.713;2,88%;109.001.616;Balcão;23/07/2026;09:34:45;Novo (0);Regular (1);3;XP INVESTIMENTOS CCTVM S/A;3;XP INVESTIMENTOS CCTVM S/A
LJQQ3;11.794;3,06%;109.001.613;Balcão;23/07/2026;09:34:33;Novo (0);Regular (1);85;BTG PACTUAL CTVM S/A;85;BTG PACTUAL CTVM S/A
RAIL3;1.584;0,23%;109.001.612;Balcão;23/07/2026;09:34:15;Novo (0);Regular (1);85;BTG PACTUAL CTVM S/A;85;BTG PACTUAL CTVM S/A
SMAL11;134;9,92%;109.001.604;Balcão;23/07/2026;09:34:05;Novo (0);Regular (1);85;BTG PACTUAL CTVM S/A;85;BTG PACTUAL CTVM S/A
SMAL11;140;9,92%;109.001.607;Balcão;23/07/2026;09:34:05;Novo (0);Regular (1);85;BTG PACTUAL CTVM S/A;85;BTG PACTUAL CTVM S/A
SMAL11;140;9,92%;109.001.603;Balcão;23/07/2026;09:34:05;Novo (0);Regular (1);85;BTG PACTUAL CTVM S/A;85;BTG PACTUAL CTVM S/A
SMAL11;135;9,92%;109.001.606;Balcão;23/07/2026;09:34:05;Novo (0);Regular (1);85;BTG PACTUAL CTVM S/A;85;BTG PACTUAL CTVM S/A
SMAL11;24;9,92%;109.001.610;Balcão;23/07/2026;09:34:05;Novo (0);Regular (1);85;BTG PACTUAL CTVM S/A;85;BTG PACTUAL CTVM S/A
SMAL11;135;9,92%;109.001.598;Balcão;23/07/2026;09:34:05;Novo (0);Regular (1);85;BTG PACTUAL CTVM S/A;85;BTG PACTUAL CTVM S/A
SMAL11;150;9,92%;109.001.611;Balcão;23/07/2026;09:34:05;Novo (0);Regular (1);85;BTG PACTUAL CTVM S/A;85;BTG PACTUAL CTVM S/A
SMAL11;150;9,92%;109.001.596;Balcão;23/07/2026;09:34:05;Novo (0);Regular (1);85;BTG PACTUAL CTVM S/A;85;BTG PACTUAL CTVM S/A
SMAL11;135;9,92%;109.001.609;Balcão;23/07/2026;09:34:04;Novo (0);Regular (1);85;BTG PACTUAL CTVM S/A;85;BTG PACTUAL CTVM S/A
SMAL11;135;9,92%;109.001.594;Balcão;23/07/2026;09:34:04;Novo (0);Regular (1);85;BTG PACTUAL CTVM S/A;85;BTG PACTUAL CTVM S/A
SMAL11;150;9,92%;109.001.602;Balcão;23/07/2026;09:34:04;Novo (0);Regular (1);85;BTG PACTUAL CTVM S/A;85;BTG PACTUAL CTVM S/A
SMAL11;138;9,92%;109.001.595;Balcão;23/07/2026;09:34:04;Novo (0);Regular (1);85;BTG PACTUAL CTVM S/A;85;BTG PACTUAL CTVM S/A
SMAL11;64;9,92%;109.001.608;Balcão;23/07/2026;09:34:04;Novo (0);Regular (1);85;BTG PACTUAL CTVM S/A;85;BTG PACTUAL CTVM S/A
SMAL11;150;9,92%;109.001.605;Balcão;23/07/2026;09:34:04;Novo (0);Regular (1);85;BTG PACTUAL CTVM S/A;85;BTG PACTUAL CTVM S/A
SMAL11;140;9,92%;109.001.599;Balcão;23/07/2026;09:34:04;Novo (0);Regular (1);85;BTG PACTUAL CTVM S/A;85;BTG PACTUAL CTVM S/A
SMAL11;150;9,92%;109.001.600;Balcão;23/07/2026;09:34:04;Novo (0);Regular (1);85;BTG PACTUAL CTVM S/A;85;BTG PACTUAL CTVM S/A
SMAL11;134;9,92%;109.001.601;Balcão;23/07/2026;09:34:04;Novo (0);Regular (1);85;BTG PACTUAL CTVM S/A;85;BTG PACTUAL CTVM S/A
SMAL11;135;9,92%;109.001.597;Balcão;23/07/2026;09:34:04;Novo (0);Regular (1);85;BTG PACTUAL CTVM S/A;85;BTG PACTUAL CTVM S/A
BOVA11;20;0,72%;109.001.592;Balcão;23/07/2026;09:33:24;Novo (0);Regular (1);85;BTG PACTUAL CTVM S/A;85;BTG PACTUAL CTVM S/A
SMAL11;125;9,92%;109.001.586;Balcão;23/07/2026;09:33:23;Novo (0);Regular (1);85;BTG PACTUAL CTVM S/A;85;BTG PACTUAL CTVM S/A
LIGT3;65.675;18,80%;109.001.342;Balcão;23/07/2026;09:33:22;Novo (0);Regular (1);40;MORGAN STANLEY CTVM S/A;40;MORGAN STANLEY CTVM S/A
ANIM3;9.851;0,39%;109.001.572;Balcão;23/07/2026;09:33:21;Novo (0);Regular (1);85;BTG PACTUAL CTVM S/A;85;BTG PACTUAL CTVM S/A
RAIL3;16;0,23%;109.001.591;Balcão;23/07/2026;09:33:20;Novo (0);Regular (1);85;BTG PACTUAL CTVM S/A;85;BTG PACTUAL CTVM S/A
PTBL3;16.400;0,15%;109.001.577;Balcão;23/07/2026;09:33:20;Novo (0);Regular (1);85;BTG PACTUAL CTVM S/A;85;BTG PACTUAL CTVM S/A
WEGE3;68;0,03%;109.001.585;Balcão;23/07/2026;09:33:20;Novo (0);Regular (1);85;BTG PACTUAL CTVM S/A;85;BTG PACTUAL CTVM S/A
RAIL3;8.600;0,23%;109.001.588;Balcão;23/07/2026;09:33:19;Novo (0);Regular (1);85;BTG PACTUAL CTVM S/A;85;BTG PACTUAL CTVM S/A
TASA4;1.000;0,09%;109.001.579;Balcão;23/07/2026;09:33:19;Novo (0);Regular (1);85;BTG PACTUAL CTVM S/A;85;BTG PACTUAL CTVM S/A
ANIM3;11.500;0,39%;109.001.561;Balcão;23/07/2026;09:33:18;Novo (0);Regular (1);85;BTG PACTUAL CTVM S/A;85;BTG PACTUAL CTVM S/A
SMAL11;10;9,92%;109.001.563;Balcão;23/07/2026;09:33:18;Novo (0);Regular (1);85;BTG PACTUAL CTVM S/A;85;BTG PACTUAL CTVM S/A
SMAL11;2;9,92%;109.001.578;Balcão;23/07/2026;09:33:17;Novo (0);Regular (1);85;BTG PACTUAL CTVM S/A;85;BTG PACTUAL CTVM S/A
WEGE3;83;0,03%;109.001.593;Balcão;23/07/2026;09:33:17;Novo (0);Regular (1);85;BTG PACTUAL CTVM S/A;85;BTG PACTUAL CTVM S/A
MYPK3;3.000;0,04%;109.001.587;Balcão;23/07/2026;09:33:17;Novo (0);Regular (1);85;BTG PACTUAL CTVM S/A;85;BTG PACTUAL CTVM S/A
BRKM5;132;18,15%;109.001.576;Balcão;23/07/2026;09:33:17;Novo (0);Regular (1);85;BTG PACTUAL CTVM S/A;85;BTG PACTUAL CTVM S/A
BRKM5;100;18,15%;109.001.583;Balcão;23/07/2026;09:33:17;Novo (0);Regular (1);85;BTG PACTUAL CTVM S/A;85;BTG PACTUAL CTVM S/A
BRKM5;5;18,15%;109.001.589;Balcão;23/07/2026;09:33:17;Novo (0);Regular (1);85;BTG PACTUAL CTVM S/A;85;BTG PACTUAL CTVM S/A
SMAL11;12;9,92%;109.001.590;Balcão;23/07/2026;09:33:17;Novo (0);Regular (1);85;BTG PACTUAL CTVM S/A;85;BTG PACTUAL CTVM S/A
SMAL11;3;9,92%;109.001.582;Balcão;23/07/2026;09:33:17;Novo (0);Regular (1);85;BTG PACTUAL CTVM S/A;85;BTG PACTUAL CTVM S/A
ANIM3;11.518;0,39%;109.001.549;Balcão;23/07/2026;09:33:15;Novo (0);Regular (1);85;BTG PACTUAL CTVM S/A;85;BTG PACTUAL CTVM S/A
CEAB3;900;0,12%;109.001.575;Balcão;23/07/2026;09:33:15;Novo (0);Regular (1);85;BTG PACTUAL CTVM S/A;85;BTG PACTUAL CTVM S/A
BRKM5;100;18,15%;109.001.574;Balcão;23/07/2026;09:33:15;Novo (0);Regular (1);85;BTG PACTUAL CTVM S/A;85;BTG PACTUAL CTVM S/A
WEGE3;3;0,03%;109.001.580;Balcão;23/07/2026;09:33:14;Novo (0);Regular (1);85;BTG PACTUAL CTVM S/A;85;BTG PACTUAL CTVM S/A
CEAB3;100;0,12%;109.001.573;Balcão;23/07/2026;09:33:14;Novo (0);Regular (1);85;BTG PACTUAL CTVM S/A;85;BTG PACTUAL CTVM S/A
WEGE3;73;0,03%;109.001.584;Balcão;23/07/2026;09:33:14;Novo (0);Regular (1);85;BTG PACTUAL CTVM S/A;85;BTG PACTUAL CTVM S/A
BRKM5;35;18,15%;109.001.554;Balcão;23/07/2026;09:33:14;Novo (0);Regular (1);85;BTG PACTUAL CTVM S/A;85;BTG PACTUAL CTVM S/A
ANIM3;4.631;0,39%;109.001.568;Balcão;23/07/2026;09:33:14;Novo (0);Regular (1);85;BTG PACTUAL CTVM S/A;85;BTG PACTUAL CTVM S/A
HAPV3;6.032;0,24%;109.001.542;Balcão;23/07/2026;09:33:14;Novo (0);Regular (1);85;BTG PACTUAL CTVM S/A;85;BTG PACTUAL CTVM S/A
BRKM5;50;18,15%;109.001.555;Balcão;23/07/2026;09:33:14;Novo (0);Regular (1);85;BTG PACTUAL CTVM S/A;85;BTG PACTUAL CTVM S/A
LJQQ3;2.100;3,06%;109.001.562;Balcão;23/07/2026;09:33:14;Novo (0);Regular (1);85;BTG PACTUAL CTVM S/A;85;BTG PACTUAL CTVM S/A
CEAB3;100;0,12%;109.001.571;Balcão;23/07/2026;09:33:14;Novo (0);Regular (1);85;BTG PACTUAL CTVM S/A;85;BTG PACTUAL CTVM S/A
RAIL3;200;0,23%;109.001.581;Balcão;23/07/2026;09:33:14;Novo (0);Regular (1);85;BTG PACTUAL CTVM S/A;85;BTG PACTUAL CTVM S/A
BRKM5;198;18,15%;109.001.567;Balcão;23/07/2026;09:33:14;Novo (0);Regular (1);85;BTG PACTUAL CTVM S/A;85;BTG PACTUAL CTVM S/A
BRKM5;200;18,15%;109.001.570;Balcão;23/07/2026;09:33:14;Novo (0);Regular (1);85;BTG PACTUAL CTVM S/A;85;BTG PACTUAL CTVM S/A
LJQQ3;58;3,06%;109.001.560;Balcão;23/07/2026;09:33:14;Novo (0);Regular (1);85;BTG PACTUAL CTVM S/A;85;BTG PACTUAL CTVM S/A
SMAL11;21;9,92%;109.001.564;Balcão;23/07/2026;09:33:14;Novo (0);Regular (1);85;BTG PACTUAL CTVM S/A;85;BTG PACTUAL CTVM S/A
ANIM3;8.369;0,39%;109.001.569;Balcão;23/07/2026;09:33:14;Novo (0);Regular (1);85;BTG PACTUAL CTVM S/A;85;BTG PACTUAL CTVM S/A
SMAL11;97;9,92%;109.001.545;Balcão;23/07/2026;09:33:11;Novo (0);Regular (1);85;BTG PACTUAL CTVM S/A;85;BTG PACTUAL CTVM S/A
BRKM5;290;18,15%;109.001.548;Balcão;23/07/2026;09:33:11;Novo (0);Regular (1);85;BTG PACTUAL CTVM S/A;85;BTG PACTUAL CTVM S/A
BRKM5;215;18,15%;109.001.557;Balcão;23/07/2026;09:33:11;Novo (0);Regular (1);85;BTG PACTUAL CTVM S/A;85;BTG PACTUAL CTVM S/A
SMAL11;9;9,92%;109.001.565;Balcão;23/07/2026;09:33:11;Novo (0);Regular (1);85;BTG PACTUAL CTVM S/A;85;BTG PACTUAL CTVM S/A
SMAL11;17;9,92%;109.001.558;Balcão;23/07/2026;09:33:11;Novo (0);Regular (1);85;BTG PACTUAL CTVM S/A;85;BTG PACTUAL CTVM S/A
SMAL11;20;9,92%;109.001.556;Balcão;23/07/2026;09:33:11;Novo (0);Regular (1);85;BTG PACTUAL CTVM S/A;85;BTG PACTUAL CTVM S/A
BRKM5;5;18,15%;109.001.559;Balcão;23/07/2026;09:33:11;Novo (0);Regular (1);85;BTG PACTUAL CTVM S/A;85;BTG PACTUAL CTVM S/A
BRKM5;6;18,15%;109.001.566;Balcão;23/07/2026;09:33:11;Novo (0);Regular (1);85;BTG PACTUAL CTVM S/A;85;BTG PACTUAL CTVM S/A
BRKM5;391;18,15%;109.001.532;Balcão;23/07/2026;09:33:11;Novo (0);Regular (1);85;BTG PACTUAL CTVM S/A;85;BTG PACTUAL CTVM S/A
BRKM5;71;18,15%;109.001.536;Balcão;23/07/2026;09:33:11;Novo (0);Regular (1);85;BTG PACTUAL CTVM S/A;85;BTG PACTUAL CTVM S/A
ANIM3;11.800;0,39%;109.001.546;Balcão;23/07/2026;09:33:11;Novo (0);Regular (1);85;BTG PACTUAL CTVM S/A;85;BTG PACTUAL CTVM S/A
BRKM5;399;18,15%;109.001.533;Balcão;23/07/2026;09:33:11;Novo (0);Regular (1);85;BTG PACTUAL CTVM S/A;85;BTG PACTUAL CTVM S/A
BRKM5;100;18,15%;109.001.534;Balcão;23/07/2026;09:33:11;Novo (0);Regular (1);85;BTG PACTUAL CTVM S/A;85;BTG PACTUAL CTVM S/A
SMAL11;38;9,92%;109.001.551;Balcão;23/07/2026;09:33:11;Novo (0);Regular (1);85;BTG PACTUAL CTVM S/A;85;BTG PACTUAL CTVM S/A
BRKM5;52;18,15%;109.001.552;Balcão;23/07/2026;09:33:11;Novo (0);Regular (1);85;BTG PACTUAL CTVM S/A;85;BTG PACTUAL CTVM S/A
BRKM5;200;18,15%;109.001.553;Balcão;23/07/2026;09:33:11;Novo (0);Regular (1);85;BTG PACTUAL CTVM S/A;85;BTG PACTUAL CTVM S/A
BRKM5;67;18,15%;109.001.550;Balcão;23/07/2026;09:33:11;Novo (0);Regular (1);85;BTG PACTUAL CTVM S/A;85;BTG PACTUAL CTVM S/A
LJQQ3;2.200;3,06%;109.001.544;Balcão;23/07/2026;09:33:11;Novo (0);Regular (1);85;BTG PACTUAL CTVM S/A;85;BTG PACTUAL CTVM S/A
ANIM3;15.550;0,39%;109.001.530;Balcão;23/07/2026;09:33:11;Novo (0);Regular (1);85;BTG PACTUAL CTVM S/A;85;BTG PACTUAL CTVM S/A
BRKM5;219;18,15%;109.001.547;Balcão;23/07/2026;09:33:10;Novo (0);Regular (1);85;BTG PACTUAL CTVM S/A;85;BTG PACTUAL CTVM S/A
BRKM5;80;18,15%;109.001.537;Balcão;23/07/2026;09:33:08;Novo (0);Regular (1);85;BTG PACTUAL CTVM S/A;85;BTG PACTUAL CTVM S/A
LJQQ3;10.000;3,06%;109.001.539;Balcão;23/07/2026;09:33:07;Novo (0);Regular (1);85;BTG PACTUAL CTVM S/A;85;BTG PACTUAL CTVM S/A
BRKM5;400;18,15%;109.001.529;Balcão;23/07/2026;09:33:07;Novo (0);Regular (1);85;BTG PACTUAL CTVM S/A;85;BTG PACTUAL CTVM S/A
LJQQ3;2.148;3,06%;109.001.541;Balcão;23/07/2026;09:33:07;Novo (0);Regular (1);85;BTG PACTUAL CTVM S/A;85;BTG PACTUAL CTVM S/A
BRKM5;300;18,15%;109.001.540;Balcão;23/07/2026;09:33:07;Novo (0);Regular (1);85;BTG PACTUAL CTVM S/A;85;BTG PACTUAL CTVM S/A
CEAB3;4;0,12%;109.001.525;Balcão;23/07/2026;09:33:07;Novo (0);Regular (1);85;BTG PACTUAL CTVM S/A;85;BTG PACTUAL CTVM S/A
BRKM5;300;18,15%;109.001.543;Balcão;23/07/2026;09:33:07;Novo (0);Regular (1);85;BTG PACTUAL CTVM S/A;85;BTG PACTUAL CTVM S/A
BRKM5;100;18,15%;109.001.535;Balcão;23/07/2026;09:33:07;Novo (0);Regular (1);85;BTG PACTUAL CTVM S/A;85;BTG PACTUAL CTVM S/A
ANIM3;21.600;0,39%;109.001.538;Balcão;23/07/2026;09:33:07;Novo (0);Regular (1);85;BTG PACTUAL CTVM S/A;85;BTG PACTUAL CTVM S/A
ABCB4;600;0,04%;109.001.523;Balcão;23/07/2026;09:33:07;Novo (0);Regular (1);85;BTG PACTUAL CTVM S/A;85;BTG PACTUAL CTVM S/A
ANIM3;29.792;0,39%;109.001.521;Balcão;23/07/2026;09:33:07;Novo (0);Regular (1);85;BTG PACTUAL CTVM S/A;85;BTG PACTUAL CTVM S/A
CEAB3;70;0,12%;109.001.524;Balcão;23/07/2026;09:33:07;Novo (0);Regular (1);85;BTG PACTUAL CTVM S/A;85;BTG PACTUAL CTVM S/A
ANIM3;31.289;0,39%;109.001.519;Balcão;23/07/2026;09:33:07;Novo (0);Regular (1);85;BTG PACTUAL CTVM S/A;85;BTG PACTUAL CTVM S/A
ABEV3;979;2,88%;109.001.520;Balcão;23/07/2026;09:33:07;Novo (0);Regular (1);85;BTG PACTUAL CTVM S/A;85;BTG PACTUAL CTVM S/A
BRKM5;100;18,15%;109.001.522;Balcão;23/07/2026;09:33:07;Novo (0);Regular (1);85;BTG PACTUAL CTVM S/A;85;BTG PACTUAL CTVM S/A
ANIM3;12.400;0,39%;109.001.531;Balcão;23/07/2026;09:33:07;Novo (0);Regular (1);85;BTG PACTUAL CTVM S/A;85;BTG PACTUAL CTVM S/A
BRKM5;400;18,15%;109.001.527;Balcão;23/07/2026;09:33:07;Novo (0);Regular (1);85;BTG PACTUAL CTVM S/A;85;BTG PACTUAL CTVM S/A
AMAR3;600;1,05%;109.001.528;Balcão;23/07/2026;09:33:07;Novo (0);Regular (1);85;BTG PACTUAL CTVM S/A;85;BTG PACTUAL CTVM S/A
CEAB3;41;0,12%;109.001.526;Balcão;23/07/2026;09:33:07;Novo (0);Regular (1);85;BTG PACTUAL CTVM S/A;85;BTG PACTUAL CTVM S/A
SPXI11;362;0,25%;109.001.518;Balcão;23/07/2026;09:33:01;Novo (0);Regular (1);147;ATIVA INVESTIMENTOS S/A CTCV;92;RENASCENCA DTVM LTDA
WEGE3;43;0,03%;109.001.516;Balcão;23/07/2026;09:32:55;Novo (0);Regular (1);85;BTG PACTUAL CTVM S/A;85;BTG PACTUAL CTVM S/A
BRBI11;2.100;0,09%;109.001.509;Balcão;23/07/2026;09:32:55;Novo (0);Regular (1);85;BTG PACTUAL CTVM S/A;85;BTG PACTUAL CTVM S/A
BRKM5;4;18,15%;109.001.512;Balcão;23/07/2026;09:32:55;Novo (0);Regular (1);85;BTG PACTUAL CTVM S/A;85;BTG PACTUAL CTVM S/A
FESA4;200;0,05%;109.001.514;Balcão;23/07/2026;09:32:55;Novo (0);Regular (1);85;BTG PACTUAL CTVM S/A;85;BTG PACTUAL CTVM S/A
ABCB4;400;0,04%;109.001.515;Balcão;23/07/2026;09:32:55;Novo (0);Regular (1);85;BTG PACTUAL CTVM S/A;85;BTG PACTUAL CTVM S/A
MGLU3;700;14,36%;109.001.510;Balcão;23/07/2026;09:32:55;Novo (0);Regular (1);85;BTG PACTUAL CTVM S/A;85;BTG PACTUAL CTVM S/A
WEGE3;39;0,03%;109.001.508;Balcão;23/07/2026;09:32:55;Novo (0);Regular (1);85;BTG PACTUAL CTVM S/A;85;BTG PACTUAL CTVM S/A
WEGE3;176;0,03%;109.001.513;Balcão;23/07/2026;09:32:55;Novo (0);Regular (1);85;BTG PACTUAL CTVM S/A;85;BTG PACTUAL CTVM S/A
BRKM5;300;18,15%;109.001.503;Balcão;23/07/2026;09:32:55;Novo (0);Regular (1);85;BTG PACTUAL CTVM S/A;85;BTG PACTUAL CTVM S/A
TAEE11;100;0,17%;109.001.517;Balcão;23/07/2026;09:32:55;Novo (0);Regular (1);85;BTG PACTUAL CTVM S/A;85;BTG PACTUAL CTVM S/A
HAPV3;30;0,24%;109.001.507;Balcão;23/07/2026;09:32:55;Novo (0);Regular (1);85;BTG PACTUAL CTVM S/A;85;BTG PACTUAL CTVM S/A
SMAL11;68;9,92%;109.001.505;Balcão;23/07/2026;09:32:55;Novo (0);Regular (1);85;BTG PACTUAL CTVM S/A;85;BTG PACTUAL CTVM S/A
SUZB3;100;0,03%;109.001.511;Balcão;23/07/2026;09:32:55;Novo (0);Regular (1);85;BTG PACTUAL CTVM S/A;85;BTG PACTUAL CTVM S/A
WEGE3;75;0,03%;109.001.499;Balcão;23/07/2026;09:32:55;Novo (0);Regular (1);85;BTG PACTUAL CTVM S/A;85;BTG PACTUAL CTVM S/A
WEGE3;201;0,03%;109.001.504;Balcão;23/07/2026;09:32:55;Novo (0);Regular (1);85;BTG PACTUAL CTVM S/A;85;BTG PACTUAL CTVM S/A
HAPV3;238;0,24%;109.001.502;Balcão;23/07/2026;09:32:55;Novo (0);Regular (1);85;BTG PACTUAL CTVM S/A;85;BTG PACTUAL CTVM S/A
ABEV3;2;2,88%;109.001.500;Balcão;23/07/2026;09:32:55;Novo (0);Regular (1);85;BTG PACTUAL CTVM S/A;85;BTG PACTUAL CTVM S/A
ABEV3;219;2,88%;109.001.506;Balcão;23/07/2026;09:32:52;Novo (0);Regular (1);85;BTG PACTUAL CTVM S/A;85;BTG PACTUAL CTVM S/A
WEGE3;39;0,03%;109.001.501;Balcão;23/07/2026;09:32:51;Novo (0);Regular (1);85;BTG PACTUAL CTVM S/A;85;BTG PACTUAL CTVM S/A
ITUB3;4.721;3,00%;109.001.498;Balcão;23/07/2026;09:32:33;Novo (0);Regular (1);92;RENASCENCA DTVM LTDA;92;RENASCENCA DTVM LTDA
CYRE3;120.000;0,08%;109.000.717;Balcão;23/07/2026;09:31:36;Novo (0);Regular (1);85;BTG PACTUAL CTVM S/A;85;BTG PACTUAL CTVM S/A
NATU3;400;210,44%;109.001.353;Balcão;23/07/2026;09:31:11;Novo (0);Regular (1);92;RENASCENCA DTVM LTDA;23;NECTON INVESTIMENTOS - BTG PACTUAL CTVM S.A
NATU3;1.300;210,44%;109.001.352;Balcão;23/07/2026;09:31:11;Novo (0);Regular (1);92;RENASCENCA DTVM LTDA;23;NECTON INVESTIMENTOS - BTG PACTUAL CTVM S.A
BBSE3;539;0,88%;109.001.497;Balcão;23/07/2026;09:31:10;Novo (0);Regular (1);27;SANTANDER CCVM S/A;27;SANTANDER CCVM S/A
BBSE3;500;0,88%;109.001.495;Balcão;23/07/2026;09:31:00;Novo (0);Regular (1);27;SANTANDER CCVM S/A;27;SANTANDER CCVM S/A
BBSE3;500;0,88%;109.001.496;Balcão;23/07/2026;09:31:00;Novo (0);Regular (1);27;SANTANDER CCVM S/A;27;SANTANDER CCVM S/A
BBSE3;500;0,88%;109.001.494;Balcão;23/07/2026;09:31:00;Novo (0);Regular (1);27;SANTANDER CCVM S/A;27;SANTANDER CCVM S/A
BBSE3;500;0,88%;109.001.493;Balcão;23/07/2026;09:31:00;Novo (0);Regular (1);27;SANTANDER CCVM S/A;27;SANTANDER CCVM S/A
BBSE3;500;0,88%;109.001.491;Balcão;23/07/2026;09:31:00;Novo (0);Regular (1);27;SANTANDER CCVM S/A;27;SANTANDER CCVM S/A
BBSE3;485;0,88%;109.001.489;Balcão;23/07/2026;09:31:00;Novo (0);Regular (1);27;SANTANDER CCVM S/A;27;SANTANDER CCVM S/A
BBSE3;382;0,88%;109.001.492;Balcão;23/07/2026;09:31:00;Novo (0);Regular (1);27;SANTANDER CCVM S/A;27;SANTANDER CCVM S/A
BBSE3;589;0,88%;109.001.490;Balcão;23/07/2026;09:31:00;Novo (0);Regular (1);27;SANTANDER CCVM S/A;27;SANTANDER CCVM S/A
BBSE3;500;0,88%;109.001.487;Balcão;23/07/2026;09:31:00;Novo (0);Regular (1);27;SANTANDER CCVM S/A;27;SANTANDER CCVM S/A
CMIN3;15.000;42,73%;109.001.488;Balcão;23/07/2026;09:31:00;Novo (0);Regular (1);27;SANTANDER CCVM S/A;27;SANTANDER CCVM S/A
CMIN3;398;42,73%;109.001.445;Balcão;23/07/2026;09:30:54;Novo (0);Regular (1);85;BTG PACTUAL CTVM S/A;85;BTG PACTUAL CTVM S/A
CMIN3;300;42,73%;109.001.465;Balcão;23/07/2026;09:30:54;Novo (0);Regular (1);85;BTG PACTUAL CTVM S/A;85;BTG PACTUAL CTVM S/A
CMIN3;500;42,73%;109.001.477;Balcão;23/07/2026;09:30:53;Novo (0);Regular (1);85;BTG PACTUAL CTVM S/A;85;BTG PACTUAL CTVM S/A
CMIN3;63;42,73%;109.001.486;Balcão;23/07/2026;09:30:53;Novo (0);Regular (1);85;BTG PACTUAL CTVM S/A;85;BTG PACTUAL CTVM S/A
CMIN3;2;42,73%;109.001.447;Balcão;23/07/2026;09:30:52;Novo (0);Regular (1);85;BTG PACTUAL CTVM S/A;85;BTG PACTUAL CTVM S/A
CMIN3;100;42,73%;109.001.456;Balcão;23/07/2026;09:30:52;Novo (0);Regular (1);85;BTG PACTUAL CTVM S/A;85;BTG PACTUAL CTVM S/A
CMIN3;488;42,73%;109.001.471;Balcão;23/07/2026;09:30:51;Novo (0);Regular (1);85;BTG PACTUAL CTVM S/A;85;BTG PACTUAL CTVM S/A
CMIN3;144;42,73%;109.001.480;Balcão;23/07/2026;09:30:51;Novo (0);Regular (1);85;BTG PACTUAL CTVM S/A;85;BTG PACTUAL CTVM S/A
CMIN3;500;42,73%;109.001.484;Balcão;23/07/2026;09:30:51;Novo (0);Regular (1);85;BTG PACTUAL CTVM S/A;85;BTG PACTUAL CTVM S/A
CMIN3;330;42,73%;109.001.485;Balcão;23/07/2026;09:30:51;Novo (0);Regular (1);85;BTG PACTUAL CTVM S/A;85;BTG PACTUAL CTVM S/A
CMIN3;117;42,73%;109.001.481;Balcão;23/07/2026;09:30:49;Novo (0);Regular (1);85;BTG PACTUAL CTVM S/A;85;BTG PACTUAL CTVM S/A
CMIN3;19;42,73%;109.001.478;Balcão;23/07/2026;09:30:49;Novo (0);Regular (1);85;BTG PACTUAL CTVM S/A;85;BTG PACTUAL CTVM S/A
CMIN3;500;42,73%;109.001.482;Balcão;23/07/2026;09:30:48;Novo (0);Regular (1);85;BTG PACTUAL CTVM S/A;85;BTG PACTUAL CTVM S/A
CMIN3;397;42,73%;109.001.479;Balcão;23/07/2026;09:30:48;Novo (0);Regular (1);85;BTG PACTUAL CTVM S/A;85;BTG PACTUAL CTVM S/A
CMIN3;500;42,73%;109.001.475;Balcão;23/07/2026;09:30:48;Novo (0);Regular (1);85;BTG PACTUAL CTVM S/A;85;BTG PACTUAL CTVM S/A
CMIN3;166;42,73%;109.001.476;Balcão;23/07/2026;09:30:48;Novo (0);Regular (1);85;BTG PACTUAL CTVM S/A;85;BTG PACTUAL CTVM S/A
CMIN3;287;42,73%;109.001.474;Balcão;23/07/2026;09:30:48;Novo (0);Regular (1);85;BTG PACTUAL CTVM S/A;85;BTG PACTUAL CTVM S/A
CMIN3;500;42,73%;109.001.470;Balcão;23/07/2026;09:30:48;Novo (0);Regular (1);85;BTG PACTUAL CTVM S/A;85;BTG PACTUAL CTVM S/A
CMIN3;200;42,73%;109.001.473;Balcão;23/07/2026;09:30:48;Novo (0);Regular (1);85;BTG PACTUAL CTVM S/A;85;BTG PACTUAL CTVM S/A
CMIN3;481;42,73%;109.001.464;Balcão;23/07/2026;09:30:48;Novo (0);Regular (1);85;BTG PACTUAL CTVM S/A;85;BTG PACTUAL CTVM S/A
CMIN3;324;42,73%;109.001.466;Balcão;23/07/2026;09:30:48;Novo (0);Regular (1);85;BTG PACTUAL CTVM S/A;85;BTG PACTUAL CTVM S/A
CMIN3;311;42,73%;109.001.467;Balcão;23/07/2026;09:30:48;Novo (0);Regular (1);85;BTG PACTUAL CTVM S/A;85;BTG PACTUAL CTVM S/A
CMIN3;500;42,73%;109.001.460;Balcão;23/07/2026;09:30:48;Novo (0);Regular (1);85;BTG PACTUAL CTVM S/A;85;BTG PACTUAL CTVM S/A
CMIN3;500;42,73%;109.001.472;Balcão;23/07/2026;09:30:48;Novo (0);Regular (1);85;BTG PACTUAL CTVM S/A;85;BTG PACTUAL CTVM S/A
CMIN3;65;42,73%;109.001.451;Balcão;23/07/2026;09:30:48;Novo (0);Regular (1);85;BTG PACTUAL CTVM S/A;85;BTG PACTUAL CTVM S/A
CMIN3;500;42,73%;109.001.449;Balcão;23/07/2026;09:30:48;Novo (0);Regular (1);85;BTG PACTUAL CTVM S/A;85;BTG PACTUAL CTVM S/A
CMIN3;226;42,73%;109.001.422;Balcão;23/07/2026;09:30:47;Novo (0);Regular (1);85;BTG PACTUAL CTVM S/A;85;BTG PACTUAL CTVM S/A
CMIN3;446;42,73%;109.001.442;Balcão;23/07/2026;09:30:47;Novo (0);Regular (1);85;BTG PACTUAL CTVM S/A;85;BTG PACTUAL CTVM S/A
CMIN3;500;42,73%;109.001.431;Balcão;23/07/2026;09:30:47;Novo (0);Regular (1);85;BTG PACTUAL CTVM S/A;85;BTG PACTUAL CTVM S/A
CMIN3;200;42,73%;109.001.448;Balcão;23/07/2026;09:30:47;Novo (0);Regular (1);85;BTG PACTUAL CTVM S/A;85;BTG PACTUAL CTVM S/A
CMIN3;287;42,73%;109.001.426;Balcão;23/07/2026;09:30:47;Novo (0);Regular (1);85;BTG PACTUAL CTVM S/A;85;BTG PACTUAL CTVM S/A
CMIN3;500;42,73%;109.001.429;Balcão;23/07/2026;09:30:47;Novo (0);Regular (1);85;BTG PACTUAL CTVM S/A;85;BTG PACTUAL CTVM S/A
CMIN3;500;42,73%;109.001.432;Balcão;23/07/2026;09:30:47;Novo (0);Regular (1);85;BTG PACTUAL CTVM S/A;85;BTG PACTUAL CTVM S/A
CMIN3;500;42,73%;109.001.433;Balcão;23/07/2026;09:30:46;Novo (0);Regular (1);85;BTG PACTUAL CTVM S/A;85;BTG PACTUAL CTVM S/A
CMIN3;500;42,73%;109.001.441;Balcão;23/07/2026;09:30:46;Novo (0);Regular (1);85;BTG PACTUAL CTVM S/A;85;BTG PACTUAL CTVM S/A
CMIN3;113;42,73%;109.001.483;Balcão;23/07/2026;09:30:45;Novo (0);Regular (1);85;BTG PACTUAL CTVM S/A;85;BTG PACTUAL CTVM S/A
CMIN3;358;42,73%;109.001.462;Balcão;23/07/2026;09:30:45;Novo (0);Regular (1);85;BTG PACTUAL CTVM S/A;85;BTG PACTUAL CTVM S/A
CMIN3;100;42,73%;109.001.469;Balcão;23/07/2026;09:30:45;Novo (0);Regular (1);85;BTG PACTUAL CTVM S/A;85;BTG PACTUAL CTVM S/A
CMIN3;437;42,73%;109.001.463;Balcão;23/07/2026;09:30:45;Novo (0);Regular (1);85;BTG PACTUAL CTVM S/A;85;BTG PACTUAL CTVM S/A
CMIN3;500;42,73%;109.001.412;Balcão;23/07/2026;09:30:45;Novo (0);Regular (1);85;BTG PACTUAL CTVM S/A;85;BTG PACTUAL CTVM S/A
CMIN3;200;42,73%;109.001.439;Balcão;23/07/2026;09:30:45;Novo (0);Regular (1);85;BTG PACTUAL CTVM S/A;85;BTG PACTUAL CTVM S/A
CMIN3;484;42,73%;109.001.436;Balcão;23/07/2026;09:30:45;Novo (0);Regular (1);85;BTG PACTUAL CTVM S/A;85;BTG PACTUAL CTVM S/A
CMIN3;63;42,73%;109.001.446;Balcão;23/07/2026;09:30:45;Novo (0);Regular (1);85;BTG PACTUAL CTVM S/A;85;BTG PACTUAL CTVM S/A
CMIN3;274;42,73%;109.001.438;Balcão;23/07/2026;09:30:45;Novo (0);Regular (1);85;BTG PACTUAL CTVM S/A;85;BTG PACTUAL CTVM S/A
CMIN3;500;42,73%;109.001.457;Balcão;23/07/2026;09:30:44;Novo (0);Regular (1);85;BTG PACTUAL CTVM S/A;85;BTG PACTUAL CTVM S/A
CMIN3;500;42,73%;109.001.468;Balcão;23/07/2026;09:30:44;Novo (0);Regular (1);85;BTG PACTUAL CTVM S/A;85;BTG PACTUAL CTVM S/A
CMIN3;500;42,73%;109.001.444;Balcão;23/07/2026;09:30:44;Novo (0);Regular (1);85;BTG PACTUAL CTVM S/A;85;BTG PACTUAL CTVM S/A
CMIN3;213;42,73%;109.001.420;Balcão;23/07/2026;09:30:44;Novo (0);Regular (1);85;BTG PACTUAL CTVM S/A;85;BTG PACTUAL CTVM S/A
CMIN3;437;42,73%;109.001.461;Balcão;23/07/2026;09:30:44;Novo (0);Regular (1);85;BTG PACTUAL CTVM S/A;85;BTG PACTUAL CTVM S/A
CMIN3;500;42,73%;109.001.458;Balcão;23/07/2026;09:30:44;Novo (0);Regular (1);85;BTG PACTUAL CTVM S/A;85;BTG PACTUAL CTVM S/A
CMIN3;500;42,73%;109.001.435;Balcão;23/07/2026;09:30:44;Novo (0);Regular (1);85;BTG PACTUAL CTVM S/A;85;BTG PACTUAL CTVM S/A
CMIN3;500;42,73%;109.001.454;Balcão;23/07/2026;09:30:44;Novo (0);Regular (1);85;BTG PACTUAL CTVM S/A;85;BTG PACTUAL CTVM S/A
CMIN3;500;42,73%;109.001.450;Balcão;23/07/2026;09:30:44;Novo (0);Regular (1);85;BTG PACTUAL CTVM S/A;85;BTG PACTUAL CTVM S/A
CMIN3;148;42,73%;109.001.459;Balcão;23/07/2026;09:30:44;Novo (0);Regular (1);85;BTG PACTUAL CTVM S/A;85;BTG PACTUAL CTVM S/A
CMIN3;100;42,73%;109.001.404;Balcão;23/07/2026;09:30:44;Novo (0);Regular (1);85;BTG PACTUAL CTVM S/A;85;BTG PACTUAL CTVM S/A
CMIN3;500;42,73%;109.001.415;Balcão;23/07/2026;09:30:44;Novo (0);Regular (1);85;BTG PACTUAL CTVM S/A;85;BTG PACTUAL CTVM S/A
CMIN3;500;42,73%;109.001.392;Balcão;23/07/2026;09:30:44;Novo (0);Regular (1);85;BTG PACTUAL CTVM S/A;85;BTG PACTUAL CTVM S/A
CMIN3;384;42,73%;109.001.453;Balcão;23/07/2026;09:30:43;Novo (0);Regular (1);85;BTG PACTUAL CTVM S/A;85;BTG PACTUAL CTVM S/A
CMIN3;500;42,73%;109.001.455;Balcão;23/07/2026;09:30:43;Novo (0);Regular (1);85;BTG PACTUAL CTVM S/A;85;BTG PACTUAL CTVM S/A
CMIN3;500;42,73%;109.001.452;Balcão;23/07/2026;09:30:43;Novo (0);Regular (1);85;BTG PACTUAL CTVM S/A;85;BTG PACTUAL CTVM S/A
CMIN3;500;42,73%;109.001.437;Balcão;23/07/2026;09:30:43;Novo (0);Regular (1);85;BTG PACTUAL CTVM S/A;85;BTG PACTUAL CTVM S/A
CMIN3;500;42,73%;109.001.434;Balcão;23/07/2026;09:30:43;Novo (0);Regular (1);85;BTG PACTUAL CTVM S/A;85;BTG PACTUAL CTVM S/A
CMIN3;200;42,73%;109.001.425;Balcão;23/07/2026;09:30:43;Novo (0);Regular (1);85;BTG PACTUAL CTVM S/A;85;BTG PACTUAL CTVM S/A
CMIN3;1.074;42,73%;109.001.417;Balcão;23/07/2026;09:30:43;Novo (0);Regular (1);85;BTG PACTUAL CTVM S/A;85;BTG PACTUAL CTVM S/A
CMIN3;500;42,73%;109.001.393;Balcão;23/07/2026;09:30:42;Novo (0);Regular (1);85;BTG PACTUAL CTVM S/A;85;BTG PACTUAL CTVM S/A
CMIN3;500;42,73%;109.001.395;Balcão;23/07/2026;09:30:42;Novo (0);Regular (1);85;BTG PACTUAL CTVM S/A;85;BTG PACTUAL CTVM S/A
CMIN3;300;42,73%;109.001.416;Balcão;23/07/2026;09:30:42;Novo (0);Regular (1);85;BTG PACTUAL CTVM S/A;85;BTG PACTUAL CTVM S/A
CMIN3;260;42,73%;109.001.396;Balcão;23/07/2026;09:30:42;Novo (0);Regular (1);85;BTG PACTUAL CTVM S/A;85;BTG PACTUAL CTVM S/A
CMIN3;300;42,73%;109.001.410;Balcão;23/07/2026;09:30:42;Novo (0);Regular (1);85;BTG PACTUAL CTVM S/A;85;BTG PACTUAL CTVM S/A
CMIN3;58;42,73%;109.001.398;Balcão;23/07/2026;09:30:42;Novo (0);Regular (1);85;BTG PACTUAL CTVM S/A;85;BTG PACTUAL CTVM S/A
CMIN3;500;42,73%;109.001.443;Balcão;23/07/2026;09:30:41;Novo (0);Regular (1);85;BTG PACTUAL CTVM S/A;85;BTG PACTUAL CTVM S/A
CMIN3;421;42,73%;109.001.440;Balcão;23/07/2026;09:30:41;Novo (0);Regular (1);85;BTG PACTUAL CTVM S/A;85;BTG PACTUAL CTVM S/A
CMIN3;500;42,73%;109.001.421;Balcão;23/07/2026;09:30:41;Novo (0);Regular (1);85;BTG PACTUAL CTVM S/A;85;BTG PACTUAL CTVM S/A
CMIN3;100;42,73%;109.001.419;Balcão;23/07/2026;09:30:41;Novo (0);Regular (1);85;BTG PACTUAL CTVM S/A;85;BTG PACTUAL CTVM S/A
CMIN3;200;42,73%;109.001.424;Balcão;23/07/2026;09:30:41;Novo (0);Regular (1);85;BTG PACTUAL CTVM S/A;85;BTG PACTUAL CTVM S/A
CMIN3;237;42,73%;109.001.427;Balcão;23/07/2026;09:30:41;Novo (0);Regular (1);85;BTG PACTUAL CTVM S/A;85;BTG PACTUAL CTVM S/A
CMIN3;500;42,73%;109.001.428;Balcão;23/07/2026;09:30:41;Novo (0);Regular (1);85;BTG PACTUAL CTVM S/A;85;BTG PACTUAL CTVM S/A
CMIN3;250;42,73%;109.001.430;Balcão;23/07/2026;09:30:41;Novo (0);Regular (1);85;BTG PACTUAL CTVM S/A;85;BTG PACTUAL CTVM S/A
CMIN3;500;42,73%;109.001.423;Balcão;23/07/2026;09:30:41;Novo (0);Regular (1);85;BTG PACTUAL CTVM S/A;85;BTG PACTUAL CTVM S/A
CMIN3;26;42,73%;109.001.418;Balcão;23/07/2026;09:30:39;Novo (0);Regular (1);85;BTG PACTUAL CTVM S/A;85;BTG PACTUAL CTVM S/A
CMIN3;400;42,73%;109.001.403;Balcão;23/07/2026;09:30:39;Novo (0);Regular (1);85;BTG PACTUAL CTVM S/A;85;BTG PACTUAL CTVM S/A
CMIN3;500;42,73%;109.001.394;Balcão;23/07/2026;09:30:39;Novo (0);Regular (1);85;BTG PACTUAL CTVM S/A;85;BTG PACTUAL CTVM S/A
CMIN3;100;42,73%;109.001.414;Balcão;23/07/2026;09:30:38;Novo (0);Regular (1);85;BTG PACTUAL CTVM S/A;85;BTG PACTUAL CTVM S/A
CMIN3;259;42,73%;109.001.399;Balcão;23/07/2026;09:30:38;Novo (0);Regular (1);85;BTG PACTUAL CTVM S/A;85;BTG PACTUAL CTVM S/A
CMIN3;213;42,73%;109.001.400;Balcão;23/07/2026;09:30:38;Novo (0);Regular (1);85;BTG PACTUAL CTVM S/A;85;BTG PACTUAL CTVM S/A
CMIN3;35;42,73%;109.001.402;Balcão;23/07/2026;09:30:38;Novo (0);Regular (1);85;BTG PACTUAL CTVM S/A;85;BTG PACTUAL CTVM S/A
CMIN3;500;42,73%;109.001.409;Balcão;23/07/2026;09:30:38;Novo (0);Regular (1);85;BTG PACTUAL CTVM S/A;85;BTG PACTUAL CTVM S/A
CMIN3;442;42,73%;109.001.413;Balcão;23/07/2026;09:30:38;Novo (0);Regular (1);85;BTG PACTUAL CTVM S/A;85;BTG PACTUAL CTVM S/A
CMIN3;500;42,73%;109.001.405;Balcão;23/07/2026;09:30:38;Novo (0);Regular (1);85;BTG PACTUAL CTVM S/A;85;BTG PACTUAL CTVM S/A
CMIN3;474;42,73%;109.001.411;Balcão;23/07/2026;09:30:38;Novo (0);Regular (1);85;BTG PACTUAL CTVM S/A;85;BTG PACTUAL CTVM S/A
CMIN3;500;42,73%;109.001.401;Balcão;23/07/2026;09:30:38;Novo (0);Regular (1);85;BTG PACTUAL CTVM S/A;85;BTG PACTUAL CTVM S/A
CMIN3;100;42,73%;109.001.406;Balcão;23/07/2026;09:30:38;Novo (0);Regular (1);85;BTG PACTUAL CTVM S/A;85;BTG PACTUAL CTVM S/A
CMIN3;500;42,73%;109.001.408;Balcão;23/07/2026;09:30:34;Novo (0);Regular (1);85;BTG PACTUAL CTVM S/A;85;BTG PACTUAL CTVM S/A
CMIN3;500;42,73%;109.001.397;Balcão;23/07/2026;09:30:34;Novo (0);Regular (1);85;BTG PACTUAL CTVM S/A;85;BTG PACTUAL CTVM S/A
CMIN3;266;42,73%;109.001.407;Balcão;23/07/2026;09:30:34;Novo (0);Regular (1);85;BTG PACTUAL CTVM S/A;85;BTG PACTUAL CTVM S/A
CMIN3;37;42,73%;109.001.391;Balcão;23/07/2026;09:30:29;Novo (0);Regular (1);85;BTG PACTUAL CTVM S/A;85;BTG PACTUAL CTVM S/A
CMIN3;16;42,73%;109.001.390;Balcão;23/07/2026;09:30:29;Novo (0);Regular (1);85;BTG PACTUAL CTVM S/A;85;BTG PACTUAL CTVM S/A
CMIN3;5;42,73%;109.001.389;Balcão;23/07/2026;09:30:29;Novo (0);Regular (1);85;BTG PACTUAL CTVM S/A;85;BTG PACTUAL CTVM S/A
CMIN3;26;42,73%;109.001.378;Balcão;23/07/2026;09:30:29;Novo (0);Regular (1);85;BTG PACTUAL CTVM S/A;85;BTG PACTUAL CTVM S/A
CMIN3;75;42,73%;109.001.388;Balcão;23/07/2026;09:30:29;Novo (0);Regular (1);85;BTG PACTUAL CTVM S/A;85;BTG PACTUAL CTVM S/A
CMIN3;40;42,73%;109.001.387;Balcão;23/07/2026;09:30:29;Novo (0);Regular (1);85;BTG PACTUAL CTVM S/A;85;BTG PACTUAL CTVM S/A
CMIN3;1;42,73%;109.001.377;Balcão;23/07/2026;09:30:29;Novo (0);Regular (1);85;BTG PACTUAL CTVM S/A;85;BTG PACTUAL CTVM S/A
CMIN3;82;42,73%;109.001.373;Balcão;23/07/2026;09:30:29;Novo (0);Regular (1);85;BTG PACTUAL CTVM S/A;85;BTG PACTUAL CTVM S/A
CMIN3;12;42,73%;109.001.375;Balcão;23/07/2026;09:30:29;Novo (0);Regular (1);85;BTG PACTUAL CTVM S/A;85;BTG PACTUAL CTVM S/A
CMIN3;5;42,73%;109.001.376;Balcão;23/07/2026;09:30:29;Novo (0);Regular (1);85;BTG PACTUAL CTVM S/A;85;BTG PACTUAL CTVM S/A
CMIN3;3;42,73%;109.001.381;Balcão;23/07/2026;09:30:29;Novo (0);Regular (1);85;BTG PACTUAL CTVM S/A;85;BTG PACTUAL CTVM S/A
CMIN3;30;42,73%;109.001.386;Balcão;23/07/2026;09:30:29;Novo (0);Regular (1);85;BTG PACTUAL CTVM S/A;85;BTG PACTUAL CTVM S/A
CMIN3;10;42,73%;109.001.382;Balcão;23/07/2026;09:30:29;Novo (0);Regular (1);85;BTG PACTUAL CTVM S/A;85;BTG PACTUAL CTVM S/A
CMIN3;2;42,73%;109.001.384;Balcão;23/07/2026;09:30:28;Novo (0);Regular (1);85;BTG PACTUAL CTVM S/A;85;BTG PACTUAL CTVM S/A
CMIN3;39;42,73%;109.001.372;Balcão;23/07/2026;09:30:28;Novo (0);Regular (1);85;BTG PACTUAL CTVM S/A;85;BTG PACTUAL CTVM S/A
CMIN3;35;42,73%;109.001.385;Balcão;23/07/2026;09:30:28;Novo (0);Regular (1);85;BTG PACTUAL CTVM S/A;85;BTG PACTUAL CTVM S/A
CMIN3;40;42,73%;109.001.374;Balcão;23/07/2026;09:30:28;Novo (0);Regular (1);85;BTG PACTUAL CTVM S/A;85;BTG PACTUAL CTVM S/A
CMIN3;18;42,73%;109.001.383;Balcão;23/07/2026;09:30:28;Novo (0);Regular (1);85;BTG PACTUAL CTVM S/A;85;BTG PACTUAL CTVM S/A
CMIN3;63;42,73%;109.001.379;Balcão;23/07/2026;09:30:25;Novo (0);Regular (1);85;BTG PACTUAL CTVM S/A;85;BTG PACTUAL CTVM S/A
CMIN3;3;42,73%;109.001.380;Balcão;23/07/2026;09:30:25;Novo (0);Regular (1);85;BTG PACTUAL CTVM S/A;85;BTG PACTUAL CTVM S/A
WEGE3;2.900;0,03%;109.001.364;Balcão;23/07/2026;09:30:05;Novo (0);Regular (1);85;BTG PACTUAL CTVM S/A;85;BTG PACTUAL CTVM S/A
WEGE3;2.800;0,03%;109.001.363;Balcão;23/07/2026;09:30:05;Novo (0);Regular (1);85;BTG PACTUAL CTVM S/A;85;BTG PACTUAL CTVM S/A
WEGE3;3.400;0,03%;109.001.370;Balcão;23/07/2026;09:30:01;Novo (0);Regular (1);85;BTG PACTUAL CTVM S/A;85;BTG PACTUAL CTVM S/A
WEGE3;2.300;0,03%;109.001.365;Balcão;23/07/2026;09:30:01;Novo (0);Regular (1);85;BTG PACTUAL CTVM S/A;85;BTG PACTUAL CTVM S/A
WEGE3;3.000;0,03%;109.001.368;Balcão;23/07/2026;09:30:01;Novo (0);Regular (1);85;BTG PACTUAL CTVM S/A;85;BTG PACTUAL CTVM S/A
WEGE3;2.763;0,03%;109.001.369;Balcão;23/07/2026;09:30:01;Novo (0);Regular (1);85;BTG PACTUAL CTVM S/A;85;BTG PACTUAL CTVM S/A
WEGE3;3.191;0,03%;109.001.366;Balcão;23/07/2026;09:30:01;Novo (0);Regular (1);85;BTG PACTUAL CTVM S/A;85;BTG PACTUAL CTVM S/A
WEGE3;3.000;0,03%;109.001.367;Balcão;23/07/2026;09:30:01;Novo (0);Regular (1);85;BTG PACTUAL CTVM S/A;85;BTG PACTUAL CTVM S/A
WEGE3;14.000;0,03%;109.001.359;Balcão;23/07/2026;09:29:41;Novo (0);Regular (1);85;BTG PACTUAL CTVM S/A;85;BTG PACTUAL CTVM S/A
WEGE3;9.900;0,03%;109.001.355;Balcão;23/07/2026;09:29:37;Novo (0);Regular (1);85;BTG PACTUAL CTVM S/A;85;BTG PACTUAL CTVM S/A
WEGE3;130.442;0,03%;109.001.361;Balcão;23/07/2026;09:29:37;Novo (0);Regular (1);85;BTG PACTUAL CTVM S/A;85;BTG PACTUAL CTVM S/A
WEGE3;12.406;0,03%;109.001.357;Balcão;23/07/2026;09:29:37;Novo (0);Regular (1);85;BTG PACTUAL CTVM S/A;85;BTG PACTUAL CTVM S/A
WEGE3;9.949;0,03%;109.001.358;Balcão;23/07/2026;09:29:36;Novo (0);Regular (1);85;BTG PACTUAL CTVM S/A;85;BTG PACTUAL CTVM S/A
WEGE3;10.000;0,03%;109.001.360;Balcão;23/07/2026;09:29:36;Novo (0);Regular (1);85;BTG PACTUAL CTVM S/A;85;BTG PACTUAL CTVM S/A
WEGE3;36.946;0,03%;109.001.362;Balcão;23/07/2026;09:29:36;Novo (0);Regular (1);85;BTG PACTUAL CTVM S/A;85;BTG PACTUAL CTVM S/A
WEGE3;9.561;0,03%;109.001.356;Balcão;23/07/2026;09:29:36;Novo (0);Regular (1);85;BTG PACTUAL CTVM S/A;85;BTG PACTUAL CTVM S/A
WEGE3;11.624;0,03%;109.001.354;Balcão;23/07/2026;09:29:36;Novo (0);Regular (1);85;BTG PACTUAL CTVM S/A;85;BTG PACTUAL CTVM S/A
VIVT3;139;0,10%;109.000.909;Balcão;23/07/2026;09:27:44;Novo (0);Regular (1);85;BTG PACTUAL CTVM S/A;85;BTG PACTUAL CTVM S/A
VIVT3;6;0,10%;109.000.905;Balcão;23/07/2026;09:27:44;Novo (0);Regular (1);85;BTG PACTUAL CTVM S/A;85;BTG PACTUAL CTVM S/A
VBBR3;48;0,07%;109.000.906;Balcão;23/07/2026;09:27:44;Novo (0);Regular (1);85;BTG PACTUAL CTVM S/A;85;BTG PACTUAL CTVM S/A
VBBR3;451;0,07%;109.000.904;Balcão;23/07/2026;09:27:44;Novo (0);Regular (1);85;BTG PACTUAL CTVM S/A;85;BTG PACTUAL CTVM S/A
TIMS3;148;0,06%;109.000.911;Balcão;23/07/2026;09:27:44;Novo (0);Regular (1);85;BTG PACTUAL CTVM S/A;85;BTG PACTUAL CTVM S/A
VBBR3;210;0,07%;109.000.910;Balcão;23/07/2026;09:27:44;Novo (0);Regular (1);85;BTG PACTUAL CTVM S/A;85;BTG PACTUAL CTVM S/A
VBBR3;467;0,07%;109.000.908;Balcão;23/07/2026;09:27:44;Novo (0);Regular (1);85;BTG PACTUAL CTVM S/A;85;BTG PACTUAL CTVM S/A
TIMS3;5.769;0,06%;109.000.907;Balcão;23/07/2026;09:27:43;Novo (0);Regular (1);85;BTG PACTUAL CTVM S/A;85;BTG PACTUAL CTVM S/A
VALE3;300;0,20%;109.001.347;Balcão;23/07/2026;09:27:26;Novo (0);Regular (1);147;ATIVA INVESTIMENTOS S/A CTCV;147;ATIVA INVESTIMENTOS S/A CTCV
VALE3;115;0,20%;109.001.349;Balcão;23/07/2026;09:27:26;Novo (0);Regular (1);147;ATIVA INVESTIMENTOS S/A CTCV;147;ATIVA INVESTIMENTOS S/A CTCV
VALE3;500;0,20%;109.001.351;Balcão;23/07/2026;09:27:26;Novo (0);Regular (1);147;ATIVA INVESTIMENTOS S/A CTCV;147;ATIVA INVESTIMENTOS S/A CTCV
VALE3;335;0,20%;109.001.348;Balcão;23/07/2026;09:27:26;Novo (0);Regular (1);147;ATIVA INVESTIMENTOS S/A CTCV;147;ATIVA INVESTIMENTOS S/A CTCV
VALE3;250;0,20%;109.001.350;Balcão;23/07/2026;09:27:26;Novo (0);Regular (1);147;ATIVA INVESTIMENTOS S/A CTCV;147;ATIVA INVESTIMENTOS S/A CTCV
SBSP3;459;0,07%;109.001.345;Balcão;23/07/2026;09:27:09;Novo (0);Regular (1);147;ATIVA INVESTIMENTOS S/A CTCV;147;ATIVA INVESTIMENTOS S/A CTCV
SBSP3;311;0,07%;109.001.346;Balcão;23/07/2026;09:27:08;Novo (0);Regular (1);147;ATIVA INVESTIMENTOS S/A CTCV;147;ATIVA INVESTIMENTOS S/A CTCV
RDOR3;91;0,08%;109.001.343;Balcão;23/07/2026;09:26:59;Novo (0);Regular (1);147;ATIVA INVESTIMENTOS S/A CTCV;147;ATIVA INVESTIMENTOS S/A CTCV
RDOR3;109;0,08%;109.001.344;Balcão;23/07/2026;09:26:59;Novo (0);Regular (1);147;ATIVA INVESTIMENTOS S/A CTCV;147;ATIVA INVESTIMENTOS S/A CTCV
CSMG3;13.047;0,57%;109.000.720;Balcão;23/07/2026;09:24:15;Novo (0);Regular (1);85;BTG PACTUAL CTVM S/A;85;BTG PACTUAL CTVM S/A
CSMG3;27.040;0,57%;109.000.718;Balcão;23/07/2026;09:24:14;Novo (0);Regular (1);85;BTG PACTUAL CTVM S/A;85;BTG PACTUAL CTVM S/A
CSMG3;68.766;0,57%;109.000.719;Balcão;23/07/2026;09:24:13;Novo (0);Regular (1);85;BTG PACTUAL CTVM S/A;85;BTG PACTUAL CTVM S/A
CSMG3;7.730;0,57%;109.000.716;Balcão;23/07/2026;09:24:13;Novo (0);Regular (1);85;BTG PACTUAL CTVM S/A;85;BTG PACTUAL CTVM S/A
CSMG3;3.417;0,57%;109.000.715;Balcão;23/07/2026;09:24:13;Novo (0);Regular (1);85;BTG PACTUAL CTVM S/A;85;BTG PACTUAL CTVM S/A
BEEF3;58.720;1,88%;109.001.271;Eletrônico D0;23/07/2026;09:23:25;Novo (0);Regular (1);85;BTG PACTUAL CTVM S/A;85;BTG PACTUAL CTVM S/A
MBRF3;130.087;6,33%;109.001.340;Eletrônico D0;23/07/2026;09:22:49;Novo (0);Regular (1);85;BTG PACTUAL CTVM S/A;85;BTG PACTUAL CTVM S/A
SMFT3;224.942;0,07%;109.001.332;Eletrônico D0;23/07/2026;09:22:45;Novo (0);Regular (1);85;BTG PACTUAL CTVM S/A;85;BTG PACTUAL CTVM S/A
MBRF3;152.006;6,33%;109.001.337;Eletrônico D0;23/07/2026;09:22:45;Novo (0);Regular (1);85;BTG PACTUAL CTVM S/A;85;BTG PACTUAL CTVM S/A
MBRF3;668;6,33%;109.001.338;Eletrônico D0;23/07/2026;09:22:45;Novo (0);Regular (1);85;BTG PACTUAL CTVM S/A;85;BTG PACTUAL CTVM S/A
MBRF3;22.201;6,33%;109.001.339;Eletrônico D0;23/07/2026;09:22:45;Novo (0);Regular (1);85;BTG PACTUAL CTVM S/A;85;BTG PACTUAL CTVM S/A
NVDC34;6.851;0,10%;109.001.330;Eletrônico D0;23/07/2026;09:22:45;Novo (0);Regular (1);85;BTG PACTUAL CTVM S/A;85;BTG PACTUAL CTVM S/A
PNVL3;1.272;0,04%;109.000.714;Balcão;23/07/2026;09:22:12;Novo (0);Regular (1);85;BTG PACTUAL CTVM S/A;85;BTG PACTUAL CTVM S/A
ULEV34;32;5,00%;109.000.713;Balcão;23/07/2026;09:22:12;Novo (0);Regular (1);85;BTG PACTUAL CTVM S/A;85;BTG PACTUAL CTVM S/A
GGBR3;98;0,15%;109.000.712;Balcão;23/07/2026;09:22:12;Novo (0);Regular (1);85;BTG PACTUAL CTVM S/A;85;BTG PACTUAL CTVM S/A
BEEF3;38.607;1,88%;109.000.711;Balcão;23/07/2026;09:22:12;Novo (0);Regular (1);85;BTG PACTUAL CTVM S/A;85;BTG PACTUAL CTVM S/A
SMAL11;100;9,92%;109.001.341;Balcão;23/07/2026;09:21:22;Novo (0);Regular (1);85;BTG PACTUAL CTVM S/A;23;NECTON INVESTIMENTOS - BTG PACTUAL CTVM S.A
B3SA3;9.300;0,02%;109.001.336;Balcão;23/07/2026;09:20:41;Novo (0);Regular (1);85;BTG PACTUAL CTVM S/A;85;BTG PACTUAL CTVM S/A
CSAN3;81.000;3,11%;109.001.335;Balcão;23/07/2026;09:20:21;Novo (0);Regular (1);85;BTG PACTUAL CTVM S/A;23;NECTON INVESTIMENTOS - BTG PACTUAL CTVM S.A
SBSP3;280.119;0,07%;109.001.331;Eletrônico D0;23/07/2026;09:20:03;Novo (0);Regular (1);85;BTG PACTUAL CTVM S/A;85;BTG PACTUAL CTVM S/A
PETR3;10.700;0,02%;109.001.334;Balcão;23/07/2026;09:19:53;Novo (0);Regular (1);85;BTG PACTUAL CTVM S/A;85;BTG PACTUAL CTVM S/A
ENGI4;100;0,15%;109.001.333;Balcão;23/07/2026;09:19:50;Novo (0);Regular (1);85;BTG PACTUAL CTVM S/A;85;BTG PACTUAL CTVM S/A
BEEF3;9.548;1,88%;109.001.272;Eletrônico D0;23/07/2026;09:19:03;Novo (0);Regular (1);85;BTG PACTUAL CTVM S/A;85;BTG PACTUAL CTVM S/A
CYRE3;3.790;0,08%;109.001.324;Eletrônico D0;23/07/2026;09:19:03;Novo (0);Regular (1);85;BTG PACTUAL CTVM S/A;85;BTG PACTUAL CTVM S/A
BEEF3;200;1,88%;109.001.292;Eletrônico D0;23/07/2026;09:19:03;Novo (0);Regular (1);85;BTG PACTUAL CTVM S/A;85;BTG PACTUAL CTVM S/A
BEEF3;200;1,88%;109.001.313;Eletrônico D0;23/07/2026;09:19:03;Novo (0);Regular (1);85;BTG PACTUAL CTVM S/A;85;BTG PACTUAL CTVM S/A
BEEF3;209;1,88%;109.001.268;Eletrônico D0;23/07/2026;09:19:03;Novo (0);Regular (1);85;BTG PACTUAL CTVM S/A;85;BTG PACTUAL CTVM S/A
BEEF3;200;1,88%;109.001.308;Eletrônico D0;23/07/2026;09:19:03;Novo (0);Regular (1);85;BTG PACTUAL CTVM S/A;85;BTG PACTUAL CTVM S/A
BEEF3;200;1,88%;109.001.297;Eletrônico D0;23/07/2026;09:19:02;Novo (0);Regular (1);85;BTG PACTUAL CTVM S/A;85;BTG PACTUAL CTVM S/A
BEEF3;68.994;1,88%;109.001.282;Eletrônico D0;23/07/2026;09:19:02;Novo (0);Regular (1);85;BTG PACTUAL CTVM S/A;85;BTG PACTUAL CTVM S/A
BEEF3;200;1,88%;109.001.309;Eletrônico D0;23/07/2026;09:19:02;Novo (0);Regular (1);85;BTG PACTUAL CTVM S/A;85;BTG PACTUAL CTVM S/A
BEEF3;200;1,88%;109.001.301;Eletrônico D0;23/07/2026;09:19:02;Novo (0);Regular (1);85;BTG PACTUAL CTVM S/A;85;BTG PACTUAL CTVM S/A
BEEF3;208;1,88%;109.001.291;Eletrônico D0;23/07/2026;09:19:02;Novo (0);Regular (1);85;BTG PACTUAL CTVM S/A;85;BTG PACTUAL CTVM S/A
BEEF3;200;1,88%;109.001.296;Eletrônico D0;23/07/2026;09:19:02;Novo (0);Regular (1);85;BTG PACTUAL CTVM S/A;85;BTG PACTUAL CTVM S/A
BEEF3;200;1,88%;109.001.289;Eletrônico D0;23/07/2026;09:19:02;Novo (0);Regular (1);85;BTG PACTUAL CTVM S/A;85;BTG PACTUAL CTVM S/A
BEEF3;202;1,88%;109.001.295;Eletrônico D0;23/07/2026;09:19:02;Novo (0);Regular (1);85;BTG PACTUAL CTVM S/A;85;BTG PACTUAL CTVM S/A
BEEF3;200;1,88%;109.001.304;Eletrônico D0;23/07/2026;09:19:02;Novo (0);Regular (1);85;BTG PACTUAL CTVM S/A;85;BTG PACTUAL CTVM S/A
BEEF3;200;1,88%;109.001.288;Eletrônico D0;23/07/2026;09:19:02;Novo (0);Regular (1);85;BTG PACTUAL CTVM S/A;85;BTG PACTUAL CTVM S/A
BEEF3;204;1,88%;109.001.311;Eletrônico D0;23/07/2026;09:19:02;Novo (0);Regular (1);85;BTG PACTUAL CTVM S/A;85;BTG PACTUAL CTVM S/A
BEEF3;278;1,88%;109.001.277;Eletrônico D0;23/07/2026;09:19:02;Novo (0);Regular (1);85;BTG PACTUAL CTVM S/A;85;BTG PACTUAL CTVM S/A
BEEF3;214;1,88%;109.001.286;Eletrônico D0;23/07/2026;09:19:02;Novo (0);Regular (1);85;BTG PACTUAL CTVM S/A;85;BTG PACTUAL CTVM S/A
BEEF3;200;1,88%;109.001.307;Eletrônico D0;23/07/2026;09:19:02;Novo (0);Regular (1);85;BTG PACTUAL CTVM S/A;85;BTG PACTUAL CTVM S/A
BEEF3;203;1,88%;109.001.280;Eletrônico D0;23/07/2026;09:19:02;Novo (0);Regular (1);85;BTG PACTUAL CTVM S/A;85;BTG PACTUAL CTVM S/A
BEEF3;206;1,88%;109.001.302;Eletrônico D0;23/07/2026;09:19:01;Novo (0);Regular (1);85;BTG PACTUAL CTVM S/A;85;BTG PACTUAL CTVM S/A
BEEF3;200;1,88%;109.001.314;Eletrônico D0;23/07/2026;09:19:01;Novo (0);Regular (1);85;BTG PACTUAL CTVM S/A;85;BTG PACTUAL CTVM S/A
BEEF3;200;1,88%;109.001.306;Eletrônico D0;23/07/2026;09:19:01;Novo (0);Regular (1);85;BTG PACTUAL CTVM S/A;85;BTG PACTUAL CTVM S/A
BEEF3;209;1,88%;109.001.264;Eletrônico D0;23/07/2026;09:19:01;Novo (0);Regular (1);85;BTG PACTUAL CTVM S/A;85;BTG PACTUAL CTVM S/A
BEEF3;229;1,88%;109.001.281;Eletrônico D0;23/07/2026;09:19:01;Novo (0);Regular (1);85;BTG PACTUAL CTVM S/A;85;BTG PACTUAL CTVM S/A
BEEF3;200;1,88%;109.001.310;Eletrônico D0;23/07/2026;09:19:01;Novo (0);Regular (1);85;BTG PACTUAL CTVM S/A;85;BTG PACTUAL CTVM S/A
CYRE3;3.555;0,08%;109.001.328;Eletrônico D0;23/07/2026;09:19:00;Novo (0);Regular (1);85;BTG PACTUAL CTVM S/A;85;BTG PACTUAL CTVM S/A
BEEF3;206;1,88%;109.001.293;Eletrônico D0;23/07/2026;09:19:00;Novo (0);Regular (1);85;BTG PACTUAL CTVM S/A;85;BTG PACTUAL CTVM S/A
BEEF3;200;1,88%;109.001.290;Eletrônico D0;23/07/2026;09:19:00;Novo (0);Regular (1);85;BTG PACTUAL CTVM S/A;85;BTG PACTUAL CTVM S/A
BEEF3;223;1,88%;109.001.279;Eletrônico D0;23/07/2026;09:19:00;Novo (0);Regular (1);85;BTG PACTUAL CTVM S/A;85;BTG PACTUAL CTVM S/A
CYRE3;3.500;0,08%;109.001.316;Eletrônico D0;23/07/2026;09:19:00;Novo (0);Regular (1);85;BTG PACTUAL CTVM S/A;85;BTG PACTUAL CTVM S/A
BEEF3;207;1,88%;109.001.287;Eletrônico D0;23/07/2026;09:19:00;Novo (0);Regular (1);85;BTG PACTUAL CTVM S/A;85;BTG PACTUAL CTVM S/A
BEEF3;200;1,88%;109.001.303;Eletrônico D0;23/07/2026;09:19:00;Novo (0);Regular (1);85;BTG PACTUAL CTVM S/A;85;BTG PACTUAL CTVM S/A
BEEF3;400;1,88%;109.001.275;Eletrônico D0;23/07/2026;09:19:00;Novo (0);Regular (1);85;BTG PACTUAL CTVM S/A;85;BTG PACTUAL CTVM S/A
BEEF3;201;1,88%;109.001.300;Eletrônico D0;23/07/2026;09:19:00;Novo (0);Regular (1);85;BTG PACTUAL CTVM S/A;85;BTG PACTUAL CTVM S/A
BEEF3;200;1,88%;109.001.298;Eletrônico D0;23/07/2026;09:19:00;Novo (0);Regular (1);85;BTG PACTUAL CTVM S/A;85;BTG PACTUAL CTVM S/A
BEEF3;408;1,88%;109.001.269;Eletrônico D0;23/07/2026;09:18:59;Novo (0);Regular (1);85;BTG PACTUAL CTVM S/A;85;BTG PACTUAL CTVM S/A
BEEF3;200;1,88%;109.001.299;Eletrônico D0;23/07/2026;09:18:59;Novo (0);Regular (1);85;BTG PACTUAL CTVM S/A;85;BTG PACTUAL CTVM S/A
CYRE3;3.600;0,08%;109.001.325;Eletrônico D0;23/07/2026;09:18:59;Novo (0);Regular (1);85;BTG PACTUAL CTVM S/A;85;BTG PACTUAL CTVM S/A
BEEF3;500;1,88%;109.001.284;Eletrônico D0;23/07/2026;09:18:59;Novo (0);Regular (1);85;BTG PACTUAL CTVM S/A;85;BTG PACTUAL CTVM S/A
BEEF3;200;1,88%;109.001.312;Eletrônico D0;23/07/2026;09:18:59;Novo (0);Regular (1);85;BTG PACTUAL CTVM S/A;85;BTG PACTUAL CTVM S/A
BEEF3;200;1,88%;109.001.305;Eletrônico D0;23/07/2026;09:18:59;Novo (0);Regular (1);85;BTG PACTUAL CTVM S/A;85;BTG PACTUAL CTVM S/A
BEEF3;207;1,88%;109.001.294;Eletrônico D0;23/07/2026;09:18:59;Novo (0);Regular (1);85;BTG PACTUAL CTVM S/A;85;BTG PACTUAL CTVM S/A
BEEF3;69.500;1,88%;109.001.276;Eletrônico D0;23/07/2026;09:18:59;Novo (0);Regular (1);85;BTG PACTUAL CTVM S/A;85;BTG PACTUAL CTVM S/A
CYRE3;2.543;0,08%;109.001.327;Eletrônico D0;23/07/2026;09:18:59;Novo (0);Regular (1);85;BTG PACTUAL CTVM S/A;85;BTG PACTUAL CTVM S/A
BEEF3;1.000;1,88%;109.001.283;Eletrônico D0;23/07/2026;09:18:59;Novo (0);Regular (1);85;BTG PACTUAL CTVM S/A;85;BTG PACTUAL CTVM S/A
BEEF3;1.961;1,88%;109.001.266;Eletrônico D0;23/07/2026;09:18:59;Novo (0);Regular (1);85;BTG PACTUAL CTVM S/A;85;BTG PACTUAL CTVM S/A
CYRE3;3.600;0,08%;109.001.318;Eletrônico D0;23/07/2026;09:18:59;Novo (0);Regular (1);85;BTG PACTUAL CTVM S/A;85;BTG PACTUAL CTVM S/A
CYRE3;3.500;0,08%;109.001.319;Eletrônico D0;23/07/2026;09:18:59;Novo (0);Regular (1);85;BTG PACTUAL CTVM S/A;85;BTG PACTUAL CTVM S/A
CYRE3;3.670;0,08%;109.001.321;Eletrônico D0;23/07/2026;09:18:59;Novo (0);Regular (1);85;BTG PACTUAL CTVM S/A;85;BTG PACTUAL CTVM S/A
BEEF3;4.772;1,88%;109.001.270;Eletrônico D0;23/07/2026;09:18:59;Novo (0);Regular (1);85;BTG PACTUAL CTVM S/A;85;BTG PACTUAL CTVM S/A
CYRE3;4.150;0,08%;109.001.326;Eletrônico D0;23/07/2026;09:18:59;Novo (0);Regular (1);85;BTG PACTUAL CTVM S/A;85;BTG PACTUAL CTVM S/A
BEEF3;700;1,88%;109.001.274;Eletrônico D0;23/07/2026;09:18:58;Novo (0);Regular (1);85;BTG PACTUAL CTVM S/A;85;BTG PACTUAL CTVM S/A
BEEF3;35.034;1,88%;109.001.278;Eletrônico D0;23/07/2026;09:18:58;Novo (0);Regular (1);85;BTG PACTUAL CTVM S/A;85;BTG PACTUAL CTVM S/A
CYRE3;4.200;0,08%;109.001.317;Eletrônico D0;23/07/2026;09:18:58;Novo (0);Regular (1);85;BTG PACTUAL CTVM S/A;85;BTG PACTUAL CTVM S/A
BEEF3;600;1,88%;109.001.273;Eletrônico D0;23/07/2026;09:18:58;Novo (0);Regular (1);85;BTG PACTUAL CTVM S/A;85;BTG PACTUAL CTVM S/A
BEEF3;189.896;1,88%;109.001.315;Eletrônico D0;23/07/2026;09:18:58;Novo (0);Regular (1);85;BTG PACTUAL CTVM S/A;85;BTG PACTUAL CTVM S/A
CYRE3;3.800;0,08%;109.001.323;Eletrônico D0;23/07/2026;09:18:58;Novo (0);Regular (1);85;BTG PACTUAL CTVM S/A;85;BTG PACTUAL CTVM S/A
CYRE3;4.000;0,08%;109.001.329;Eletrônico D0;23/07/2026;09:18:58;Novo (0);Regular (1);85;BTG PACTUAL CTVM S/A;85;BTG PACTUAL CTVM S/A
BEEF3;1.900;1,88%;109.001.265;Eletrônico D0;23/07/2026;09:18:57;Novo (0);Regular (1);85;BTG PACTUAL CTVM S/A;85;BTG PACTUAL CTVM S/A
CYRE3;3.800;0,08%;109.001.322;Eletrônico D0;23/07/2026;09:18:57;Novo (0);Regular (1);85;BTG PACTUAL CTVM S/A;85;BTG PACTUAL CTVM S/A
BEEF3;3.000;1,88%;109.001.285;Eletrônico D0;23/07/2026;09:18:57;Novo (0);Regular (1);85;BTG PACTUAL CTVM S/A;85;BTG PACTUAL CTVM S/A
CYRE3;124.442;0,08%;109.001.320;Eletrônico D0;23/07/2026;09:18:57;Novo (0);Regular (1);85;BTG PACTUAL CTVM S/A;85;BTG PACTUAL CTVM S/A
BEEF3;636;1,88%;109.001.267;Eletrônico D0;23/07/2026;09:18:57;Novo (0);Regular (1);85;BTG PACTUAL CTVM S/A;85;BTG PACTUAL CTVM S/A
BHIA3;2.709;70,00%;109.001.233;Balcão;23/07/2026;09:16:21;Novo (0);Regular (1);85;BTG PACTUAL CTVM S/A;85;BTG PACTUAL CTVM S/A
BHIA3;3.053;70,00%;109.001.223;Balcão;23/07/2026;09:16:21;Novo (0);Regular (1);85;BTG PACTUAL CTVM S/A;85;BTG PACTUAL CTVM S/A
BHIA3;25.186;70,00%;109.001.170;Balcão;23/07/2026;09:16:21;Novo (0);Regular (1);85;BTG PACTUAL CTVM S/A;85;BTG PACTUAL CTVM S/A
BHIA3;8.350;70,00%;109.001.205;Balcão;23/07/2026;09:16:21;Novo (0);Regular (1);85;BTG PACTUAL CTVM S/A;85;BTG PACTUAL CTVM S/A
BHIA3;3.908;70,00%;109.001.184;Balcão;23/07/2026;09:16:21;Novo (0);Regular (1);85;BTG PACTUAL CTVM S/A;85;BTG PACTUAL CTVM S/A
BHIA3;4.699;70,00%;109.001.147;Balcão;23/07/2026;09:16:21;Novo (0);Regular (1);85;BTG PACTUAL CTVM S/A;85;BTG PACTUAL CTVM S/A
BHIA3;32.049;70,00%;109.001.154;Balcão;23/07/2026;09:16:21;Novo (0);Regular (1);85;BTG PACTUAL CTVM S/A;85;BTG PACTUAL CTVM S/A
BHIA3;4.469;70,00%;109.001.178;Balcão;23/07/2026;09:16:21;Novo (0);Regular (1);85;BTG PACTUAL CTVM S/A;85;BTG PACTUAL CTVM S/A
BHIA3;2.671;70,00%;109.001.225;Balcão;23/07/2026;09:16:21;Novo (0);Regular (1);85;BTG PACTUAL CTVM S/A;85;BTG PACTUAL CTVM S/A
BHIA3;23.213;70,00%;109.001.167;Balcão;23/07/2026;09:16:21;Novo (0);Regular (1);85;BTG PACTUAL CTVM S/A;85;BTG PACTUAL CTVM S/A
BHIA3;4.830;70,00%;109.001.158;Balcão;23/07/2026;09:16:21;Novo (0);Regular (1);85;BTG PACTUAL CTVM S/A;85;BTG PACTUAL CTVM S/A
BHIA3;11.942;70,00%;109.001.155;Balcão;23/07/2026;09:16:21;Novo (0);Regular (1);85;BTG PACTUAL CTVM S/A;85;BTG PACTUAL CTVM S/A
BHIA3;7.210;70,00%;109.001.169;Balcão;23/07/2026;09:16:20;Novo (0);Regular (1);85;BTG PACTUAL CTVM S/A;85;BTG PACTUAL CTVM S/A
BHIA3;23.382;70,00%;109.001.171;Balcão;23/07/2026;09:16:20;Novo (0);Regular (1);85;BTG PACTUAL CTVM S/A;85;BTG PACTUAL CTVM S/A
BHIA3;5.844;70,00%;109.001.218;Balcão;23/07/2026;09:16:20;Novo (0);Regular (1);85;BTG PACTUAL CTVM S/A;85;BTG PACTUAL CTVM S/A
BHIA3;11.731;70,00%;109.001.157;Balcão;23/07/2026;09:16:20;Novo (0);Regular (1);85;BTG PACTUAL CTVM S/A;85;BTG PACTUAL CTVM S/A
BHIA3;3.748;70,00%;109.001.200;Balcão;23/07/2026;09:16:20;Novo (0);Regular (1);85;BTG PACTUAL CTVM S/A;85;BTG PACTUAL CTVM S/A
BHIA3;3.604;70,00%;109.001.210;Balcão;23/07/2026;09:16:20;Novo (0);Regular (1);85;BTG PACTUAL CTVM S/A;85;BTG PACTUAL CTVM S/A
BHIA3;7.515;70,00%;109.001.156;Balcão;23/07/2026;09:16:20;Novo (0);Regular (1);85;BTG PACTUAL CTVM S/A;85;BTG PACTUAL CTVM S/A
BHIA3;7.949;70,00%;109.001.194;Balcão;23/07/2026;09:16:20;Novo (0);Regular (1);85;BTG PACTUAL CTVM S/A;85;BTG PACTUAL CTVM S/A
BHIA3;2.811;70,00%;109.001.230;Balcão;23/07/2026;09:16:20;Novo (0);Regular (1);85;BTG PACTUAL CTVM S/A;85;BTG PACTUAL CTVM S/A
BHIA3;2.883;70,00%;109.001.212;Balcão;23/07/2026;09:16:20;Novo (0);Regular (1);85;BTG PACTUAL CTVM S/A;85;BTG PACTUAL CTVM S/A
BHIA3;6.346;70,00%;109.001.176;Balcão;23/07/2026;09:16:19;Novo (0);Regular (1);85;BTG PACTUAL CTVM S/A;85;BTG PACTUAL CTVM S/A
BHIA3;339.996;39,00%;109.001.239;Balcão;23/07/2026;09:16:19;Novo (0);Regular (1);85;BTG PACTUAL CTVM S/A;85;BTG PACTUAL CTVM S/A
BHIA3;91.070;39,00%;109.001.238;Balcão;23/07/2026;09:16:19;Novo (0);Regular (1);85;BTG PACTUAL CTVM S/A;85;BTG PACTUAL CTVM S/A
BHIA3;50.000;70,00%;109.001.166;Balcão;23/07/2026;09:16:19;Novo (0);Regular (1);85;BTG PACTUAL CTVM S/A;85;BTG PACTUAL CTVM S/A
BHIA3;6.012;70,00%;109.001.195;Balcão;23/07/2026;09:16:19;Novo (0);Regular (1);85;BTG PACTUAL CTVM S/A;85;BTG PACTUAL CTVM S/A
BHIA3;6.341;70,00%;109.001.211;Balcão;23/07/2026;09:16:19;Novo (0);Regular (1);85;BTG PACTUAL CTVM S/A;85;BTG PACTUAL CTVM S/A
BHIA3;3.610;70,00%;109.001.201;Balcão;23/07/2026;09:16:18;Novo (0);Regular (1);85;BTG PACTUAL CTVM S/A;85;BTG PACTUAL CTVM S/A
BHIA3;4.300;70,00%;109.001.179;Balcão;23/07/2026;09:16:18;Novo (0);Regular (1);85;BTG PACTUAL CTVM S/A;85;BTG PACTUAL CTVM S/A
BHIA3;6.344;70,00%;109.001.180;Balcão;23/07/2026;09:16:18;Novo (0);Regular (1);85;BTG PACTUAL CTVM S/A;85;BTG PACTUAL CTVM S/A
BHIA3;3.099;70,00%;109.001.229;Balcão;23/07/2026;09:16:18;Novo (0);Regular (1);85;BTG PACTUAL CTVM S/A;85;BTG PACTUAL CTVM S/A
BHIA3;7.210;70,00%;109.001.151;Balcão;23/07/2026;09:16:18;Novo (0);Regular (1);85;BTG PACTUAL CTVM S/A;85;BTG PACTUAL CTVM S/A
BHIA3;3.171;70,00%;109.001.206;Balcão;23/07/2026;09:16:18;Novo (0);Regular (1);85;BTG PACTUAL CTVM S/A;85;BTG PACTUAL CTVM S/A
BHIA3;3.387;70,00%;109.001.208;Balcão;23/07/2026;09:16:18;Novo (0);Regular (1);85;BTG PACTUAL CTVM S/A;85;BTG PACTUAL CTVM S/A
BHIA3;5.635;70,00%;109.001.234;Balcão;23/07/2026;09:16:18;Novo (0);Regular (1);85;BTG PACTUAL CTVM S/A;85;BTG PACTUAL CTVM S/A
BHIA3;11.356;70,00%;109.001.163;Balcão;23/07/2026;09:16:18;Novo (0);Regular (1);85;BTG PACTUAL CTVM S/A;85;BTG PACTUAL CTVM S/A
BHIA3;2.734;70,00%;109.001.226;Balcão;23/07/2026;09:16:18;Novo (0);Regular (1);85;BTG PACTUAL CTVM S/A;85;BTG PACTUAL CTVM S/A
BHIA3;2.562;70,00%;109.001.227;Balcão;23/07/2026;09:16:18;Novo (0);Regular (1);85;BTG PACTUAL CTVM S/A;85;BTG PACTUAL CTVM S/A
BHIA3;21.633;70,00%;109.001.175;Balcão;23/07/2026;09:16:18;Novo (0);Regular (1);85;BTG PACTUAL CTVM S/A;85;BTG PACTUAL CTVM S/A
BHIA3;3.532;70,00%;109.001.207;Balcão;23/07/2026;09:16:18;Novo (0);Regular (1);85;BTG PACTUAL CTVM S/A;85;BTG PACTUAL CTVM S/A
BHIA3;2.882;70,00%;109.001.221;Balcão;23/07/2026;09:16:18;Novo (0);Regular (1);85;BTG PACTUAL CTVM S/A;85;BTG PACTUAL CTVM S/A
BHIA3;3.892;70,00%;109.001.196;Balcão;23/07/2026;09:16:17;Novo (0);Regular (1);85;BTG PACTUAL CTVM S/A;85;BTG PACTUAL CTVM S/A
BHIA3;1.496;70,00%;109.001.219;Balcão;23/07/2026;09:16:17;Novo (0);Regular (1);85;BTG PACTUAL CTVM S/A;85;BTG PACTUAL CTVM S/A
BHIA3;2.757;70,00%;109.001.222;Balcão;23/07/2026;09:16:17;Novo (0);Regular (1);85;BTG PACTUAL CTVM S/A;85;BTG PACTUAL CTVM S/A
BHIA3;12.759;70,00%;109.001.215;Balcão;23/07/2026;09:16:17;Novo (0);Regular (1);85;BTG PACTUAL CTVM S/A;85;BTG PACTUAL CTVM S/A
BHIA3;14.421;70,00%;109.001.189;Balcão;23/07/2026;09:16:17;Novo (0);Regular (1);85;BTG PACTUAL CTVM S/A;85;BTG PACTUAL CTVM S/A
BHIA3;11.775;70,00%;109.001.159;Balcão;23/07/2026;09:16:17;Novo (0);Regular (1);85;BTG PACTUAL CTVM S/A;85;BTG PACTUAL CTVM S/A
BHIA3;3.315;70,00%;109.001.224;Balcão;23/07/2026;09:16:17;Novo (0);Regular (1);85;BTG PACTUAL CTVM S/A;85;BTG PACTUAL CTVM S/A
BHIA3;6.679;70,00%;109.001.153;Balcão;23/07/2026;09:16:17;Novo (0);Regular (1);85;BTG PACTUAL CTVM S/A;85;BTG PACTUAL CTVM S/A
BHIA3;20.042;70,00%;109.001.182;Balcão;23/07/2026;09:16:17;Novo (0);Regular (1);85;BTG PACTUAL CTVM S/A;85;BTG PACTUAL CTVM S/A
BHIA3;7.570;70,00%;109.001.202;Balcão;23/07/2026;09:16:17;Novo (0);Regular (1);85;BTG PACTUAL CTVM S/A;85;BTG PACTUAL CTVM S/A
BHIA3;29.292;70,00%;109.001.165;Balcão;23/07/2026;09:16:17;Novo (0);Regular (1);85;BTG PACTUAL CTVM S/A;85;BTG PACTUAL CTVM S/A
BHIA3;20.127;70,00%;109.001.181;Balcão;23/07/2026;09:16:17;Novo (0);Regular (1);85;BTG PACTUAL CTVM S/A;85;BTG PACTUAL CTVM S/A
BHIA3;2.414;70,00%;109.001.216;Balcão;23/07/2026;09:16:17;Novo (0);Regular (1);85;BTG PACTUAL CTVM S/A;85;BTG PACTUAL CTVM S/A
BHIA3;6.849;70,00%;109.001.148;Balcão;23/07/2026;09:16:17;Novo (0);Regular (1);85;BTG PACTUAL CTVM S/A;85;BTG PACTUAL CTVM S/A
BHIA3;2.660;70,00%;109.001.232;Balcão;23/07/2026;09:16:17;Novo (0);Regular (1);85;BTG PACTUAL CTVM S/A;85;BTG PACTUAL CTVM S/A
BHIA3;6.503;70,00%;109.001.174;Balcão;23/07/2026;09:16:17;Novo (0);Regular (1);85;BTG PACTUAL CTVM S/A;85;BTG PACTUAL CTVM S/A
BHIA3;11.356;70,00%;109.001.162;Balcão;23/07/2026;09:16:17;Novo (0);Regular (1);85;BTG PACTUAL CTVM S/A;85;BTG PACTUAL CTVM S/A
BHIA3;3.603;70,00%;109.001.209;Balcão;23/07/2026;09:16:17;Novo (0);Regular (1);85;BTG PACTUAL CTVM S/A;85;BTG PACTUAL CTVM S/A
BHIA3;12.526;70,00%;109.001.168;Balcão;23/07/2026;09:16:17;Novo (0);Regular (1);85;BTG PACTUAL CTVM S/A;85;BTG PACTUAL CTVM S/A
BHIA3;10.383;70,00%;109.001.185;Balcão;23/07/2026;09:16:16;Novo (0);Regular (1);85;BTG PACTUAL CTVM S/A;85;BTG PACTUAL CTVM S/A
BHIA3;13.891;70,00%;109.001.192;Balcão;23/07/2026;09:16:16;Novo (0);Regular (1);85;BTG PACTUAL CTVM S/A;85;BTG PACTUAL CTVM S/A
BHIA3;2.450;70,00%;109.001.231;Balcão;23/07/2026;09:16:16;Novo (0);Regular (1);85;BTG PACTUAL CTVM S/A;85;BTG PACTUAL CTVM S/A
BHIA3;5.551;70,00%;109.001.191;Balcão;23/07/2026;09:16:16;Novo (0);Regular (1);85;BTG PACTUAL CTVM S/A;85;BTG PACTUAL CTVM S/A
BHIA3;6.317;70,00%;109.001.204;Balcão;23/07/2026;09:16:16;Novo (0);Regular (1);85;BTG PACTUAL CTVM S/A;85;BTG PACTUAL CTVM S/A
BHIA3;9.012;70,00%;109.001.183;Balcão;23/07/2026;09:16:16;Novo (0);Regular (1);85;BTG PACTUAL CTVM S/A;85;BTG PACTUAL CTVM S/A
BHIA3;11.356;70,00%;109.001.160;Balcão;23/07/2026;09:16:16;Novo (0);Regular (1);85;BTG PACTUAL CTVM S/A;85;BTG PACTUAL CTVM S/A
BHIA3;3.604;70,00%;109.001.193;Balcão;23/07/2026;09:16:16;Novo (0);Regular (1);85;BTG PACTUAL CTVM S/A;85;BTG PACTUAL CTVM S/A
BHIA3;33.404;70,00%;109.001.150;Balcão;23/07/2026;09:16:16;Novo (0);Regular (1);85;BTG PACTUAL CTVM S/A;85;BTG PACTUAL CTVM S/A
BHIA3;10.834;70,00%;109.001.177;Balcão;23/07/2026;09:16:15;Novo (0);Regular (1);85;BTG PACTUAL CTVM S/A;85;BTG PACTUAL CTVM S/A
BHIA3;2.315;70,00%;109.001.228;Balcão;23/07/2026;09:16:15;Novo (0);Regular (1);85;BTG PACTUAL CTVM S/A;85;BTG PACTUAL CTVM S/A
BHIA3;20.695;70,00%;109.001.186;Balcão;23/07/2026;09:16:15;Novo (0);Regular (1);85;BTG PACTUAL CTVM S/A;85;BTG PACTUAL CTVM S/A
BHIA3;4.896;70,00%;109.001.173;Balcão;23/07/2026;09:16:15;Novo (0);Regular (1);85;BTG PACTUAL CTVM S/A;85;BTG PACTUAL CTVM S/A
BHIA3;4.961;70,00%;109.001.152;Balcão;23/07/2026;09:16:15;Novo (0);Regular (1);85;BTG PACTUAL CTVM S/A;85;BTG PACTUAL CTVM S/A
BHIA3;13.628;70,00%;109.001.199;Balcão;23/07/2026;09:16:15;Novo (0);Regular (1);85;BTG PACTUAL CTVM S/A;85;BTG PACTUAL CTVM S/A
BHIA3;2.377;70,00%;109.001.214;Balcão;23/07/2026;09:16:15;Novo (0);Regular (1);85;BTG PACTUAL CTVM S/A;85;BTG PACTUAL CTVM S/A
BHIA3;8.430;70,00%;109.001.190;Balcão;23/07/2026;09:16:15;Novo (0);Regular (1);85;BTG PACTUAL CTVM S/A;85;BTG PACTUAL CTVM S/A
BHIA3;20.879;70,00%;109.001.161;Balcão;23/07/2026;09:16:15;Novo (0);Regular (1);85;BTG PACTUAL CTVM S/A;85;BTG PACTUAL CTVM S/A
BHIA3;3.939;70,00%;109.001.187;Balcão;23/07/2026;09:16:15;Novo (0);Regular (1);85;BTG PACTUAL CTVM S/A;85;BTG PACTUAL CTVM S/A
BHIA3;12.329;70,00%;109.001.172;Balcão;23/07/2026;09:16:15;Novo (0);Regular (1);85;BTG PACTUAL CTVM S/A;85;BTG PACTUAL CTVM S/A
BHIA3;14.295;70,00%;109.001.203;Balcão;23/07/2026;09:16:15;Novo (0);Regular (1);85;BTG PACTUAL CTVM S/A;85;BTG PACTUAL CTVM S/A
BHIA3;5.190;70,00%;109.001.217;Balcão;23/07/2026;09:16:15;Novo (0);Regular (1);85;BTG PACTUAL CTVM S/A;85;BTG PACTUAL CTVM S/A
BHIA3;10.118;70,00%;109.001.197;Balcão;23/07/2026;09:16:15;Novo (0);Regular (1);85;BTG PACTUAL CTVM S/A;85;BTG PACTUAL CTVM S/A
BHIA3;10.815;70,00%;109.001.188;Balcão;23/07/2026;09:16:14;Novo (0);Regular (1);85;BTG PACTUAL CTVM S/A;85;BTG PACTUAL CTVM S/A
BHIA3;5.846;70,00%;109.001.213;Balcão;23/07/2026;09:16:14;Novo (0);Regular (1);85;BTG PACTUAL CTVM S/A;85;BTG PACTUAL CTVM S/A
BHIA3;3.604;70,00%;109.001.198;Balcão;23/07/2026;09:16:14;Novo (0);Regular (1);85;BTG PACTUAL CTVM S/A;85;BTG PACTUAL CTVM S/A
BHIA3;2.883;70,00%;109.001.220;Balcão;23/07/2026;09:16:14;Novo (0);Regular (1);85;BTG PACTUAL CTVM S/A;85;BTG PACTUAL CTVM S/A
BHIA3;4.842;70,00%;109.001.164;Balcão;23/07/2026;09:16:14;Novo (0);Regular (1);85;BTG PACTUAL CTVM S/A;85;BTG PACTUAL CTVM S/A
BHIA3;7.210;70,00%;109.001.149;Balcão;23/07/2026;09:16:14;Novo (0);Regular (1);85;BTG PACTUAL CTVM S/A;85;BTG PACTUAL CTVM S/A
LWSA3;7.702;0,11%;109.001.143;Eletrônico D0;23/07/2026;09:15:05;Novo (0);Regular (1);85;BTG PACTUAL CTVM S/A;85;BTG PACTUAL CTVM S/A
BOVV11;100;0,70%;109.001.260;Balcão;23/07/2026;09:14:56;Novo (0);Regular (1);85;BTG PACTUAL CTVM S/A;85;BTG PACTUAL CTVM S/A
BOVV11;210;0,70%;109.001.261;Balcão;23/07/2026;09:14:56;Novo (0);Regular (1);85;BTG PACTUAL CTVM S/A;85;BTG PACTUAL CTVM S/A
BOVV11;1.510;0,70%;109.001.259;Balcão;23/07/2026;09:14:56;Novo (0);Regular (1);85;BTG PACTUAL CTVM S/A;85;BTG PACTUAL CTVM S/A
BOVV11;490;0,70%;109.001.263;Balcão;23/07/2026;09:14:56;Novo (0);Regular (1);85;BTG PACTUAL CTVM S/A;85;BTG PACTUAL CTVM S/A
BOVV11;558;0,70%;109.001.262;Balcão;23/07/2026;09:14:55;Novo (0);Regular (1);85;BTG PACTUAL CTVM S/A;85;BTG PACTUAL CTVM S/A
MBRF3;500;6,33%;109.001.255;Balcão;23/07/2026;09:14:53;Novo (0);Regular (1);85;BTG PACTUAL CTVM S/A;85;BTG PACTUAL CTVM S/A
MBRF3;1.000;6,33%;109.001.257;Balcão;23/07/2026;09:14:53;Novo (0);Regular (1);85;BTG PACTUAL CTVM S/A;85;BTG PACTUAL CTVM S/A
MBRF3;3.200;6,33%;109.001.258;Balcão;23/07/2026;09:14:53;Novo (0);Regular (1);85;BTG PACTUAL CTVM S/A;85;BTG PACTUAL CTVM S/A
MBRF3;300;6,33%;109.001.256;Balcão;23/07/2026;09:14:53;Novo (0);Regular (1);85;BTG PACTUAL CTVM S/A;85;BTG PACTUAL CTVM S/A
MBRF3;20;6,33%;109.001.252;Balcão;23/07/2026;09:14:50;Novo (0);Regular (1);85;BTG PACTUAL CTVM S/A;85;BTG PACTUAL CTVM S/A
MBRF3;100;6,33%;109.001.253;Balcão;23/07/2026;09:14:50;Novo (0);Regular (1);85;BTG PACTUAL CTVM S/A;85;BTG PACTUAL CTVM S/A
MBRF3;200;6,33%;109.001.254;Balcão;23/07/2026;09:14:50;Novo (0);Regular (1);85;BTG PACTUAL CTVM S/A;85;BTG PACTUAL CTVM S/A
MBRF3;14.035;6,33%;109.001.250;Balcão;23/07/2026;09:14:50;Novo (0);Regular (1);85;BTG PACTUAL CTVM S/A;85;BTG PACTUAL CTVM S/A
MBRF3;4.602;6,33%;109.001.251;Balcão;23/07/2026;09:14:50;Novo (0);Regular (1);85;BTG PACTUAL CTVM S/A;85;BTG PACTUAL CTVM S/A
ALOS3;1.826;0,06%;109.001.245;Eletrônico D0;23/07/2026;09:13:49;Novo (0);Regular (1);85;BTG PACTUAL CTVM S/A;85;BTG PACTUAL CTVM S/A
ALOS3;5.500;0,06%;109.001.244;Eletrônico D0;23/07/2026;09:13:49;Novo (0);Regular (1);85;BTG PACTUAL CTVM S/A;85;BTG PACTUAL CTVM S/A
ALOS3;5.500;0,06%;109.001.246;Eletrônico D0;23/07/2026;09:13:49;Novo (0);Regular (1);85;BTG PACTUAL CTVM S/A;85;BTG PACTUAL CTVM S/A
CMIN3;62;42,73%;109.001.247;Balcão;23/07/2026;09:12:30;Novo (0);Regular (1);120;GENIAL INSTITUCIONAL CCTVM S/A;120;GENIAL INSTITUCIONAL CCTVM S/A
CMIN3;100;42,73%;109.001.248;Balcão;23/07/2026;09:12:30;Novo (0);Regular (1);120;GENIAL INSTITUCIONAL CCTVM S/A;120;GENIAL INSTITUCIONAL CCTVM S/A
BBSE3;20.200;0,88%;109.001.243;Eletrônico D0;23/07/2026;09:09:57;Novo (0);Regular (1);8;UBS BRASIL CCTVM S/A;8;UBS BRASIL CCTVM S/A
BHIA3;330;39,00%;109.001.242;Eletrônico D0;23/07/2026;09:09:56;Novo (0);Regular (1);8;UBS BRASIL CCTVM S/A;8;UBS BRASIL CCTVM S/A
ONCO3;22.800;18,40%;109.001.241;Eletrônico D0;23/07/2026;09:09:56;Novo (0);Regular (1);8;UBS BRASIL CCTVM S/A;8;UBS BRASIL CCTVM S/A
BBSE3;61.028;0,88%;109.001.240;Eletrônico D0;23/07/2026;09:09:55;Novo (0);Regular (1);8;UBS BRASIL CCTVM S/A;8;UBS BRASIL CCTVM S/A
VVEO3;2.484;12,58%;109.001.131;Eletrônico D0;23/07/2026;09:08:47;Novo (0);Regular (1);85;BTG PACTUAL CTVM S/A;85;BTG PACTUAL CTVM S/A
VIUR11;14;10,30%;109.001.132;Eletrônico D0;23/07/2026;09:08:47;Novo (0);Regular (1);85;BTG PACTUAL CTVM S/A;85;BTG PACTUAL CTVM S/A
TEND3;4.291;0,14%;109.001.138;Eletrônico D0;23/07/2026;09:08:47;Novo (0);Regular (1);85;BTG PACTUAL CTVM S/A;85;BTG PACTUAL CTVM S/A
SOJA3;22;1,41%;109.001.130;Eletrônico D0;23/07/2026;09:08:47;Novo (0);Regular (1);85;BTG PACTUAL CTVM S/A;85;BTG PACTUAL CTVM S/A
SAPR11;268;0,06%;109.001.140;Eletrônico D0;23/07/2026;09:08:47;Novo (0);Regular (1);85;BTG PACTUAL CTVM S/A;85;BTG PACTUAL CTVM S/A
VAMO3;3.900;0,07%;109.001.135;Eletrônico D0;23/07/2026;09:08:47;Novo (0);Regular (1);85;BTG PACTUAL CTVM S/A;85;BTG PACTUAL CTVM S/A
XPBR31;146;0,04%;109.001.137;Eletrônico D0;23/07/2026;09:08:47;Novo (0);Regular (1);85;BTG PACTUAL CTVM S/A;85;BTG PACTUAL CTVM S/A
RANI3;5.369;0,04%;109.001.141;Eletrônico D0;23/07/2026;09:08:47;Novo (0);Regular (1);85;BTG PACTUAL CTVM S/A;85;BTG PACTUAL CTVM S/A
WEGE3;5.022;0,03%;109.001.133;Eletrônico D0;23/07/2026;09:08:46;Novo (0);Regular (1);85;BTG PACTUAL CTVM S/A;85;BTG PACTUAL CTVM S/A
TSLA34;3.597;0,41%;109.001.136;Eletrônico D0;23/07/2026;09:08:46;Novo (0);Regular (1);85;BTG PACTUAL CTVM S/A;85;BTG PACTUAL CTVM S/A
PSSA3;17.200;0,03%;109.001.142;Eletrônico D0;23/07/2026;09:08:45;Novo (0);Regular (1);85;BTG PACTUAL CTVM S/A;85;BTG PACTUAL CTVM S/A
PSSA3;12.761;0,03%;109.001.139;Eletrônico D0;23/07/2026;09:08:45;Novo (0);Regular (1);85;BTG PACTUAL CTVM S/A;85;BTG PACTUAL CTVM S/A
SUZB3;22.368;0,03%;109.001.134;Eletrônico D0;23/07/2026;09:08:45;Novo (0);Regular (1);85;BTG PACTUAL CTVM S/A;85;BTG PACTUAL CTVM S/A
NATU3;810;210,44%;109.001.237;Balcão;23/07/2026;09:07:09;Novo (0);Regular (1);85;BTG PACTUAL CTVM S/A;85;BTG PACTUAL CTVM S/A
NATU3;1.490;210,44%;109.001.236;Balcão;23/07/2026;09:07:09;Novo (0);Regular (1);85;BTG PACTUAL CTVM S/A;85;BTG PACTUAL CTVM S/A
ECOR3;5.507;0,03%;109.001.235;Eletrônico D0;23/07/2026;09:07:03;Novo (0);Regular (1);59;SAFRA CORRETORA DE VALORES E CAMBIO LTDA;59;SAFRA CORRETORA DE VALORES E CAMBIO LTDA
RENT3;1.500;0,30%;109.001.146;Balcão;23/07/2026;09:06:20;Novo (0);Regular (1);39;AGORA CTVM S/A;39;AGORA CTVM S/A
ALOS3;8.220;0,06%;109.001.075;Eletrônico D0;23/07/2026;09:06:18;Novo (0);Regular (1);85;BTG PACTUAL CTVM S/A;85;BTG PACTUAL CTVM S/A
BBSE3;10;0,88%;109.001.145;Balcão;23/07/2026;09:06:17;Novo (0);Regular (1);39;AGORA CTVM S/A;39;AGORA CTVM S/A
VALE3;7.800;0,20%;109.001.144;Balcão;23/07/2026;09:06:17;Novo (0);Regular (1);39;AGORA CTVM S/A;39;AGORA CTVM S/A
ALOS3;10.700;0,06%;109.001.094;Eletrônico D0;23/07/2026;09:03:47;Novo (0);Regular (1);85;BTG PACTUAL CTVM S/A;85;BTG PACTUAL CTVM S/A
ALOS3;8.100;0,06%;109.001.072;Eletrônico D0;23/07/2026;09:03:47;Novo (0);Regular (1);85;BTG PACTUAL CTVM S/A;85;BTG PACTUAL CTVM S/A
ALOS3;6.200;0,06%;109.001.089;Eletrônico D0;23/07/2026;09:03:47;Novo (0);Regular (1);85;BTG PACTUAL CTVM S/A;85;BTG PACTUAL CTVM S/A
ALOS3;18.500;0,06%;109.001.076;Eletrônico D0;23/07/2026;09:03:45;Novo (0);Regular (1);85;BTG PACTUAL CTVM S/A;85;BTG PACTUAL CTVM S/A
CVCB3;355.583;3,97%;109.001.095;Eletrônico D0;23/07/2026;09:03:44;Novo (0);Regular (1);85;BTG PACTUAL CTVM S/A;85;BTG PACTUAL CTVM S/A
CAML3;2.350;0,31%;109.001.112;Eletrônico D0;23/07/2026;09:03:44;Novo (0);Regular (1);85;BTG PACTUAL CTVM S/A;85;BTG PACTUAL CTVM S/A
CAML3;5.000;0,31%;109.001.066;Eletrônico D0;23/07/2026;09:03:44;Novo (0);Regular (1);85;BTG PACTUAL CTVM S/A;85;BTG PACTUAL CTVM S/A
CAML3;2.300;0,31%;109.001.107;Eletrônico D0;23/07/2026;09:03:44;Novo (0);Regular (1);85;BTG PACTUAL CTVM S/A;85;BTG PACTUAL CTVM S/A
CAML3;2.000;0,31%;109.001.090;Eletrônico D0;23/07/2026;09:03:44;Novo (0);Regular (1);85;BTG PACTUAL CTVM S/A;85;BTG PACTUAL CTVM S/A
ALOS3;6.000;0,06%;109.001.087;Eletrônico D0;23/07/2026;09:03:44;Novo (0);Regular (1);85;BTG PACTUAL CTVM S/A;85;BTG PACTUAL CTVM S/A
CAML3;2.400;0,31%;109.001.098;Eletrônico D0;23/07/2026;09:03:44;Novo (0);Regular (1);85;BTG PACTUAL CTVM S/A;85;BTG PACTUAL CTVM S/A
ALOS3;8.600;0,06%;109.001.118;Eletrônico D0;23/07/2026;09:03:44;Novo (0);Regular (1);85;BTG PACTUAL CTVM S/A;85;BTG PACTUAL CTVM S/A
CVCB3;8.360;3,97%;109.001.103;Eletrônico D0;23/07/2026;09:03:44;Novo (0);Regular (1);85;BTG PACTUAL CTVM S/A;85;BTG PACTUAL CTVM S/A
IRBR3;949;0,11%;109.001.110;Eletrônico D0;23/07/2026;09:03:43;Novo (0);Regular (1);85;BTG PACTUAL CTVM S/A;85;BTG PACTUAL CTVM S/A
CAML3;2.200;0,31%;109.001.069;Eletrônico D0;23/07/2026;09:03:43;Novo (0);Regular (1);85;BTG PACTUAL CTVM S/A;85;BTG PACTUAL CTVM S/A
FLRY3;5.265;0,04%;109.001.121;Eletrônico D0;23/07/2026;09:03:43;Novo (0);Regular (1);85;BTG PACTUAL CTVM S/A;85;BTG PACTUAL CTVM S/A
FLRY3;4.000;0,04%;109.001.119;Eletrônico D0;23/07/2026;09:03:43;Novo (0);Regular (1);85;BTG PACTUAL CTVM S/A;85;BTG PACTUAL CTVM S/A
CAML3;2.000;0,31%;109.001.082;Eletrônico D0;23/07/2026;09:03:43;Novo (0);Regular (1);85;BTG PACTUAL CTVM S/A;85;BTG PACTUAL CTVM S/A
CAML3;2.500;0,31%;109.001.079;Eletrônico D0;23/07/2026;09:03:43;Novo (0);Regular (1);85;BTG PACTUAL CTVM S/A;85;BTG PACTUAL CTVM S/A
FLRY3;3.304;0,04%;109.001.113;Eletrônico D0;23/07/2026;09:03:41;Novo (0);Regular (1);85;BTG PACTUAL CTVM S/A;85;BTG PACTUAL CTVM S/A
ALOS3;7.098;0,06%;109.001.077;Eletrônico D0;23/07/2026;09:03:41;Novo (0);Regular (1);85;BTG PACTUAL CTVM S/A;85;BTG PACTUAL CTVM S/A
CAML3;2.500;0,31%;109.001.081;Eletrônico D0;23/07/2026;09:03:41;Novo (0);Regular (1);85;BTG PACTUAL CTVM S/A;85;BTG PACTUAL CTVM S/A
AXIA7;81;0,06%;109.001.064;Eletrônico D0;23/07/2026;09:03:41;Novo (0);Regular (1);85;BTG PACTUAL CTVM S/A;85;BTG PACTUAL CTVM S/A
CAML3;2.135;0,31%;109.001.068;Eletrônico D0;23/07/2026;09:03:41;Novo (0);Regular (1);85;BTG PACTUAL CTVM S/A;85;BTG PACTUAL CTVM S/A
FLRY3;5.190;0,04%;109.001.108;Eletrônico D0;23/07/2026;09:03:41;Novo (0);Regular (1);85;BTG PACTUAL CTVM S/A;85;BTG PACTUAL CTVM S/A
ABCB4;1;0,04%;109.001.067;Eletrônico D0;23/07/2026;09:03:40;Novo (0);Regular (1);85;BTG PACTUAL CTVM S/A;85;BTG PACTUAL CTVM S/A
CAML3;2.220;0,31%;109.001.062;Eletrônico D0;23/07/2026;09:03:40;Novo (0);Regular (1);85;BTG PACTUAL CTVM S/A;85;BTG PACTUAL CTVM S/A
CAML3;2.000;0,31%;109.001.078;Eletrônico D0;23/07/2026;09:03:40;Novo (0);Regular (1);85;BTG PACTUAL CTVM S/A;85;BTG PACTUAL CTVM S/A
GOGL34;655;0,27%;109.001.109;Eletrônico D0;23/07/2026;09:03:40;Novo (0);Regular (1);85;BTG PACTUAL CTVM S/A;85;BTG PACTUAL CTVM S/A
ALOS3;7.500;0,06%;109.001.073;Eletrônico D0;23/07/2026;09:03:40;Novo (0);Regular (1);85;BTG PACTUAL CTVM S/A;85;BTG PACTUAL CTVM S/A
ALOS3;524;0,06%;109.001.097;Eletrônico D0;23/07/2026;09:03:40;Novo (0);Regular (1);85;BTG PACTUAL CTVM S/A;85;BTG PACTUAL CTVM S/A
ALOS3;5.700;0,06%;109.001.104;Eletrônico D0;23/07/2026;09:03:40;Novo (0);Regular (1);85;BTG PACTUAL CTVM S/A;85;BTG PACTUAL CTVM S/A
FLRY3;2.222;0,04%;109.001.116;Eletrônico D0;23/07/2026;09:03:40;Novo (0);Regular (1);85;BTG PACTUAL CTVM S/A;85;BTG PACTUAL CTVM S/A
CAML3;2.013;0,31%;109.001.091;Eletrônico D0;23/07/2026;09:03:40;Novo (0);Regular (1);85;BTG PACTUAL CTVM S/A;85;BTG PACTUAL CTVM S/A
CAML3;3.100;0,31%;109.001.085;Eletrônico D0;23/07/2026;09:03:40;Novo (0);Regular (1);85;BTG PACTUAL CTVM S/A;85;BTG PACTUAL CTVM S/A
CAML3;2.000;0,31%;109.001.083;Eletrônico D0;23/07/2026;09:03:40;Novo (0);Regular (1);85;BTG PACTUAL CTVM S/A;85;BTG PACTUAL CTVM S/A
CXSE3;11.092;0,09%;109.001.120;Eletrônico D0;23/07/2026;09:03:37;Novo (0);Regular (1);85;BTG PACTUAL CTVM S/A;85;BTG PACTUAL CTVM S/A
CAML3;291;0,31%;109.001.088;Eletrônico D0;23/07/2026;09:03:37;Novo (0);Regular (1);85;BTG PACTUAL CTVM S/A;85;BTG PACTUAL CTVM S/A
CAML3;2.200;0,31%;109.001.065;Eletrônico D0;23/07/2026;09:03:37;Novo (0);Regular (1);85;BTG PACTUAL CTVM S/A;85;BTG PACTUAL CTVM S/A
CAML3;2.600;0,31%;109.001.084;Eletrônico D0;23/07/2026;09:03:37;Novo (0);Regular (1);85;BTG PACTUAL CTVM S/A;85;BTG PACTUAL CTVM S/A
FLRY3;13.887;0,04%;109.001.111;Eletrônico D0;23/07/2026;09:03:37;Novo (0);Regular (1);85;BTG PACTUAL CTVM S/A;85;BTG PACTUAL CTVM S/A
ENGI11;41.638;0,12%;109.001.115;Eletrônico D0;23/07/2026;09:03:37;Novo (0);Regular (1);85;BTG PACTUAL CTVM S/A;85;BTG PACTUAL CTVM S/A
ALOS3;28.348;0,06%;109.001.063;Eletrônico D0;23/07/2026;09:03:37;Novo (0);Regular (1);85;BTG PACTUAL CTVM S/A;85;BTG PACTUAL CTVM S/A
ALOS3;14.800;0,06%;109.001.080;Eletrônico D0;23/07/2026;09:03:37;Novo (0);Regular (1);85;BTG PACTUAL CTVM S/A;85;BTG PACTUAL CTVM S/A
ALOS3;9.000;0,06%;109.001.100;Eletrônico D0;23/07/2026;09:03:37;Novo (0);Regular (1);85;BTG PACTUAL CTVM S/A;85;BTG PACTUAL CTVM S/A
CSAN3;56.019;3,11%;109.001.102;Eletrônico D0;23/07/2026;09:03:37;Novo (0);Regular (1);85;BTG PACTUAL CTVM S/A;85;BTG PACTUAL CTVM S/A
AUAU3;156.083;0,45%;109.001.093;Eletrônico D0;23/07/2026;09:03:37;Novo (0);Regular (1);85;BTG PACTUAL CTVM S/A;85;BTG PACTUAL CTVM S/A
ALOS3;35.000;0,06%;109.001.071;Eletrônico D0;23/07/2026;09:03:37;Novo (0);Regular (1);85;BTG PACTUAL CTVM S/A;85;BTG PACTUAL CTVM S/A
CAML3;2.500;0,31%;109.001.101;Eletrônico D0;23/07/2026;09:03:37;Novo (0);Regular (1);85;BTG PACTUAL CTVM S/A;85;BTG PACTUAL CTVM S/A
AUAU3;115.407;0,45%;109.001.099;Eletrônico D0;23/07/2026;09:03:36;Novo (0);Regular (1);85;BTG PACTUAL CTVM S/A;85;BTG PACTUAL CTVM S/A
KLBN11;58.607;0,66%;109.001.122;Eletrônico D0;23/07/2026;09:03:36;Novo (0);Regular (1);85;BTG PACTUAL CTVM S/A;85;BTG PACTUAL CTVM S/A
AUAU3;25.402;0,45%;109.001.096;Eletrônico D0;23/07/2026;09:03:36;Novo (0);Regular (1);85;BTG PACTUAL CTVM S/A;85;BTG PACTUAL CTVM S/A
ALOS3;9.341;0,06%;109.001.092;Eletrônico D0;23/07/2026;09:03:36;Novo (0);Regular (1);85;BTG PACTUAL CTVM S/A;85;BTG PACTUAL CTVM S/A
KLBN11;46.466;0,66%;109.001.114;Eletrônico D0;23/07/2026;09:03:36;Novo (0);Regular (1);85;BTG PACTUAL CTVM S/A;85;BTG PACTUAL CTVM S/A
CAML3;3.000;0,31%;109.001.086;Eletrônico D0;23/07/2026;09:03:36;Novo (0);Regular (1);85;BTG PACTUAL CTVM S/A;85;BTG PACTUAL CTVM S/A
ALOS3;419.078;0,06%;109.001.074;Eletrônico D0;23/07/2026;09:03:36;Novo (0);Regular (1);85;BTG PACTUAL CTVM S/A;85;BTG PACTUAL CTVM S/A
ALOS3;11.141;0,06%;109.001.105;Eletrônico D0;23/07/2026;09:03:36;Novo (0);Regular (1);85;BTG PACTUAL CTVM S/A;85;BTG PACTUAL CTVM S/A
ALOS3;8.933;0,06%;109.001.106;Eletrônico D0;23/07/2026;09:03:36;Novo (0);Regular (1);85;BTG PACTUAL CTVM S/A;85;BTG PACTUAL CTVM S/A
BBAS3;39.336;0,02%;109.001.070;Eletrônico D0;23/07/2026;09:03:36;Novo (0);Regular (1);85;BTG PACTUAL CTVM S/A;85;BTG PACTUAL CTVM S/A
AUAU3;8.118;0,45%;109.001.117;Eletrônico D0;23/07/2026;09:03:36;Novo (0);Regular (1);85;BTG PACTUAL CTVM S/A;85;BTG PACTUAL CTVM S/A
CEAB3;150;0,12%;109.000.688;Balcão;23/07/2026;09:02:59;Novo (0);Regular (1);85;BTG PACTUAL CTVM S/A;85;BTG PACTUAL CTVM S/A
CEAB3;603;0,12%;109.000.678;Balcão;23/07/2026;09:02:59;Novo (0);Regular (1);85;BTG PACTUAL CTVM S/A;85;BTG PACTUAL CTVM S/A
NATU3;2.870;210,44%;109.000.660;Balcão;23/07/2026;09:02:59;Novo (0);Regular (1);85;BTG PACTUAL CTVM S/A;85;BTG PACTUAL CTVM S/A
PETR4;2.500;0,08%;109.001.129;Balcão;23/07/2026;09:02:31;Novo (0);Regular (1);92;RENASCENCA DTVM LTDA;92;RENASCENCA DTVM LTDA
AURE3;180;0,04%;109.001.123;Balcão;23/07/2026;09:02:23;Novo (0);Regular (1);88;CM CAPITAL MARKETS CORRETORA DE CÂMBIO  TÍTULOS E VALORES MO;88;CM CAPITAL MARKETS CORRETORA DE CÂMBIO  TÍTULOS E VALORES MO
CMIN3;100;42,73%;109.001.128;Balcão;23/07/2026;09:02:23;Novo (0);Regular (1);88;CM CAPITAL MARKETS CORRETORA DE CÂMBIO  TÍTULOS E VALORES MO;88;CM CAPITAL MARKETS CORRETORA DE CÂMBIO  TÍTULOS E VALORES MO
CMIN3;23;42,73%;109.001.124;Balcão;23/07/2026;09:02:23;Novo (0);Regular (1);88;CM CAPITAL MARKETS CORRETORA DE CÂMBIO  TÍTULOS E VALORES MO;88;CM CAPITAL MARKETS CORRETORA DE CÂMBIO  TÍTULOS E VALORES MO
CMIN3;40;42,73%;109.001.126;Balcão;23/07/2026;09:02:23;Novo (0);Regular (1);88;CM CAPITAL MARKETS CORRETORA DE CÂMBIO  TÍTULOS E VALORES MO;88;CM CAPITAL MARKETS CORRETORA DE CÂMBIO  TÍTULOS E VALORES MO
CMIN3;352;42,73%;109.001.127;Balcão;23/07/2026;09:02:23;Novo (0);Regular (1);88;CM CAPITAL MARKETS CORRETORA DE CÂMBIO  TÍTULOS E VALORES MO;88;CM CAPITAL MARKETS CORRETORA DE CÂMBIO  TÍTULOS E VALORES MO
CMIN3;200;42,73%;109.001.125;Balcão;23/07/2026;09:02:23;Novo (0);Regular (1);88;CM CAPITAL MARKETS CORRETORA DE CÂMBIO  TÍTULOS E VALORES MO;88;CM CAPITAL MARKETS CORRETORA DE CÂMBIO  TÍTULOS E VALORES MO
CMIN3;64.000;42,73%;109.001.061;Eletrônico D0;23/07/2026;08:58:22;Novo (0);Regular (1);3;XP INVESTIMENTOS CCTVM S/A;3;XP INVESTIMENTOS CCTVM S/A
CMIN3;160.827;70,00%;109.001.060;Eletrônico D0;23/07/2026;08:56:36;Novo (0);Regular (1);85;BTG PACTUAL CTVM S/A;85;BTG PACTUAL CTVM S/A
NATU3;5.704;210,44%;109.001.030;Balcão;23/07/2026;08:52:43;Novo (0);Regular (1);85;BTG PACTUAL CTVM S/A;85;BTG PACTUAL CTVM S/A
NATU3;4.468;210,44%;109.000.997;Balcão;23/07/2026;08:52:37;Novo (0);Regular (1);85;BTG PACTUAL CTVM S/A;85;BTG PACTUAL CTVM S/A
NATU3;23.400;210,44%;109.000.960;Balcão;23/07/2026;08:52:37;Novo (0);Regular (1);85;BTG PACTUAL CTVM S/A;85;BTG PACTUAL CTVM S/A
NATU3;10.892;210,44%;109.000.966;Balcão;23/07/2026;08:52:37;Novo (0);Regular (1);85;BTG PACTUAL CTVM S/A;85;BTG PACTUAL CTVM S/A
VALE3;200;0,20%;109.000.903;Balcão;23/07/2026;08:49:46;Novo (0);Regular (1);85;BTG PACTUAL CTVM S/A;85;BTG PACTUAL CTVM S/A
MGLU3;100;14,36%;109.000.901;Balcão;23/07/2026;08:49:35;Novo (0);Regular (1);85;BTG PACTUAL CTVM S/A;85;BTG PACTUAL CTVM S/A
MGLU3;1.500;14,36%;109.000.902;Balcão;23/07/2026;08:49:35;Novo (0);Regular (1);85;BTG PACTUAL CTVM S/A;85;BTG PACTUAL CTVM S/A
BOVA11;250;0,72%;109.000.900;Balcão;23/07/2026;08:49:19;Novo (0);Regular (1);85;BTG PACTUAL CTVM S/A;85;BTG PACTUAL CTVM S/A
CEAB3;200;0,12%;109.000.899;Balcão;23/07/2026;08:48:41;Novo (0);Regular (1);85;BTG PACTUAL CTVM S/A;85;BTG PACTUAL CTVM S/A
CEAB3;100;0,12%;109.000.898;Balcão;23/07/2026;08:48:41;Novo (0);Regular (1);85;BTG PACTUAL CTVM S/A;85;BTG PACTUAL CTVM S/A
CEAB3;19;0,12%;109.000.897;Balcão;23/07/2026;08:48:41;Novo (0);Regular (1);85;BTG PACTUAL CTVM S/A;85;BTG PACTUAL CTVM S/A
BRAP4;4.406;0,02%;109.000.894;Balcão;23/07/2026;08:48:23;Novo (0);Regular (1);85;BTG PACTUAL CTVM S/A;85;BTG PACTUAL CTVM S/A
B3SA3;100;0,02%;109.000.893;Balcão;23/07/2026;08:48:09;Novo (0);Regular (1);85;BTG PACTUAL CTVM S/A;85;BTG PACTUAL CTVM S/A
MBRF3;38;6,33%;109.000.892;Balcão;23/07/2026;08:47:35;Novo (0);Regular (1);1099;INTER DISTRIBUIDORA DE TITULOS E VALORES MOBILIARIOS LTDA;1099;INTER DISTRIBUIDORA DE TITULOS E VALORES MOBILIARIOS LTDA
CMIN3;8.129;100,00%;109.000.886;Balcão;23/07/2026;08:46:47;Novo (0);Regular (1);85;BTG PACTUAL CTVM S/A;85;BTG PACTUAL CTVM S/A
CMIN3;6.378;100,00%;109.000.883;Balcão;23/07/2026;08:46:47;Novo (0);Regular (1);85;BTG PACTUAL CTVM S/A;85;BTG PACTUAL CTVM S/A
CMIN3;25.500;100,00%;109.000.885;Balcão;23/07/2026;08:46:47;Novo (0);Regular (1);85;BTG PACTUAL CTVM S/A;85;BTG PACTUAL CTVM S/A
CMIN3;12.988;100,00%;109.000.887;Balcão;23/07/2026;08:46:47;Novo (0);Regular (1);85;BTG PACTUAL CTVM S/A;85;BTG PACTUAL CTVM S/A
CMIN3;1.863;100,00%;109.000.891;Balcão;23/07/2026;08:46:47;Novo (0);Regular (1);85;BTG PACTUAL CTVM S/A;85;BTG PACTUAL CTVM S/A
CMIN3;24.600;100,00%;109.000.890;Balcão;23/07/2026;08:46:47;Novo (0);Regular (1);85;BTG PACTUAL CTVM S/A;85;BTG PACTUAL CTVM S/A
CMIN3;5.000;100,00%;109.000.884;Balcão;23/07/2026;08:46:44;Novo (0);Regular (1);85;BTG PACTUAL CTVM S/A;85;BTG PACTUAL CTVM S/A
CMIN3;39.477;100,00%;109.000.882;Balcão;23/07/2026;08:46:44;Novo (0);Regular (1);85;BTG PACTUAL CTVM S/A;85;BTG PACTUAL CTVM S/A
CMIN3;17.000;100,00%;109.000.889;Balcão;23/07/2026;08:46:44;Novo (0);Regular (1);85;BTG PACTUAL CTVM S/A;85;BTG PACTUAL CTVM S/A
CMIN3;4.942;100,00%;109.000.888;Balcão;23/07/2026;08:46:44;Novo (0);Regular (1);85;BTG PACTUAL CTVM S/A;85;BTG PACTUAL CTVM S/A
CMIN3;6.000;100,00%;109.000.881;Balcão;23/07/2026;08:46:44;Novo (0);Regular (1);85;BTG PACTUAL CTVM S/A;85;BTG PACTUAL CTVM S/A
GGBR4;18;0,02%;109.000.880;Balcão;23/07/2026;08:46:24;Novo (0);Regular (1);1099;INTER DISTRIBUIDORA DE TITULOS E VALORES MOBILIARIOS LTDA;1099;INTER DISTRIBUIDORA DE TITULOS E VALORES MOBILIARIOS LTDA
CMIN3;144;42,73%;109.000.879;Balcão;23/07/2026;08:46:24;Novo (0);Regular (1);1099;INTER DISTRIBUIDORA DE TITULOS E VALORES MOBILIARIOS LTDA;1099;INTER DISTRIBUIDORA DE TITULOS E VALORES MOBILIARIOS LTDA
CMIN3;120;42,73%;109.000.878;Balcão;23/07/2026;08:46:23;Novo (0);Regular (1);1099;INTER DISTRIBUIDORA DE TITULOS E VALORES MOBILIARIOS LTDA;1099;INTER DISTRIBUIDORA DE TITULOS E VALORES MOBILIARIOS LTDA
TAEE11;5;0,17%;109.000.876;Balcão;23/07/2026;08:46:23;Novo (0);Regular (1);1099;INTER DISTRIBUIDORA DE TITULOS E VALORES MOBILIARIOS LTDA;1099;INTER DISTRIBUIDORA DE TITULOS E VALORES MOBILIARIOS LTDA
CMIN3;379;42,73%;109.000.877;Balcão;23/07/2026;08:46:23;Novo (0);Regular (1);1099;INTER DISTRIBUIDORA DE TITULOS E VALORES MOBILIARIOS LTDA;1099;INTER DISTRIBUIDORA DE TITULOS E VALORES MOBILIARIOS LTDA
ITLC34;10;0,25%;109.000.874;Balcão;23/07/2026;08:46:23;Novo (0);Regular (1);1099;INTER DISTRIBUIDORA DE TITULOS E VALORES MOBILIARIOS LTDA;1099;INTER DISTRIBUIDORA DE TITULOS E VALORES MOBILIARIOS LTDA
VALE3;1;0,20%;109.000.875;Balcão;23/07/2026;08:46:23;Novo (0);Regular (1);1099;INTER DISTRIBUIDORA DE TITULOS E VALORES MOBILIARIOS LTDA;1099;INTER DISTRIBUIDORA DE TITULOS E VALORES MOBILIARIOS LTDA
CMIN3;34;42,73%;109.000.872;Balcão;23/07/2026;08:46:23;Novo (0);Regular (1);1099;INTER DISTRIBUIDORA DE TITULOS E VALORES MOBILIARIOS LTDA;1099;INTER DISTRIBUIDORA DE TITULOS E VALORES MOBILIARIOS LTDA
CVCB3;3;3,97%;109.000.871;Balcão;23/07/2026;08:46:23;Novo (0);Regular (1);1099;INTER DISTRIBUIDORA DE TITULOS E VALORES MOBILIARIOS LTDA;1099;INTER DISTRIBUIDORA DE TITULOS E VALORES MOBILIARIOS LTDA
VALE3;1;0,20%;109.000.870;Balcão;23/07/2026;08:46:23;Novo (0);Regular (1);1099;INTER DISTRIBUIDORA DE TITULOS E VALORES MOBILIARIOS LTDA;1099;INTER DISTRIBUIDORA DE TITULOS E VALORES MOBILIARIOS LTDA
VALE3;1;0,20%;109.000.873;Balcão;23/07/2026;08:46:23;Novo (0);Regular (1);1099;INTER DISTRIBUIDORA DE TITULOS E VALORES MOBILIARIOS LTDA;1099;INTER DISTRIBUIDORA DE TITULOS E VALORES MOBILIARIOS LTDA
DESK3;500;0,05%;109.000.869;Balcão;23/07/2026;08:46:23;Novo (0);Regular (1);1099;INTER DISTRIBUIDORA DE TITULOS E VALORES MOBILIARIOS LTDA;1099;INTER DISTRIBUIDORA DE TITULOS E VALORES MOBILIARIOS LTDA
CMIN3;110;42,73%;109.000.867;Balcão;23/07/2026;08:46:23;Novo (0);Regular (1);1099;INTER DISTRIBUIDORA DE TITULOS E VALORES MOBILIARIOS LTDA;1099;INTER DISTRIBUIDORA DE TITULOS E VALORES MOBILIARIOS LTDA
CMIN3;1.007;42,73%;109.000.861;Balcão;23/07/2026;08:46:23;Novo (0);Regular (1);1099;INTER DISTRIBUIDORA DE TITULOS E VALORES MOBILIARIOS LTDA;1099;INTER DISTRIBUIDORA DE TITULOS E VALORES MOBILIARIOS LTDA
XPML11;9;0,46%;109.000.868;Balcão;23/07/2026;08:46:23;Novo (0);Regular (1);1099;INTER DISTRIBUIDORA DE TITULOS E VALORES MOBILIARIOS LTDA;1099;INTER DISTRIBUIDORA DE TITULOS E VALORES MOBILIARIOS LTDA
CMIN3;456;42,73%;109.000.862;Balcão;23/07/2026;08:46:23;Novo (0);Regular (1);1099;INTER DISTRIBUIDORA DE TITULOS E VALORES MOBILIARIOS LTDA;1099;INTER DISTRIBUIDORA DE TITULOS E VALORES MOBILIARIOS LTDA
CMIN3;34;42,73%;109.000.864;Balcão;23/07/2026;08:46:23;Novo (0);Regular (1);1099;INTER DISTRIBUIDORA DE TITULOS E VALORES MOBILIARIOS LTDA;1099;INTER DISTRIBUIDORA DE TITULOS E VALORES MOBILIARIOS LTDA
CMIN3;2;42,73%;109.000.866;Balcão;23/07/2026;08:46:23;Novo (0);Regular (1);1099;INTER DISTRIBUIDORA DE TITULOS E VALORES MOBILIARIOS LTDA;1099;INTER DISTRIBUIDORA DE TITULOS E VALORES MOBILIARIOS LTDA
CMIN3;39;42,73%;109.000.865;Balcão;23/07/2026;08:46:23;Novo (0);Regular (1);1099;INTER DISTRIBUIDORA DE TITULOS E VALORES MOBILIARIOS LTDA;1099;INTER DISTRIBUIDORA DE TITULOS E VALORES MOBILIARIOS LTDA
USIM5;5;0,04%;109.000.863;Balcão;23/07/2026;08:46:23;Novo (0);Regular (1);1099;INTER DISTRIBUIDORA DE TITULOS E VALORES MOBILIARIOS LTDA;1099;INTER DISTRIBUIDORA DE TITULOS E VALORES MOBILIARIOS LTDA
CMIN3;2;42,73%;109.000.858;Balcão;23/07/2026;08:46:23;Novo (0);Regular (1);1099;INTER DISTRIBUIDORA DE TITULOS E VALORES MOBILIARIOS LTDA;1099;INTER DISTRIBUIDORA DE TITULOS E VALORES MOBILIARIOS LTDA
HAPV3;41;0,24%;109.000.859;Balcão;23/07/2026;08:46:23;Novo (0);Regular (1);1099;INTER DISTRIBUIDORA DE TITULOS E VALORES MOBILIARIOS LTDA;1099;INTER DISTRIBUIDORA DE TITULOS E VALORES MOBILIARIOS LTDA
CMIN3;160;42,73%;109.000.860;Balcão;23/07/2026;08:46:22;Novo (0);Regular (1);1099;INTER DISTRIBUIDORA DE TITULOS E VALORES MOBILIARIOS LTDA;1099;INTER DISTRIBUIDORA DE TITULOS E VALORES MOBILIARIOS LTDA
CMIN3;109;42,73%;109.000.855;Balcão;23/07/2026;08:46:22;Novo (0);Regular (1);1099;INTER DISTRIBUIDORA DE TITULOS E VALORES MOBILIARIOS LTDA;1099;INTER DISTRIBUIDORA DE TITULOS E VALORES MOBILIARIOS LTDA
ITUB4;15;0,03%;109.000.857;Balcão;23/07/2026;08:46:22;Novo (0);Regular (1);1099;INTER DISTRIBUIDORA DE TITULOS E VALORES MOBILIARIOS LTDA;1099;INTER DISTRIBUIDORA DE TITULOS E VALORES MOBILIARIOS LTDA
VALE3;1;0,20%;109.000.856;Balcão;23/07/2026;08:46:22;Novo (0);Regular (1);1099;INTER DISTRIBUIDORA DE TITULOS E VALORES MOBILIARIOS LTDA;1099;INTER DISTRIBUIDORA DE TITULOS E VALORES MOBILIARIOS LTDA
VALE3;1;0,20%;109.000.854;Balcão;23/07/2026;08:46:22;Novo (0);Regular (1);1099;INTER DISTRIBUIDORA DE TITULOS E VALORES MOBILIARIOS LTDA;1099;INTER DISTRIBUIDORA DE TITULOS E VALORES MOBILIARIOS LTDA
CMIN3;139;42,73%;109.000.853;Balcão;23/07/2026;08:46:22;Novo (0);Regular (1);1099;INTER DISTRIBUIDORA DE TITULOS E VALORES MOBILIARIOS LTDA;1099;INTER DISTRIBUIDORA DE TITULOS E VALORES MOBILIARIOS LTDA
TAEE11;39;0,17%;109.000.852;Balcão;23/07/2026;08:46:22;Novo (0);Regular (1);1099;INTER DISTRIBUIDORA DE TITULOS E VALORES MOBILIARIOS LTDA;1099;INTER DISTRIBUIDORA DE TITULOS E VALORES MOBILIARIOS LTDA
CMIN3;2;42,73%;109.000.851;Balcão;23/07/2026;08:46:22;Novo (0);Regular (1);1099;INTER DISTRIBUIDORA DE TITULOS E VALORES MOBILIARIOS LTDA;1099;INTER DISTRIBUIDORA DE TITULOS E VALORES MOBILIARIOS LTDA
CMIN3;156;42,73%;109.000.849;Balcão;23/07/2026;08:46:22;Novo (0);Regular (1);1099;INTER DISTRIBUIDORA DE TITULOS E VALORES MOBILIARIOS LTDA;1099;INTER DISTRIBUIDORA DE TITULOS E VALORES MOBILIARIOS LTDA
CMIN3;35;42,73%;109.000.846;Balcão;23/07/2026;08:46:22;Novo (0);Regular (1);1099;INTER DISTRIBUIDORA DE TITULOS E VALORES MOBILIARIOS LTDA;1099;INTER DISTRIBUIDORA DE TITULOS E VALORES MOBILIARIOS LTDA
VALE3;1;0,20%;109.000.847;Balcão;23/07/2026;08:46:22;Novo (0);Regular (1);1099;INTER DISTRIBUIDORA DE TITULOS E VALORES MOBILIARIOS LTDA;1099;INTER DISTRIBUIDORA DE TITULOS E VALORES MOBILIARIOS LTDA
VALE3;1;0,20%;109.000.848;Balcão;23/07/2026;08:46:22;Novo (0);Regular (1);1099;INTER DISTRIBUIDORA DE TITULOS E VALORES MOBILIARIOS LTDA;1099;INTER DISTRIBUIDORA DE TITULOS E VALORES MOBILIARIOS LTDA
CMIN3;428;42,73%;109.000.845;Balcão;23/07/2026;08:46:22;Novo (0);Regular (1);1099;INTER DISTRIBUIDORA DE TITULOS E VALORES MOBILIARIOS LTDA;1099;INTER DISTRIBUIDORA DE TITULOS E VALORES MOBILIARIOS LTDA
CMIN3;1;42,73%;109.000.844;Balcão;23/07/2026;08:46:22;Novo (0);Regular (1);1099;INTER DISTRIBUIDORA DE TITULOS E VALORES MOBILIARIOS LTDA;1099;INTER DISTRIBUIDORA DE TITULOS E VALORES MOBILIARIOS LTDA
CMIN3;50;42,73%;109.000.850;Balcão;23/07/2026;08:46:22;Novo (0);Regular (1);1099;INTER DISTRIBUIDORA DE TITULOS E VALORES MOBILIARIOS LTDA;1099;INTER DISTRIBUIDORA DE TITULOS E VALORES MOBILIARIOS LTDA
CMIN3;41;42,73%;109.000.843;Balcão;23/07/2026;08:46:22;Novo (0);Regular (1);1099;INTER DISTRIBUIDORA DE TITULOS E VALORES MOBILIARIOS LTDA;1099;INTER DISTRIBUIDORA DE TITULOS E VALORES MOBILIARIOS LTDA
CMIN3;5;42,73%;109.000.841;Balcão;23/07/2026;08:46:22;Novo (0);Regular (1);1099;INTER DISTRIBUIDORA DE TITULOS E VALORES MOBILIARIOS LTDA;1099;INTER DISTRIBUIDORA DE TITULOS E VALORES MOBILIARIOS LTDA
CXSE3;1;0,09%;109.000.842;Balcão;23/07/2026;08:46:21;Novo (0);Regular (1);1099;INTER DISTRIBUIDORA DE TITULOS E VALORES MOBILIARIOS LTDA;1099;INTER DISTRIBUIDORA DE TITULOS E VALORES MOBILIARIOS LTDA
CMIN3;3;42,73%;109.000.839;Balcão;23/07/2026;08:46:21;Novo (0);Regular (1);1099;INTER DISTRIBUIDORA DE TITULOS E VALORES MOBILIARIOS LTDA;1099;INTER DISTRIBUIDORA DE TITULOS E VALORES MOBILIARIOS LTDA
CMIN3;1.500;42,73%;109.000.838;Balcão;23/07/2026;08:46:21;Novo (0);Regular (1);1099;INTER DISTRIBUIDORA DE TITULOS E VALORES MOBILIARIOS LTDA;1099;INTER DISTRIBUIDORA DE TITULOS E VALORES MOBILIARIOS LTDA
CMIN3;132;42,73%;109.000.836;Balcão;23/07/2026;08:46:21;Novo (0);Regular (1);1099;INTER DISTRIBUIDORA DE TITULOS E VALORES MOBILIARIOS LTDA;1099;INTER DISTRIBUIDORA DE TITULOS E VALORES MOBILIARIOS LTDA
PETR4;2;0,08%;109.000.840;Balcão;23/07/2026;08:46:21;Novo (0);Regular (1);1099;INTER DISTRIBUIDORA DE TITULOS E VALORES MOBILIARIOS LTDA;1099;INTER DISTRIBUIDORA DE TITULOS E VALORES MOBILIARIOS LTDA
CMIN3;166;42,73%;109.000.837;Balcão;23/07/2026;08:46:21;Novo (0);Regular (1);1099;INTER DISTRIBUIDORA DE TITULOS E VALORES MOBILIARIOS LTDA;1099;INTER DISTRIBUIDORA DE TITULOS E VALORES MOBILIARIOS LTDA
PRIO3;18;0,02%;109.000.835;Balcão;23/07/2026;08:46:21;Novo (0);Regular (1);1099;INTER DISTRIBUIDORA DE TITULOS E VALORES MOBILIARIOS LTDA;1099;INTER DISTRIBUIDORA DE TITULOS E VALORES MOBILIARIOS LTDA
CMIN3;73;42,73%;109.000.834;Balcão;23/07/2026;08:46:21;Novo (0);Regular (1);1099;INTER DISTRIBUIDORA DE TITULOS E VALORES MOBILIARIOS LTDA;1099;INTER DISTRIBUIDORA DE TITULOS E VALORES MOBILIARIOS LTDA
CMIN3;4;42,73%;109.000.833;Balcão;23/07/2026;08:46:21;Novo (0);Regular (1);1099;INTER DISTRIBUIDORA DE TITULOS E VALORES MOBILIARIOS LTDA;1099;INTER DISTRIBUIDORA DE TITULOS E VALORES MOBILIARIOS LTDA
CMIN3;44;42,73%;109.000.832;Balcão;23/07/2026;08:46:21;Novo (0);Regular (1);1099;INTER DISTRIBUIDORA DE TITULOS E VALORES MOBILIARIOS LTDA;1099;INTER DISTRIBUIDORA DE TITULOS E VALORES MOBILIARIOS LTDA
CBAV3;741;0,08%;109.000.831;Balcão;23/07/2026;08:46:21;Novo (0);Regular (1);1099;INTER DISTRIBUIDORA DE TITULOS E VALORES MOBILIARIOS LTDA;1099;INTER DISTRIBUIDORA DE TITULOS E VALORES MOBILIARIOS LTDA
CMIN3;82;42,73%;109.000.830;Balcão;23/07/2026;08:46:21;Novo (0);Regular (1);1099;INTER DISTRIBUIDORA DE TITULOS E VALORES MOBILIARIOS LTDA;1099;INTER DISTRIBUIDORA DE TITULOS E VALORES MOBILIARIOS LTDA
CMIN3;127;42,73%;109.000.829;Balcão;23/07/2026;08:46:21;Novo (0);Regular (1);1099;INTER DISTRIBUIDORA DE TITULOS E VALORES MOBILIARIOS LTDA;1099;INTER DISTRIBUIDORA DE TITULOS E VALORES MOBILIARIOS LTDA
CMIN3;5;42,73%;109.000.825;Balcão;23/07/2026;08:46:21;Novo (0);Regular (1);1099;INTER DISTRIBUIDORA DE TITULOS E VALORES MOBILIARIOS LTDA;1099;INTER DISTRIBUIDORA DE TITULOS E VALORES MOBILIARIOS LTDA
CMIN3;11;42,73%;109.000.818;Balcão;23/07/2026;08:46:21;Novo (0);Regular (1);1099;INTER DISTRIBUIDORA DE TITULOS E VALORES MOBILIARIOS LTDA;1099;INTER DISTRIBUIDORA DE TITULOS E VALORES MOBILIARIOS LTDA
CMIN3;46;42,73%;109.000.827;Balcão;23/07/2026;08:46:21;Novo (0);Regular (1);1099;INTER DISTRIBUIDORA DE TITULOS E VALORES MOBILIARIOS LTDA;1099;INTER DISTRIBUIDORA DE TITULOS E VALORES MOBILIARIOS LTDA
CMIN3;2;42,73%;109.000.828;Balcão;23/07/2026;08:46:21;Novo (0);Regular (1);1099;INTER DISTRIBUIDORA DE TITULOS E VALORES MOBILIARIOS LTDA;1099;INTER DISTRIBUIDORA DE TITULOS E VALORES MOBILIARIOS LTDA
CMIN3;480;42,73%;109.000.826;Balcão;23/07/2026;08:46:21;Novo (0);Regular (1);1099;INTER DISTRIBUIDORA DE TITULOS E VALORES MOBILIARIOS LTDA;1099;INTER DISTRIBUIDORA DE TITULOS E VALORES MOBILIARIOS LTDA
CMIN3;200;42,73%;109.000.813;Balcão;23/07/2026;08:46:21;Novo (0);Regular (1);1099;INTER DISTRIBUIDORA DE TITULOS E VALORES MOBILIARIOS LTDA;1099;INTER DISTRIBUIDORA DE TITULOS E VALORES MOBILIARIOS LTDA
CMIN3;572;42,73%;109.000.824;Balcão;23/07/2026;08:46:21;Novo (0);Regular (1);1099;INTER DISTRIBUIDORA DE TITULOS E VALORES MOBILIARIOS LTDA;1099;INTER DISTRIBUIDORA DE TITULOS E VALORES MOBILIARIOS LTDA
BBSE3;1;0,88%;109.000.812;Balcão;23/07/2026;08:46:20;Novo (0);Regular (1);1099;INTER DISTRIBUIDORA DE TITULOS E VALORES MOBILIARIOS LTDA;1099;INTER DISTRIBUIDORA DE TITULOS E VALORES MOBILIARIOS LTDA
BBSE3;15;0,88%;109.000.811;Balcão;23/07/2026;08:46:20;Novo (0);Regular (1);1099;INTER DISTRIBUIDORA DE TITULOS E VALORES MOBILIARIOS LTDA;1099;INTER DISTRIBUIDORA DE TITULOS E VALORES MOBILIARIOS LTDA
CMIN3;166;42,73%;109.000.797;Balcão;23/07/2026;08:46:20;Novo (0);Regular (1);1099;INTER DISTRIBUIDORA DE TITULOS E VALORES MOBILIARIOS LTDA;1099;INTER DISTRIBUIDORA DE TITULOS E VALORES MOBILIARIOS LTDA
CMIN3;200;42,73%;109.000.814;Balcão;23/07/2026;08:46:20;Novo (0);Regular (1);1099;INTER DISTRIBUIDORA DE TITULOS E VALORES MOBILIARIOS LTDA;1099;INTER DISTRIBUIDORA DE TITULOS E VALORES MOBILIARIOS LTDA
CMIN3;54;42,73%;109.000.821;Balcão;23/07/2026;08:46:20;Novo (0);Regular (1);1099;INTER DISTRIBUIDORA DE TITULOS E VALORES MOBILIARIOS LTDA;1099;INTER DISTRIBUIDORA DE TITULOS E VALORES MOBILIARIOS LTDA
CMIN3;84;42,73%;109.000.809;Balcão;23/07/2026;08:46:20;Novo (0);Regular (1);1099;INTER DISTRIBUIDORA DE TITULOS E VALORES MOBILIARIOS LTDA;1099;INTER DISTRIBUIDORA DE TITULOS E VALORES MOBILIARIOS LTDA
TAEE11;10;0,17%;109.000.819;Balcão;23/07/2026;08:46:20;Novo (0);Regular (1);1099;INTER DISTRIBUIDORA DE TITULOS E VALORES MOBILIARIOS LTDA;1099;INTER DISTRIBUIDORA DE TITULOS E VALORES MOBILIARIOS LTDA
CMIN3;600;42,73%;109.000.823;Balcão;23/07/2026;08:46:20;Novo (0);Regular (1);1099;INTER DISTRIBUIDORA DE TITULOS E VALORES MOBILIARIOS LTDA;1099;INTER DISTRIBUIDORA DE TITULOS E VALORES MOBILIARIOS LTDA
CMIN3;511;42,73%;109.000.822;Balcão;23/07/2026;08:46:20;Novo (0);Regular (1);1099;INTER DISTRIBUIDORA DE TITULOS E VALORES MOBILIARIOS LTDA;1099;INTER DISTRIBUIDORA DE TITULOS E VALORES MOBILIARIOS LTDA
CMIN3;267;42,73%;109.000.807;Balcão;23/07/2026;08:46:20;Novo (0);Regular (1);1099;INTER DISTRIBUIDORA DE TITULOS E VALORES MOBILIARIOS LTDA;1099;INTER DISTRIBUIDORA DE TITULOS E VALORES MOBILIARIOS LTDA
RAPT4;11;0,10%;109.000.820;Balcão;23/07/2026;08:46:20;Novo (0);Regular (1);1099;INTER DISTRIBUIDORA DE TITULOS E VALORES MOBILIARIOS LTDA;1099;INTER DISTRIBUIDORA DE TITULOS E VALORES MOBILIARIOS LTDA
KNRI11;1;0,10%;109.000.793;Balcão;23/07/2026;08:46:20;Novo (0);Regular (1);1099;INTER DISTRIBUIDORA DE TITULOS E VALORES MOBILIARIOS LTDA;1099;INTER DISTRIBUIDORA DE TITULOS E VALORES MOBILIARIOS LTDA
CMIN3;200;42,73%;109.000.801;Balcão;23/07/2026;08:46:20;Novo (0);Regular (1);1099;INTER DISTRIBUIDORA DE TITULOS E VALORES MOBILIARIOS LTDA;1099;INTER DISTRIBUIDORA DE TITULOS E VALORES MOBILIARIOS LTDA
SOJA3;30;1,41%;109.000.816;Balcão;23/07/2026;08:46:19;Novo (0);Regular (1);1099;INTER DISTRIBUIDORA DE TITULOS E VALORES MOBILIARIOS LTDA;1099;INTER DISTRIBUIDORA DE TITULOS E VALORES MOBILIARIOS LTDA
TUPY3;100;0,11%;109.000.817;Balcão;23/07/2026;08:46:19;Novo (0);Regular (1);1099;INTER DISTRIBUIDORA DE TITULOS E VALORES MOBILIARIOS LTDA;1099;INTER DISTRIBUIDORA DE TITULOS E VALORES MOBILIARIOS LTDA
CMIN3;989;42,73%;109.000.800;Balcão;23/07/2026;08:46:19;Novo (0);Regular (1);1099;INTER DISTRIBUIDORA DE TITULOS E VALORES MOBILIARIOS LTDA;1099;INTER DISTRIBUIDORA DE TITULOS E VALORES MOBILIARIOS LTDA
CMIN3;41;42,73%;109.000.796;Balcão;23/07/2026;08:46:19;Novo (0);Regular (1);1099;INTER DISTRIBUIDORA DE TITULOS E VALORES MOBILIARIOS LTDA;1099;INTER DISTRIBUIDORA DE TITULOS E VALORES MOBILIARIOS LTDA
CMIN3;44;42,73%;109.000.815;Balcão;23/07/2026;08:46:19;Novo (0);Regular (1);1099;INTER DISTRIBUIDORA DE TITULOS E VALORES MOBILIARIOS LTDA;1099;INTER DISTRIBUIDORA DE TITULOS E VALORES MOBILIARIOS LTDA
CMIN3;1;42,73%;109.000.808;Balcão;23/07/2026;08:46:19;Novo (0);Regular (1);1099;INTER DISTRIBUIDORA DE TITULOS E VALORES MOBILIARIOS LTDA;1099;INTER DISTRIBUIDORA DE TITULOS E VALORES MOBILIARIOS LTDA
CMIN3;1.900;42,73%;109.000.806;Balcão;23/07/2026;08:46:19;Novo (0);Regular (1);1099;INTER DISTRIBUIDORA DE TITULOS E VALORES MOBILIARIOS LTDA;1099;INTER DISTRIBUIDORA DE TITULOS E VALORES MOBILIARIOS LTDA
CMIN3;36;42,73%;109.000.799;Balcão;23/07/2026;08:46:19;Novo (0);Regular (1);1099;INTER DISTRIBUIDORA DE TITULOS E VALORES MOBILIARIOS LTDA;1099;INTER DISTRIBUIDORA DE TITULOS E VALORES MOBILIARIOS LTDA
CMIN3;160;42,73%;109.000.810;Balcão;23/07/2026;08:46:19;Novo (0);Regular (1);1099;INTER DISTRIBUIDORA DE TITULOS E VALORES MOBILIARIOS LTDA;1099;INTER DISTRIBUIDORA DE TITULOS E VALORES MOBILIARIOS LTDA
CMIN3;1.082;42,73%;109.000.805;Balcão;23/07/2026;08:46:19;Novo (0);Regular (1);1099;INTER DISTRIBUIDORA DE TITULOS E VALORES MOBILIARIOS LTDA;1099;INTER DISTRIBUIDORA DE TITULOS E VALORES MOBILIARIOS LTDA
RECV3;10;1,89%;109.000.803;Balcão;23/07/2026;08:46:19;Novo (0);Regular (1);1099;INTER DISTRIBUIDORA DE TITULOS E VALORES MOBILIARIOS LTDA;1099;INTER DISTRIBUIDORA DE TITULOS E VALORES MOBILIARIOS LTDA
BRKM5;1;18,15%;109.000.804;Balcão;23/07/2026;08:46:19;Novo (0);Regular (1);1099;INTER DISTRIBUIDORA DE TITULOS E VALORES MOBILIARIOS LTDA;1099;INTER DISTRIBUIDORA DE TITULOS E VALORES MOBILIARIOS LTDA
CMIN3;1.100;42,73%;109.000.802;Balcão;23/07/2026;08:46:19;Novo (0);Regular (1);1099;INTER DISTRIBUIDORA DE TITULOS E VALORES MOBILIARIOS LTDA;1099;INTER DISTRIBUIDORA DE TITULOS E VALORES MOBILIARIOS LTDA
CMIN3;515;42,73%;109.000.794;Balcão;23/07/2026;08:46:19;Novo (0);Regular (1);1099;INTER DISTRIBUIDORA DE TITULOS E VALORES MOBILIARIOS LTDA;1099;INTER DISTRIBUIDORA DE TITULOS E VALORES MOBILIARIOS LTDA
CVCB3;100;3,97%;109.000.798;Balcão;23/07/2026;08:46:19;Novo (0);Regular (1);1099;INTER DISTRIBUIDORA DE TITULOS E VALORES MOBILIARIOS LTDA;1099;INTER DISTRIBUIDORA DE TITULOS E VALORES MOBILIARIOS LTDA
CMIN3;3;42,73%;109.000.795;Balcão;23/07/2026;08:46:19;Novo (0);Regular (1);1099;INTER DISTRIBUIDORA DE TITULOS E VALORES MOBILIARIOS LTDA;1099;INTER DISTRIBUIDORA DE TITULOS E VALORES MOBILIARIOS LTDA
CMIN3;143;42,73%;109.000.786;Balcão;23/07/2026;08:46:19;Novo (0);Regular (1);1099;INTER DISTRIBUIDORA DE TITULOS E VALORES MOBILIARIOS LTDA;1099;INTER DISTRIBUIDORA DE TITULOS E VALORES MOBILIARIOS LTDA
PCAR3;3.000;17,70%;109.000.791;Balcão;23/07/2026;08:46:19;Novo (0);Regular (1);1099;INTER DISTRIBUIDORA DE TITULOS E VALORES MOBILIARIOS LTDA;1099;INTER DISTRIBUIDORA DE TITULOS E VALORES MOBILIARIOS LTDA
RECV3;314;1,89%;109.000.788;Balcão;23/07/2026;08:46:19;Novo (0);Regular (1);1099;INTER DISTRIBUIDORA DE TITULOS E VALORES MOBILIARIOS LTDA;1099;INTER DISTRIBUIDORA DE TITULOS E VALORES MOBILIARIOS LTDA
CMIN3;5;42,73%;109.000.792;Balcão;23/07/2026;08:46:18;Novo (0);Regular (1);1099;INTER DISTRIBUIDORA DE TITULOS E VALORES MOBILIARIOS LTDA;1099;INTER DISTRIBUIDORA DE TITULOS E VALORES MOBILIARIOS LTDA
CMIN3;57;42,73%;109.000.790;Balcão;23/07/2026;08:46:18;Novo (0);Regular (1);1099;INTER DISTRIBUIDORA DE TITULOS E VALORES MOBILIARIOS LTDA;1099;INTER DISTRIBUIDORA DE TITULOS E VALORES MOBILIARIOS LTDA
CMIN3;173;42,73%;109.000.789;Balcão;23/07/2026;08:46:18;Novo (0);Regular (1);1099;INTER DISTRIBUIDORA DE TITULOS E VALORES MOBILIARIOS LTDA;1099;INTER DISTRIBUIDORA DE TITULOS E VALORES MOBILIARIOS LTDA
CMIN3;137;42,73%;109.000.785;Balcão;23/07/2026;08:46:18;Novo (0);Regular (1);1099;INTER DISTRIBUIDORA DE TITULOS E VALORES MOBILIARIOS LTDA;1099;INTER DISTRIBUIDORA DE TITULOS E VALORES MOBILIARIOS LTDA
CMIN3;51;42,73%;109.000.787;Balcão;23/07/2026;08:46:18;Novo (0);Regular (1);1099;INTER DISTRIBUIDORA DE TITULOS E VALORES MOBILIARIOS LTDA;1099;INTER DISTRIBUIDORA DE TITULOS E VALORES MOBILIARIOS LTDA
CMIN3;176;42,73%;109.000.779;Balcão;23/07/2026;08:46:18;Novo (0);Regular (1);1099;INTER DISTRIBUIDORA DE TITULOS E VALORES MOBILIARIOS LTDA;1099;INTER DISTRIBUIDORA DE TITULOS E VALORES MOBILIARIOS LTDA
CMIN3;187;42,73%;109.000.782;Balcão;23/07/2026;08:46:18;Novo (0);Regular (1);1099;INTER DISTRIBUIDORA DE TITULOS E VALORES MOBILIARIOS LTDA;1099;INTER DISTRIBUIDORA DE TITULOS E VALORES MOBILIARIOS LTDA
CMIN3;489;42,73%;109.000.784;Balcão;23/07/2026;08:46:18;Novo (0);Regular (1);1099;INTER DISTRIBUIDORA DE TITULOS E VALORES MOBILIARIOS LTDA;1099;INTER DISTRIBUIDORA DE TITULOS E VALORES MOBILIARIOS LTDA
CMIN3;2;42,73%;109.000.783;Balcão;23/07/2026;08:46:18;Novo (0);Regular (1);1099;INTER DISTRIBUIDORA DE TITULOS E VALORES MOBILIARIOS LTDA;1099;INTER DISTRIBUIDORA DE TITULOS E VALORES MOBILIARIOS LTDA
CMIN3;97;42,73%;109.000.769;Balcão;23/07/2026;08:46:18;Novo (0);Regular (1);1099;INTER DISTRIBUIDORA DE TITULOS E VALORES MOBILIARIOS LTDA;1099;INTER DISTRIBUIDORA DE TITULOS E VALORES MOBILIARIOS LTDA
RAIZ4;100;9,37%;109.000.781;Balcão;23/07/2026;08:46:18;Novo (0);Regular (1);1099;INTER DISTRIBUIDORA DE TITULOS E VALORES MOBILIARIOS LTDA;1099;INTER DISTRIBUIDORA DE TITULOS E VALORES MOBILIARIOS LTDA
CMIN3;217;42,73%;109.000.768;Balcão;23/07/2026;08:46:18;Novo (0);Regular (1);1099;INTER DISTRIBUIDORA DE TITULOS E VALORES MOBILIARIOS LTDA;1099;INTER DISTRIBUIDORA DE TITULOS E VALORES MOBILIARIOS LTDA
CMIN3;281;42,73%;109.000.772;Balcão;23/07/2026;08:46:18;Novo (0);Regular (1);1099;INTER DISTRIBUIDORA DE TITULOS E VALORES MOBILIARIOS LTDA;1099;INTER DISTRIBUIDORA DE TITULOS E VALORES MOBILIARIOS LTDA
RAIZ4;1.601;9,37%;109.000.780;Balcão;23/07/2026;08:46:16;Novo (0);Regular (1);1099;INTER DISTRIBUIDORA DE TITULOS E VALORES MOBILIARIOS LTDA;1099;INTER DISTRIBUIDORA DE TITULOS E VALORES MOBILIARIOS LTDA
CMIN3;57;42,73%;109.000.777;Balcão;23/07/2026;08:46:16;Novo (0);Regular (1);1099;INTER DISTRIBUIDORA DE TITULOS E VALORES MOBILIARIOS LTDA;1099;INTER DISTRIBUIDORA DE TITULOS E VALORES MOBILIARIOS LTDA
CMIN3;16;42,73%;109.000.766;Balcão;23/07/2026;08:46:16;Novo (0);Regular (1);1099;INTER DISTRIBUIDORA DE TITULOS E VALORES MOBILIARIOS LTDA;1099;INTER DISTRIBUIDORA DE TITULOS E VALORES MOBILIARIOS LTDA
CMIN3;13;42,73%;109.000.778;Balcão;23/07/2026;08:46:16;Novo (0);Regular (1);1099;INTER DISTRIBUIDORA DE TITULOS E VALORES MOBILIARIOS LTDA;1099;INTER DISTRIBUIDORA DE TITULOS E VALORES MOBILIARIOS LTDA
CMIN3;91;42,73%;109.000.773;Balcão;23/07/2026;08:46:16;Novo (0);Regular (1);1099;INTER DISTRIBUIDORA DE TITULOS E VALORES MOBILIARIOS LTDA;1099;INTER DISTRIBUIDORA DE TITULOS E VALORES MOBILIARIOS LTDA
BRKM5;3;18,15%;109.000.776;Balcão;23/07/2026;08:46:16;Novo (0);Regular (1);1099;INTER DISTRIBUIDORA DE TITULOS E VALORES MOBILIARIOS LTDA;1099;INTER DISTRIBUIDORA DE TITULOS E VALORES MOBILIARIOS LTDA
CMIN3;90;42,73%;109.000.775;Balcão;23/07/2026;08:46:16;Novo (0);Regular (1);1099;INTER DISTRIBUIDORA DE TITULOS E VALORES MOBILIARIOS LTDA;1099;INTER DISTRIBUIDORA DE TITULOS E VALORES MOBILIARIOS LTDA
ITUB4;2;0,03%;109.000.771;Balcão;23/07/2026;08:46:16;Novo (0);Regular (1);1099;INTER DISTRIBUIDORA DE TITULOS E VALORES MOBILIARIOS LTDA;1099;INTER DISTRIBUIDORA DE TITULOS E VALORES MOBILIARIOS LTDA
CMIN3;28;42,73%;109.000.774;Balcão;23/07/2026;08:46:16;Novo (0);Regular (1);1099;INTER DISTRIBUIDORA DE TITULOS E VALORES MOBILIARIOS LTDA;1099;INTER DISTRIBUIDORA DE TITULOS E VALORES MOBILIARIOS LTDA
LWSA3;80;0,11%;109.000.770;Balcão;23/07/2026;08:46:15;Novo (0);Regular (1);1099;INTER DISTRIBUIDORA DE TITULOS E VALORES MOBILIARIOS LTDA;1099;INTER DISTRIBUIDORA DE TITULOS E VALORES MOBILIARIOS LTDA
CMIN3;97;42,73%;109.000.765;Balcão;23/07/2026;08:46:15;Novo (0);Regular (1);1099;INTER DISTRIBUIDORA DE TITULOS E VALORES MOBILIARIOS LTDA;1099;INTER DISTRIBUIDORA DE TITULOS E VALORES MOBILIARIOS LTDA
CMIN3;100;42,73%;109.000.764;Balcão;23/07/2026;08:46:15;Novo (0);Regular (1);1099;INTER DISTRIBUIDORA DE TITULOS E VALORES MOBILIARIOS LTDA;1099;INTER DISTRIBUIDORA DE TITULOS E VALORES MOBILIARIOS LTDA
CMIN3;100;42,73%;109.000.762;Balcão;23/07/2026;08:46:15;Novo (0);Regular (1);1099;INTER DISTRIBUIDORA DE TITULOS E VALORES MOBILIARIOS LTDA;1099;INTER DISTRIBUIDORA DE TITULOS E VALORES MOBILIARIOS LTDA
CMIN3;16;42,73%;109.000.767;Balcão;23/07/2026;08:46:15;Novo (0);Regular (1);1099;INTER DISTRIBUIDORA DE TITULOS E VALORES MOBILIARIOS LTDA;1099;INTER DISTRIBUIDORA DE TITULOS E VALORES MOBILIARIOS LTDA
CMIN3;200;42,73%;109.000.761;Balcão;23/07/2026;08:46:15;Novo (0);Regular (1);1099;INTER DISTRIBUIDORA DE TITULOS E VALORES MOBILIARIOS LTDA;1099;INTER DISTRIBUIDORA DE TITULOS E VALORES MOBILIARIOS LTDA
BBAS3;48;0,02%;109.000.760;Balcão;23/07/2026;08:46:15;Novo (0);Regular (1);1099;INTER DISTRIBUIDORA DE TITULOS E VALORES MOBILIARIOS LTDA;1099;INTER DISTRIBUIDORA DE TITULOS E VALORES MOBILIARIOS LTDA
BBDC4;1;0,02%;109.000.763;Balcão;23/07/2026;08:46:15;Novo (0);Regular (1);1099;INTER DISTRIBUIDORA DE TITULOS E VALORES MOBILIARIOS LTDA;1099;INTER DISTRIBUIDORA DE TITULOS E VALORES MOBILIARIOS LTDA
PETR4;100;0,08%;109.000.759;Balcão;23/07/2026;08:46:15;Novo (0);Regular (1);1099;INTER DISTRIBUIDORA DE TITULOS E VALORES MOBILIARIOS LTDA;1099;INTER DISTRIBUIDORA DE TITULOS E VALORES MOBILIARIOS LTDA
CMIN3;100;42,73%;109.000.754;Balcão;23/07/2026;08:46:15;Novo (0);Regular (1);1099;INTER DISTRIBUIDORA DE TITULOS E VALORES MOBILIARIOS LTDA;1099;INTER DISTRIBUIDORA DE TITULOS E VALORES MOBILIARIOS LTDA
BBAS3;100;0,02%;109.000.758;Balcão;23/07/2026;08:46:15;Novo (0);Regular (1);1099;INTER DISTRIBUIDORA DE TITULOS E VALORES MOBILIARIOS LTDA;1099;INTER DISTRIBUIDORA DE TITULOS E VALORES MOBILIARIOS LTDA
MBRF3;1;6,33%;109.000.757;Balcão;23/07/2026;08:46:15;Novo (0);Regular (1);1099;INTER DISTRIBUIDORA DE TITULOS E VALORES MOBILIARIOS LTDA;1099;INTER DISTRIBUIDORA DE TITULOS E VALORES MOBILIARIOS LTDA
CMIN3;24;42,73%;109.000.755;Balcão;23/07/2026;08:46:15;Novo (0);Regular (1);1099;INTER DISTRIBUIDORA DE TITULOS E VALORES MOBILIARIOS LTDA;1099;INTER DISTRIBUIDORA DE TITULOS E VALORES MOBILIARIOS LTDA
BBSE3;2;0,88%;109.000.752;Balcão;23/07/2026;08:46:15;Novo (0);Regular (1);1099;INTER DISTRIBUIDORA DE TITULOS E VALORES MOBILIARIOS LTDA;1099;INTER DISTRIBUIDORA DE TITULOS E VALORES MOBILIARIOS LTDA
ITUB4;1;0,03%;109.000.756;Balcão;23/07/2026;08:46:15;Novo (0);Regular (1);1099;INTER DISTRIBUIDORA DE TITULOS E VALORES MOBILIARIOS LTDA;1099;INTER DISTRIBUIDORA DE TITULOS E VALORES MOBILIARIOS LTDA
ITUB4;6;0,03%;109.000.753;Balcão;23/07/2026;08:46:15;Novo (0);Regular (1);1099;INTER DISTRIBUIDORA DE TITULOS E VALORES MOBILIARIOS LTDA;1099;INTER DISTRIBUIDORA DE TITULOS E VALORES MOBILIARIOS LTDA
CMIN3;360;42,73%;109.000.751;Balcão;23/07/2026;08:46:15;Novo (0);Regular (1);1099;INTER DISTRIBUIDORA DE TITULOS E VALORES MOBILIARIOS LTDA;1099;INTER DISTRIBUIDORA DE TITULOS E VALORES MOBILIARIOS LTDA
CMIN3;10;42,73%;109.000.747;Balcão;23/07/2026;08:46:15;Novo (0);Regular (1);1099;INTER DISTRIBUIDORA DE TITULOS E VALORES MOBILIARIOS LTDA;1099;INTER DISTRIBUIDORA DE TITULOS E VALORES MOBILIARIOS LTDA
CMIN3;76;42,73%;109.000.749;Balcão;23/07/2026;08:46:15;Novo (0);Regular (1);1099;INTER DISTRIBUIDORA DE TITULOS E VALORES MOBILIARIOS LTDA;1099;INTER DISTRIBUIDORA DE TITULOS E VALORES MOBILIARIOS LTDA
CMIN3;193;42,73%;109.000.750;Balcão;23/07/2026;08:46:15;Novo (0);Regular (1);1099;INTER DISTRIBUIDORA DE TITULOS E VALORES MOBILIARIOS LTDA;1099;INTER DISTRIBUIDORA DE TITULOS E VALORES MOBILIARIOS LTDA
CMIN3;70;42,73%;109.000.748;Balcão;23/07/2026;08:46:15;Novo (0);Regular (1);1099;INTER DISTRIBUIDORA DE TITULOS E VALORES MOBILIARIOS LTDA;1099;INTER DISTRIBUIDORA DE TITULOS E VALORES MOBILIARIOS LTDA
CMIN3;9;42,73%;109.000.745;Balcão;23/07/2026;08:46:15;Novo (0);Regular (1);1099;INTER DISTRIBUIDORA DE TITULOS E VALORES MOBILIARIOS LTDA;1099;INTER DISTRIBUIDORA DE TITULOS E VALORES MOBILIARIOS LTDA
CMIN3;180;42,73%;109.000.746;Balcão;23/07/2026;08:46:15;Novo (0);Regular (1);1099;INTER DISTRIBUIDORA DE TITULOS E VALORES MOBILIARIOS LTDA;1099;INTER DISTRIBUIDORA DE TITULOS E VALORES MOBILIARIOS LTDA
BBSE3;1;0,88%;109.000.744;Balcão;23/07/2026;08:46:15;Novo (0);Regular (1);1099;INTER DISTRIBUIDORA DE TITULOS E VALORES MOBILIARIOS LTDA;1099;INTER DISTRIBUIDORA DE TITULOS E VALORES MOBILIARIOS LTDA
CMIN3;73;42,73%;109.000.743;Balcão;23/07/2026;08:46:15;Novo (0);Regular (1);1099;INTER DISTRIBUIDORA DE TITULOS E VALORES MOBILIARIOS LTDA;1099;INTER DISTRIBUIDORA DE TITULOS E VALORES MOBILIARIOS LTDA
MXRF11;3;0,11%;109.000.742;Balcão;23/07/2026;08:46:15;Novo (0);Regular (1);1099;INTER DISTRIBUIDORA DE TITULOS E VALORES MOBILIARIOS LTDA;1099;INTER DISTRIBUIDORA DE TITULOS E VALORES MOBILIARIOS LTDA
LWSA3;1;0,11%;109.000.741;Balcão;23/07/2026;08:46:14;Novo (0);Regular (1);1099;INTER DISTRIBUIDORA DE TITULOS E VALORES MOBILIARIOS LTDA;1099;INTER DISTRIBUIDORA DE TITULOS E VALORES MOBILIARIOS LTDA
CMIN3;325;42,73%;109.000.738;Balcão;23/07/2026;08:46:14;Novo (0);Regular (1);1099;INTER DISTRIBUIDORA DE TITULOS E VALORES MOBILIARIOS LTDA;1099;INTER DISTRIBUIDORA DE TITULOS E VALORES MOBILIARIOS LTDA
CMIN3;100;42,73%;109.000.739;Balcão;23/07/2026;08:46:14;Novo (0);Regular (1);1099;INTER DISTRIBUIDORA DE TITULOS E VALORES MOBILIARIOS LTDA;1099;INTER DISTRIBUIDORA DE TITULOS E VALORES MOBILIARIOS LTDA
JHSF3;10;2,44%;109.000.740;Balcão;23/07/2026;08:46:14;Novo (0);Regular (1);1099;INTER DISTRIBUIDORA DE TITULOS E VALORES MOBILIARIOS LTDA;1099;INTER DISTRIBUIDORA DE TITULOS E VALORES MOBILIARIOS LTDA
CMIN3;14;42,73%;109.000.736;Balcão;23/07/2026;08:46:14;Novo (0);Regular (1);1099;INTER DISTRIBUIDORA DE TITULOS E VALORES MOBILIARIOS LTDA;1099;INTER DISTRIBUIDORA DE TITULOS E VALORES MOBILIARIOS LTDA
BBSE3;10;0,88%;109.000.734;Balcão;23/07/2026;08:46:14;Novo (0);Regular (1);1099;INTER DISTRIBUIDORA DE TITULOS E VALORES MOBILIARIOS LTDA;1099;INTER DISTRIBUIDORA DE TITULOS E VALORES MOBILIARIOS LTDA
CMIN3;24;42,73%;109.000.737;Balcão;23/07/2026;08:46:14;Novo (0);Regular (1);1099;INTER DISTRIBUIDORA DE TITULOS E VALORES MOBILIARIOS LTDA;1099;INTER DISTRIBUIDORA DE TITULOS E VALORES MOBILIARIOS LTDA
CMIN3;94;42,73%;109.000.735;Balcão;23/07/2026;08:46:14;Novo (0);Regular (1);1099;INTER DISTRIBUIDORA DE TITULOS E VALORES MOBILIARIOS LTDA;1099;INTER DISTRIBUIDORA DE TITULOS E VALORES MOBILIARIOS LTDA
CMIN3;106;42,73%;109.000.733;Balcão;23/07/2026;08:46:14;Novo (0);Regular (1);1099;INTER DISTRIBUIDORA DE TITULOS E VALORES MOBILIARIOS LTDA;1099;INTER DISTRIBUIDORA DE TITULOS E VALORES MOBILIARIOS LTDA
CMIN3;94;42,73%;109.000.732;Balcão;23/07/2026;08:46:14;Novo (0);Regular (1);1099;INTER DISTRIBUIDORA DE TITULOS E VALORES MOBILIARIOS LTDA;1099;INTER DISTRIBUIDORA DE TITULOS E VALORES MOBILIARIOS LTDA
CMIN3;34;42,73%;109.000.731;Balcão;23/07/2026;08:46:14;Novo (0);Regular (1);1099;INTER DISTRIBUIDORA DE TITULOS E VALORES MOBILIARIOS LTDA;1099;INTER DISTRIBUIDORA DE TITULOS E VALORES MOBILIARIOS LTDA
CMIN3;227;42,73%;109.000.729;Balcão;23/07/2026;08:46:14;Novo (0);Regular (1);1099;INTER DISTRIBUIDORA DE TITULOS E VALORES MOBILIARIOS LTDA;1099;INTER DISTRIBUIDORA DE TITULOS E VALORES MOBILIARIOS LTDA
BBSE3;100;0,88%;109.000.730;Balcão;23/07/2026;08:46:14;Novo (0);Regular (1);1099;INTER DISTRIBUIDORA DE TITULOS E VALORES MOBILIARIOS LTDA;1099;INTER DISTRIBUIDORA DE TITULOS E VALORES MOBILIARIOS LTDA
ALOS3;39;0,06%;109.000.724;Balcão;23/07/2026;08:46:14;Novo (0);Regular (1);1099;INTER DISTRIBUIDORA DE TITULOS E VALORES MOBILIARIOS LTDA;1099;INTER DISTRIBUIDORA DE TITULOS E VALORES MOBILIARIOS LTDA
CMIN3;215;42,73%;109.000.727;Balcão;23/07/2026;08:46:14;Novo (0);Regular (1);1099;INTER DISTRIBUIDORA DE TITULOS E VALORES MOBILIARIOS LTDA;1099;INTER DISTRIBUIDORA DE TITULOS E VALORES MOBILIARIOS LTDA
BBDC4;50;0,02%;109.000.723;Balcão;23/07/2026;08:46:14;Novo (0);Regular (1);1099;INTER DISTRIBUIDORA DE TITULOS E VALORES MOBILIARIOS LTDA;1099;INTER DISTRIBUIDORA DE TITULOS E VALORES MOBILIARIOS LTDA
BBAS3;9;0,02%;109.000.722;Balcão;23/07/2026;08:46:14;Novo (0);Regular (1);1099;INTER DISTRIBUIDORA DE TITULOS E VALORES MOBILIARIOS LTDA;1099;INTER DISTRIBUIDORA DE TITULOS E VALORES MOBILIARIOS LTDA
ABEV3;1;2,88%;109.000.721;Balcão;23/07/2026;08:46:14;Novo (0);Regular (1);1099;INTER DISTRIBUIDORA DE TITULOS E VALORES MOBILIARIOS LTDA;1099;INTER DISTRIBUIDORA DE TITULOS E VALORES MOBILIARIOS LTDA
BBSE3;1;0,88%;109.000.728;Balcão;23/07/2026;08:46:14;Novo (0);Regular (1);1099;INTER DISTRIBUIDORA DE TITULOS E VALORES MOBILIARIOS LTDA;1099;INTER DISTRIBUIDORA DE TITULOS E VALORES MOBILIARIOS LTDA
CMIN3;376;42,73%;109.000.726;Balcão;23/07/2026;08:46:14;Novo (0);Regular (1);1099;INTER DISTRIBUIDORA DE TITULOS E VALORES MOBILIARIOS LTDA;1099;INTER DISTRIBUIDORA DE TITULOS E VALORES MOBILIARIOS LTDA
CMIN3;202;42,73%;109.000.725;Balcão;23/07/2026;08:46:14;Novo (0);Regular (1);1099;INTER DISTRIBUIDORA DE TITULOS E VALORES MOBILIARIOS LTDA;1099;INTER DISTRIBUIDORA DE TITULOS E VALORES MOBILIARIOS LTDA
LIGT3;67;18,80%;109.000.697;Balcão;23/07/2026;08:35:56;Novo (0);Regular (1);120;GENIAL INSTITUCIONAL CCTVM S/A;120;GENIAL INSTITUCIONAL CCTVM S/A
AZZA3;3;29,29%;109.000.691;Balcão;23/07/2026;08:35:26;Novo (0);Regular (1);85;BTG PACTUAL CTVM S/A;85;BTG PACTUAL CTVM S/A
AZZA3;582;29,29%;109.000.690;Balcão;23/07/2026;08:35:26;Novo (0);Regular (1);85;BTG PACTUAL CTVM S/A;85;BTG PACTUAL CTVM S/A
ALUG11;2.145;9,00%;109.000.694;Balcão;23/07/2026;08:35:25;Novo (0);Regular (1);85;BTG PACTUAL CTVM S/A;85;BTG PACTUAL CTVM S/A
AZZA3;30;29,29%;109.000.696;Balcão;23/07/2026;08:35:25;Novo (0);Regular (1);85;BTG PACTUAL CTVM S/A;85;BTG PACTUAL CTVM S/A
KLBN11;26.314;0,66%;109.000.693;Balcão;23/07/2026;08:35:25;Novo (0);Regular (1);85;BTG PACTUAL CTVM S/A;85;BTG PACTUAL CTVM S/A
AZZA3;47;29,29%;109.000.695;Balcão;23/07/2026;08:35:25;Novo (0);Regular (1);85;BTG PACTUAL CTVM S/A;85;BTG PACTUAL CTVM S/A
AZZA3;4.000;29,29%;109.000.692;Balcão;23/07/2026;08:35:25;Novo (0);Regular (1);85;BTG PACTUAL CTVM S/A;85;BTG PACTUAL CTVM S/A
ENEV3;1.328;0,09%;109.000.685;Balcão;23/07/2026;08:32:05;Novo (0);Regular (1);85;BTG PACTUAL CTVM S/A;85;BTG PACTUAL CTVM S/A
ITUB4;12;0,03%;109.000.677;Balcão;23/07/2026;08:32:04;Novo (0);Regular (1);85;BTG PACTUAL CTVM S/A;85;BTG PACTUAL CTVM S/A
SMAL11;1.070;9,92%;109.000.676;Balcão;23/07/2026;08:32:04;Novo (0);Regular (1);85;BTG PACTUAL CTVM S/A;85;BTG PACTUAL CTVM S/A
ROXO34;17;0,06%;109.000.674;Balcão;23/07/2026;08:32:04;Novo (0);Regular (1);85;BTG PACTUAL CTVM S/A;85;BTG PACTUAL CTVM S/A
WEGE3;3;0,03%;109.000.673;Balcão;23/07/2026;08:31:58;Novo (0);Regular (1);85;BTG PACTUAL CTVM S/A;85;BTG PACTUAL CTVM S/A
VBBR3;1.237;0,07%;109.000.680;Balcão;23/07/2026;08:31:57;Novo (0);Regular (1);85;BTG PACTUAL CTVM S/A;85;BTG PACTUAL CTVM S/A
MULT3;2;0,27%;109.000.683;Balcão;23/07/2026;08:31:57;Novo (0);Regular (1);85;BTG PACTUAL CTVM S/A;85;BTG PACTUAL CTVM S/A
AZZA3;99;29,29%;109.000.679;Balcão;23/07/2026;08:31:57;Novo (0);Regular (1);85;BTG PACTUAL CTVM S/A;85;BTG PACTUAL CTVM S/A
ITUB4;19;0,03%;109.000.681;Balcão;23/07/2026;08:31:57;Novo (0);Regular (1);85;BTG PACTUAL CTVM S/A;85;BTG PACTUAL CTVM S/A
MULT3;13;0,27%;109.000.684;Balcão;23/07/2026;08:31:57;Novo (0);Regular (1);85;BTG PACTUAL CTVM S/A;85;BTG PACTUAL CTVM S/A
WEGE3;24;0,03%;109.000.689;Balcão;23/07/2026;08:31:57;Novo (0);Regular (1);85;BTG PACTUAL CTVM S/A;85;BTG PACTUAL CTVM S/A
WEGE3;7;0,03%;109.000.682;Balcão;23/07/2026;08:31:57;Novo (0);Regular (1);85;BTG PACTUAL CTVM S/A;85;BTG PACTUAL CTVM S/A
MULT3;10;0,27%;109.000.686;Balcão;23/07/2026;08:31:57;Novo (0);Regular (1);85;BTG PACTUAL CTVM S/A;85;BTG PACTUAL CTVM S/A
WEGE3;86;0,03%;109.000.670;Balcão;23/07/2026;08:31:57;Novo (0);Regular (1);85;BTG PACTUAL CTVM S/A;85;BTG PACTUAL CTVM S/A
ROXO34;43;0,06%;109.000.671;Balcão;23/07/2026;08:31:57;Novo (0);Regular (1);85;BTG PACTUAL CTVM S/A;85;BTG PACTUAL CTVM S/A
ROXO34;18;0,06%;109.000.672;Balcão;23/07/2026;08:31:57;Novo (0);Regular (1);85;BTG PACTUAL CTVM S/A;85;BTG PACTUAL CTVM S/A
ITUB4;2;0,03%;109.000.665;Balcão;23/07/2026;08:31:57;Novo (0);Regular (1);85;BTG PACTUAL CTVM S/A;85;BTG PACTUAL CTVM S/A
ITUB4;553;0,03%;109.000.666;Balcão;23/07/2026;08:31:57;Novo (0);Regular (1);85;BTG PACTUAL CTVM S/A;85;BTG PACTUAL CTVM S/A
AZZA3;1.100;29,29%;109.000.675;Balcão;23/07/2026;08:31:57;Novo (0);Regular (1);85;BTG PACTUAL CTVM S/A;85;BTG PACTUAL CTVM S/A
AZZA3;252;29,29%;109.000.667;Balcão;23/07/2026;08:31:57;Novo (0);Regular (1);85;BTG PACTUAL CTVM S/A;85;BTG PACTUAL CTVM S/A
MULT3;37;0,27%;109.000.668;Balcão;23/07/2026;08:31:57;Novo (0);Regular (1);85;BTG PACTUAL CTVM S/A;85;BTG PACTUAL CTVM S/A
ITUB4;14;0,03%;109.000.687;Balcão;23/07/2026;08:31:56;Novo (0);Regular (1);85;BTG PACTUAL CTVM S/A;85;BTG PACTUAL CTVM S/A
VBBR3;412;0,07%;109.000.669;Balcão;23/07/2026;08:31:56;Novo (0);Regular (1);85;BTG PACTUAL CTVM S/A;85;BTG PACTUAL CTVM S/A
VIVA3;10;3,75%;109.000.661;Balcão;23/07/2026;08:29:46;Novo (0);Regular (1);85;BTG PACTUAL CTVM S/A;85;BTG PACTUAL CTVM S/A
PETR4;299;0,08%;109.000.664;Balcão;23/07/2026;08:29:45;Novo (0);Regular (1);85;BTG PACTUAL CTVM S/A;85;BTG PACTUAL CTVM S/A
SOLH11;736;7,95%;109.000.662;Balcão;23/07/2026;08:29:45;Novo (0);Regular (1);85;BTG PACTUAL CTVM S/A;85;BTG PACTUAL CTVM S/A
ITSA4;13.600;0,01%;109.000.663;Balcão;23/07/2026;08:29:45;Novo (0);Regular (1);85;BTG PACTUAL CTVM S/A;85;BTG PACTUAL CTVM S/A
SANB11;1.500;6,43%;109.000.658;Balcão;23/07/2026;08:29:45;Novo (0);Regular (1);85;BTG PACTUAL CTVM S/A;85;BTG PACTUAL CTVM S/A
DOLA11;374;0,15%;109.000.659;Balcão;23/07/2026;08:29:45;Novo (0);Regular (1);85;BTG PACTUAL CTVM S/A;85;BTG PACTUAL CTVM S/A
ALUG11;1.282;9,00%;109.000.654;Balcão;23/07/2026;08:29:45;Novo (0);Regular (1);85;BTG PACTUAL CTVM S/A;85;BTG PACTUAL CTVM S/A
KLBN11;561;0,66%;109.000.655;Balcão;23/07/2026;08:29:45;Novo (0);Regular (1);85;BTG PACTUAL CTVM S/A;85;BTG PACTUAL CTVM S/A
SMAL11;262;9,92%;109.000.657;Balcão;23/07/2026;08:29:45;Novo (0);Regular (1);85;BTG PACTUAL CTVM S/A;85;BTG PACTUAL CTVM S/A
KLBN11;200;0,66%;109.000.656;Balcão;23/07/2026;08:29:45;Novo (0);Regular (1);85;BTG PACTUAL CTVM S/A;85;BTG PACTUAL CTVM S/A
QBTC11;649;0,18%;109.000.652;Balcão;23/07/2026;08:29:45;Novo (0);Regular (1);85;BTG PACTUAL CTVM S/A;85;BTG PACTUAL CTVM S/A
VALE3;13.000;0,20%;109.000.651;Balcão;23/07/2026;08:29:45;Novo (0);Regular (1);85;BTG PACTUAL CTVM S/A;85;BTG PACTUAL CTVM S/A
ITSA4;17.400;0,01%;109.000.653;Balcão;23/07/2026;08:29:45;Novo (0);Regular (1);85;BTG PACTUAL CTVM S/A;85;BTG PACTUAL CTVM S/A
RENT3;766;0,30%;109.000.650;Balcão;23/07/2026;08:27:50;Novo (0);Regular (1);85;BTG PACTUAL CTVM S/A;23;NECTON INVESTIMENTOS - BTG PACTUAL CTVM S.A
RIAA3;1.616;0,14%;109.000.649;Balcão;23/07/2026;08:27:19;Novo (0);Regular (1);85;BTG PACTUAL CTVM S/A;23;NECTON INVESTIMENTOS - BTG PACTUAL CTVM S.A
PETR4;100;0,08%;109.000.648;Balcão;23/07/2026;08:19:38;Novo (0);Regular (1);120;GENIAL INSTITUCIONAL CCTVM S/A;120;GENIAL INSTITUCIONAL CCTVM S/A